error,month,year
368.2130286333075,2,2013
360.3272055230707,3,2013
315.964897925836,4,2013
503.8470482853209,5,2013
704.1427459433361,6,2013
748.3588814075597,7,2013
824.7092715530937,8,2013
740.2829550778232,9,2013
933.121808708957,10,2013
984.2828179882704,11,2013
704.014690757597,12,2013
540.0179947015098,1,2014
