error,month,year
235.7417094631109,4,2014
394.7544228213436,5,2014
554.7024083190747,6,2014
553.9798434132332,7,2014
645.1070232730078,8,2014
433.4259713366271,9,2014
542.7481398443564,10,2014
531.1548818971518,11,2014
404.2311054324673,12,2014
175.26400991419678,1,2015
144.02431723602376,2,2015
89.46110296639256,3,2015
