error,month,year
450.20369651315735,8,2007
483.10075910711316,9,2007
497.31992063734896,10,2007
464.3056094572065,11,2007
541.6448114795942,12,2007
307.14159024752325,1,2008
107.06843794063984,2,2008
137.2565699951573,3,2008
47.42751236800734,4,2008
378.4437667272998,5,2008
551.9643450002716,6,2008
486.7864838006867,7,2008
