error,month,year
289.8328320308701,4,2012
501.76785010689713,5,2012
721.5900077669697,6,2012
750.1364788154368,7,2012
805.9411634845565,8,2012
684.1583375221624,9,2012
846.7930618619008,10,2012
831.1715497008811,11,2012
576.6089989545924,12,2012
418.03661375029816,1,2013
313.52611202625167,2,2013
308.4164687999947,3,2013
