error,month,year
617.3681499334998,9,2010
777.421979553214,10,2010
751.4860947128343,11,2010
589.5430976888532,12,2010
432.97541215196907,1,2011
333.8154613250666,2,2011
306.01479517735464,3,2011
240.4344039169855,4,2011
437.3340134283269,5,2011
634.5860088657648,6,2011
668.0794558779708,7,2011
758.4069314447843,8,2011
