error,month,year
300.9445247450523,4,2016
556.3910065859866,5,2016
715.3862719679347,6,2016
713.331160055659,7,2016
692.4545366837707,8,2016
604.6945168290317,9,2016
727.7287828166573,10,2016
778.1806540630716,11,2016
603.4749662982988,12,2016
483.1861494329976,1,2017
378.63609359009496,2,2017
393.48729657656366,3,2017
