error,month,year
752.0062192160649,11,2012
592.4365273225764,12,2012
536.2997237372674,1,2013
184.1678804840161,2,2013
73.4324663342046,3,2013
114.39391012877809,4,2013
76.2324871184984,5,2013
26.086578083562358,6,2013
458.993951445073,7,2013
462.66076990826355,8,2013
263.7727282921396,9,2013
107.49596062061664,10,2013
