error,month,year
886.5056162514371,10,2009
772.4258735631911,11,2009
615.6531076108378,12,2009
469.3069581911183,1,2010
337.5102006541653,2,2010
343.6917650721652,3,2010
305.9840712166465,4,2010
514.3591184289518,5,2010
741.1487466102124,6,2010
721.020567192359,7,2010
758.1532373660715,8,2010
619.9699007203095,9,2010
