error,month,year
37.27340016437887,4,2011
309.2667607493885,5,2011
385.9443138437879,6,2011
292.983353199824,7,2011
7.080542841968736,8,2011
248.62177991444753,9,2011
359.5112238437097,10,2011
40.94909468815581,11,2011
238.832309610327,12,2011
265.83117703515364,1,2012
169.1390900496457,2,2012
166.9300900506321,3,2012
