error,month,year
517.961190280914,9,2007
535.1966686481381,10,2007
505.06987232423035,11,2007
585.289109148353,12,2007
363.52431523049796,1,2008
168.2345743537297,2,2008
196.55082024099158,3,2008
105.23902600657836,4,2008
438.9318383136952,5,2008
610.9902172260801,6,2008
545.720108771864,7,2008
496.2539655471248,8,2008
