error,month,year
473.97371665702383,5,2014
681.4225404935994,6,2014
779.6075986354816,7,2014
851.7476516709711,8,2014
752.3318451979468,9,2014
921.4119353655092,10,2014
963.9958008569624,11,2014
664.4636876028072,12,2014
490.5821863747077,1,2015
361.4477472947284,2,2015
316.18358284949164,3,2015
275.5713459216957,4,2015
