error,month,year
272.1929992715852,6,2009
346.4211999813908,7,2009
253.57412484534564,8,2009
155.21913645536563,9,2009
313.28651913459976,10,2009
46.006374047121994,11,2009
14.00378199346278,12,2009
118.06095345132246,1,2010
47.666916785323394,2,2010
15.471701956716004,3,2010
123.55715958736226,4,2010
330.3309780180367,5,2010
