error,month,year
762.7148150382468,7,2014
833.6093762536885,8,2014
725.6766548690002,9,2014
904.2954411503276,10,2014
945.0403260954216,11,2014
645.1149442480802,12,2014
467.9834087075399,1,2015
338.6697381119014,2,2015
299.03458069956343,3,2015
257.8713210553268,4,2015
413.06638035662803,5,2015
603.6150841050601,6,2015
