error,month,year
494.67033647459397,1,2013
142.59714547040033,2,2013
30.949657202519745,3,2013
74.68195756808319,4,2013
107.88766834318551,5,2013
57.170044270013705,6,2013
423.9231636076163,7,2013
421.60318221112516,8,2013
221.99916111242248,9,2013
50.9811072726593,10,2013
4.468367139783595,11,2013
161.50774772633872,12,2013
