error,month,year
661.2599367066177,9,2015
770.7197731857857,10,2015
839.4046939789405,11,2015
557.5445185262674,12,2015
418.9478677670692,1,2016
298.1971870610394,2,2016
244.85578291848626,3,2016
199.5525910837041,4,2016
381.96747204136636,5,2016
556.4151419195061,6,2016
673.1623896551989,7,2016
777.6987829350145,8,2016
