error,month,year
576.593393732741,12,2014
387.67799760580004,1,2015
255.7032699539712,2,2015
220.36584891676185,3,2015
181.7950184999649,4,2015
335.17141852891393,5,2015
523.8572946158693,6,2015
623.4840304395984,7,2015
685.3584067905414,8,2015
612.3082801735865,9,2015
772.6526859913728,10,2015
812.2371991749768,11,2015
