error,month,year
164.3391476181148,12,2007
30.791706079481344,1,2008
188.19036368990467,2,2008
221.94797229689703,3,2008
373.3359005991257,4,2008
73.16810547698537,5,2008
206.88337325435532,6,2008
425.55766993714167,7,2008
648.6871617614448,8,2008
118.35009235022426,9,2008
732.3114835445873,10,2008
251.72456524826725,11,2008
