error,month,year
695.0250296784367,7,2012
749.6419850829707,8,2012
618.301163667529,9,2012
792.6064516176963,10,2012
775.8464466139475,11,2012
521.325038343188,12,2012
354.0858832701042,1,2013
249.04116134883384,2,2013
245.01415013663564,3,2013
210.0360051148821,4,2013
388.5128268697617,5,2013
589.7238814762318,6,2013
