error,month,year
594.1796955994981,5,2016
766.8737184469618,6,2016
874.4044827192847,7,2016
970.068762334402,8,2016
923.5318990765504,9,2016
1114.934686372574,10,2016
1492.0416264826044,11,2016
953.2219647905863,12,2016
661.9812755707197,1,2017
489.61868898289214,2,2017
473.3775133608577,3,2017
431.2336234291433,4,2017
