error,month,year
1283.2675294237376,10,2015
4012.0973658763487,11,2015
1923.0325491271549,12,2015
573.5801925230202,1,2016
61.24219405355882,2,2016
43.5818560729075,3,2016
103.66687754197801,4,2016
364.41692873879606,5,2016
523.2283592988653,6,2016
527.385188961357,7,2016
514.60060053926,8,2016
447.8539633146663,9,2016
