error,month,year
821.4396861173045,7,2016
915.9477354095427,8,2016
870.8222302626206,9,2016
1062.436051771122,10,2016
1443.7571229621271,11,2016
905.3817207918423,12,2016
613.4015800252689,1,2017
440.86943187084097,2,2017
416.9094608693821,3,2017
369.71152482880717,4,2017
545.0951154176498,5,2017
704.1605046046483,6,2017
