error,month,year
348.82531185839883,3,2014
310.43395147552275,4,2014
480.5731170806434,5,2014
686.4645266135523,6,2014
785.1314354018849,7,2014
857.9904644266466,8,2014
759.0384834460715,9,2014
929.0835114591524,10,2014
968.4212030233548,11,2014
671.0596180957258,12,2014
497.92865420584985,1,2015
368.6278182394619,2,2015
