error,month,year
842.0718337515921,12,2016
553.8208502721225,1,2017
382.6501744922276,2,2017
363.91673121941216,3,2017
316.32691952706864,4,2017
455.9791748446794,5,2017
613.1120958743071,6,2017
723.7434765295609,7,2017
822.1434478698449,8,2017
770.9496174230627,9,2017
973.2159365861644,10,2017
1310.2861602387554,11,2017
