error,month,year
321.7472892096541,4,2013
502.2334465454772,5,2013
702.4635451089729,6,2013
749.7283921322186,7,2013
829.9276620428122,8,2013
736.8029621767554,9,2013
945.9709398358588,10,2013
991.8503921350639,11,2013
711.2728812248711,12,2013
541.5612077703679,1,2014
398.025669602022,2,2014
371.0178744197848,3,2014
