error,month,year
372.2681248403363,8,2013
177.36960024214727,9,2013
5.355311837640329,10,2013
58.52671038026767,11,2013
218.4750273720838,12,2013
349.27468476445813,1,2014
257.99852268343597,2,2014
252.8287547587953,3,2014
257.2370720146002,4,2014
425.8508769583523,5,2014
584.9732783615492,6,2014
578.8984551629326,7,2014
