error,month,year
694.6582289637565,9,2014
875.089438116129,10,2014
907.9261657644045,11,2014
610.4327133431588,12,2014
425.15216597692637,1,2015
296.86680536212725,2,2015
265.54887056261646,3,2015
227.6850287514661,4,2015
375.9122807904328,5,2015
563.47435025689,6,2015
663.4610523971596,7,2015
726.5033036539313,8,2015
