error,month,year
610.6304642239234,12,2009
461.9042023557493,1,2010
330.2458344519774,2,2010
333.63059122200605,3,2010
298.8255534330233,4,2010
515.2624754846372,5,2010
743.3206288342521,6,2010
722.9750620011847,7,2010
757.4131770084613,8,2010
628.5211215439073,9,2010
829.2346354893916,10,2010
784.3236357662987,11,2010
