error,month,year
254.10548733247686,8,2010
581.6910478191978,9,2010
410.3965458289182,10,2010
338.37648574499156,11,2010
10.732026772007202,12,2010
63.56478122529063,1,2011
52.2525128134788,2,2011
58.601217341621464,3,2011
74.75793419100484,4,2011
340.6405223191005,5,2011
420.2840548145889,6,2011
329.5291571282319,7,2011
