error,month,year
560.6318500665002,9,2010
435.578020446786,10,2010
338.5139052871657,11,2010
15.456902311146791,12,2010
58.02458784803093,1,2011
56.81546132506662,2,2011
46.01479517735464,3,2011
92.5655960830145,4,2011
336.6659865716731,5,2011
419.4139911342352,6,2011
331.92054412202924,7,2011
57.59306855521572,8,2011
