error,month,year
4024.401938035169,11,2015
1924.2072822685627,12,2015
555.6296009276045,1,2016
29.995685011165165,2,2016
20.175923308081906,3,2016
122.66413610423501,4,2016
390.53711439143234,5,2016
545.075798238311,6,2016
541.5295343575239,7,2016
525.7914068525407,8,2016
471.50341563219877,9,2016
578.148125069285,10,2016
