error,month,year
274.55099954623176,12,2011
306.803750664129,1,2012
206.5977596936644,2,2012
200.36148409149598,3,2012
165.76756500949415,4,2012
417.2106563819916,5,2012
559.9225773241893,6,2012
377.0921810865193,7,2012
192.7129313492693,8,2012
39.2853544578079,9,2012
254.69197678693706,10,2012
683.0659547470048,11,2012
