error,month,year
344.8955025396982,10,2012
765.4138812367568,11,2012
604.0736647961251,12,2012
550.8905246650056,1,2013
197.0564268376778,2,2013
79.44497829682757,3,2013
116.31416683783999,4,2013
60.94321920856589,5,2013
9.159739578035328,6,2013
471.9595215716862,7,2013
471.16274061457807,8,2013
288.5763996136852,9,2013
