error,month,year
640.4399879110796,5,2008
818.1356730883992,6,2008
754.4034764565196,7,2008
702.7986167498757,8,2008
751.1335609111537,9,2008
746.1075598026034,10,2008
784.1833100153941,11,2008
655.1167749732904,12,2008
589.1658243676483,1,2009
454.20144915474236,2,2009
486.3945700752565,3,2009
450.8565259968672,4,2009
