error,month,year
316.20088114976244,5,2015
504.5206253431736,6,2015
610.3699725545553,7,2015
675.5031950581066,8,2015
581.6376601770429,9,2015
767.961397468162,10,2015
800.0565675321398,11,2015
514.0112034421963,12,2015
349.65849984473783,1,2016
221.54719877712583,2,2016
198.50182311436748,3,2016
164.01393805759918,4,2016
