error,month,year
867.3133435758573,8,2011
818.6351757758503,9,2011
973.1566613908062,10,2011
916.6945333661827,11,2011
691.5334539581079,12,2011
555.9496478978372,1,2012
440.20403375997114,2,2012
419.6795861235519,3,2012
380.0629775761047,4,2012
598.7909852305679,5,2012
818.8522833283424,6,2012
841.2482671504707,7,2012
