error,month,year
125.02084437219821,6,2007
23.21522992699238,7,2007
183.18338793421339,8,2007
211.16178585309916,9,2007
172.8032971290802,10,2007
311.309578362248,11,2007
104.1535571074445,12,2007
126.47261864187266,1,2008
285.8533989684259,2,2008
316.70481955212176,3,2008
467.4927774661717,4,2008
166.9465143480977,5,2008
