error,month,year
304.8400185179719,4,2010
511.8271139291444,5,2010
745.5008715184822,6,2010
733.766874614593,7,2010
775.4397972638898,8,2010
619.8459315018688,9,2010
853.5839034273342,10,2010
789.1990755071953,11,2010
628.9763592019146,12,2010
456.5386337759343,1,2011
356.73397211688746,2,2011
355.30444266663505,3,2011
