error,month,year
3457.543130174714,1,2007
5160.782004591588,2,2007
3898.795710346844,3,2007
10277.398222434862,4,2007
815.9474534329906,5,2007
8349.917244026325,6,2007
2719.870272651002,7,2007
9243.67395557097,8,2007
4273.974888664756,9,2007
7748.654803939826,10,2007
1021.9028361471944,11,2007
13130.47896626125,12,2007
