error,month,year
623.9609251848889,8,2015
912.5775544969733,9,2015
1305.4501043045293,10,2015
4052.869256092731,11,2015
1974.2688355863997,12,2015
640.6135968143658,1,2016
133.0866647790569,2,2016
105.13601300362575,3,2016
45.37534160095058,4,2016
305.35792856020447,5,2016
467.30674694110667,6,2016
474.4480326581503,7,2016
