error,month,year
177.5735137017922,3,2008
333.56226816407496,4,2008
23.44007292874221,5,2008
156.9858119465639,6,2008
378.4171792848906,7,2008
603.6449538302501,8,2008
164.81948517845922,9,2008
684.3186285014154,10,2008
203.7582845029981,11,2008
96.16327237734879,12,2008
142.29922113201638,1,2009
129.60581714392373,2,2009
