error,month,year
226.9017288069591,8,2009
121.91470886807781,9,2009
289.8874143534483,10,2009
17.50181593070954,11,2009
3.512064532568502,12,2009
96.93045679968532,1,2010
66.78547780976118,2,2010
18.5428310162323,3,2010
109.64144930541886,4,2010
303.48296009573573,5,2010
425.72371718341196,6,2010
145.34329337051634,7,2010
