error,month,year
848.9017288069591,8,2009
669.9147088680778,9,2009
933.8874143534483,10,2009
810.5018159307095,11,2009
654.4879354674315,12,2009
514.9304567996853,1,2010
383.2145221902388,2,2010
396.4571689837677,3,2010
355.64144930541886,4,2010
562.4829600957357,5,2010
793.723717183412,6,2010
772.3432933705163,7,2010
