error,month,year
481.6560582565516,1,2010
349.7877202929444,2,2010
359.41234438539584,3,2010
323.59434411786447,4,2010
533.7963125761637,5,2010
762.8581681420816,6,2010
742.3945294235698,7,2010
778.9702460156484,8,2010
634.2554096835482,9,2010
855.6105335769831,10,2010
803.8565370936245,11,2010
645.9950502625269,12,2010
