error,month,year
225.10873076111437,4,2009
403.7192152267488,5,2009
323.0249854569679,6,2009
394.0565206974808,7,2009
298.2598388345599,8,2009
209.50645603305827,9,2009
354.5127315384585,10,2009
97.04015943316051,11,2009
65.45240325169118,12,2009
184.0791708391704,1,2010
20.08825739076582,2,2010
49.639731857840786,3,2010
