error,month,year
108.78697136669251,2,2013
11.327205523070688,3,2013
29.035102074164,4,2013
142.8470482853209,5,2013
90.14274594333608,6,2013
389.6411185924403,7,2013
384.2907284469063,8,2013
196.7170449221768,9,2013
6.878191291042981,10,2013
44.28281798827038,11,2013
204.014690757597,12,2013
333.0179947015098,1,2014
