error,month,year
254.36713891516774,7,2015
609.3008810404463,8,2015
924.306034837396,9,2015
1288.9412246468796,10,2015
4048.6039492141254,11,2015
1970.6004509786799,12,2015
642.8934234039091,1,2016
138.53098300980957,2,2016
100.26540650130073,3,2016
54.58612524446502,4,2016
306.2055427198215,5,2016
469.30044140040286,6,2016
