error,month,year
524.5881700890851,6,2014
524.7837680523407,7,2014
617.156741488835,8,2014
410.3164686720256,9,2014
516.4378656722071,10,2014
498.2839680797804,11,2014
377.5167317850378,12,2014
144.92164981962128,1,2015
113.79012471185717,2,2015
60.218053052357334,3,2015
44.601122004205365,4,2015
139.25958755976058,5,2015
