error,month,year
827.3076048618276,10,2010
796.8630263600102,11,2010
638.8003026941492,12,2010
488.74176202579787,1,2011
389.9766689097876,2,2011
367.07401662268023,3,2011
302.1247863240897,4,2011
490.5808943906656,5,2011
689.7559796761083,6,2011
724.8463620299417,7,2011
820.7364670756534,8,2011
792.8655311077705,9,2011
