error,month,year
619.4745260890337,9,2009
878.9823116221199,10,2009
763.5714021373548,11,2009
601.0511826666223,12,2009
454.6905069598735,1,2010
324.43663462546124,2,2010
326.06148882226717,3,2010
298.2422079028963,4,2010
505.3653150980583,5,2010
727.0244270835361,6,2010
715.4569012656026,7,2010
752.6394574432129,8,2010
