error,month,year
245.12905577943644,2,2015
214.54216437010442,3,2015
176.99729425651356,4,2015
324.16491375106386,5,2015
511.77915884641004,6,2015
613.6101724655614,7,2015
676.6655905799131,8,2015
593.4241462958395,9,2015
766.5621640755845,10,2015
802.6718577416327,11,2015
517.996245514159,12,2015
358.8193367055508,1,2016
