error,month,year
168.13325827426127,9,2013
13.915067567002438,10,2013
68.88898989083327,11,2013
228.06442988587708,12,2013
360.66812833850463,1,2014
269.37939731294944,2,2014
263.33294458250333,3,2014
266.3047444191448,4,2014
437.5912182730167,5,2014
597.8551458010165,6,2014
591.6048516881492,7,2014
681.5751021182173,8,2014
