error,month,year
592.9910916230232,12,2012
440.58246165458206,1,2013
330.7478472622127,2,2013
306.1377631681205,3,2013
255.10609959572884,4,2013
470.41653920819886,5,2013
675.1494876661956,6,2013
713.0932889103436,7,2013
779.722642505523,8,2013
721.569663266229,9,2013
866.5171716937746,10,2013
926.8307501679919,11,2013
