error,month,year
315.7417094631109,4,2014
486.7544228213436,5,2014
694.7024083190747,6,2014
790.9798434132332,7,2014
861.1070232730078,8,2014
752.4259713366271,9,2014
929.7481398443564,10,2014
978.1548818971518,11,2014
675.2311054324673,12,2014
503.2640099141968,1,2015
375.02431723602376,2,2015
332.46110296639256,3,2015
