error,month,year
1051.0748432264786,10,2016
1389.2750831249896,11,2016
879.4822424641278,12,2016
588.7838703589263,1,2017
413.2140077108282,2,2017
385.5213604994863,3,2017
337.6999628765612,4,2017
484.20441890756086,5,2017
643.5723817483989,6,2017
755.9088539618398,7,2017
858.8985796357142,8,2017
822.5403902883353,9,2017
