error,month,year
470.34556609028135,1,2012
354.7637499764034,2,2012
349.6693013709353,3,2012
307.91441631097933,4,2012
518.3366657761703,5,2012
738.4527940672031,6,2012
762.2198339873728,7,2012
817.2414208679631,8,2012
684.3872800611855,9,2012
860.3957639235698,10,2012
844.0881548904131,11,2012
589.3859369621057,12,2012
