error,month,year
340.95663389706203,6,2010
63.37380381110518,7,2010
258.10563980475285,8,2010
599.810112344477,9,2010
407.1880292495888,10,2010
340.70634866007833,11,2010
12.973762874704335,12,2010
76.07831831072639,1,2011
40.33403111144571,2,2011
52.34766628149555,3,2011
81.43916830724152,4,2011
349.07337063678983,5,2011
