error,month,year
325.71361444432085,2,2010
338.3909305887446,3,2010
304.68075940688504,4,2010
508.13146962908513,5,2010
736.3057189309676,6,2010
720.5046190776416,7,2010
759.7100345960022,8,2010
608.1576670152576,9,2010
837.937187943117,10,2010
779.8405134787282,11,2010
623.5913488233386,12,2010
456.0867341745603,1,2011
