error,month,year
57.75447787265898,11,2008
53.319700107584254,12,2008
348.98354624437593,1,2009
338.3216949388458,2,2009
380.88905795241726,3,2009
342.42140205463124,4,2009
513.4068512460309,5,2009
425.34373887997424,6,2009
490.37274887796343,7,2009
392.9270727886908,8,2009
308.67765370953157,9,2009
450.46129554969093,10,2009
