error,month,year
833.2697835295867,9,2016
1037.3516223835363,10,2016
1373.8523100026566,11,2016
867.9267053192868,12,2016
578.7825026154213,1,2017
405.32331867136367,2,2017
381.79718301770106,3,2017
333.46216254806234,4,2017
479.01464268415367,5,2017
637.2042830937551,6,2017
748.1086765072478,7,2017
850.2194372980633,8,2017
