error,month,year
112.83283203087012,4,2012
359.76785010689713,5,2012
501.59000776696973,6,2012
322.1364788154368,7,2012
139.94116348455645,8,2012
12.841662477837644,9,2012
305.2069381380992,10,2012
737.8284502991189,11,2012
572.3910010454076,12,2012
517.9633862497019,1,2013
163.47388797374833,2,2013
40.583531200005325,3,2013
