error,month,year
323.4264862982078,3,2008
227.43773183592504,4,2008
571.5599270712578,5,2008
743.0141880534361,6,2008
675.5828207151094,7,2008
624.3550461697499,8,2008
672.8194851784592,9,2008
670.6813714985846,10,2008
710.2417154970019,11,2008
583.8367276226512,12,2008
496.2992211320164,1,2009
354.60581714392373,2,2009
