error,month,year
474.81431219130025,6,2012
291.4917320842003,7,2012
108.87203900233294,8,2012
50.71754392772641,9,2012
334.131820869949,10,2012
765.3893368441894,11,2012
603.5474839590604,12,2012
556.0873951491259,1,2013
202.68592907486095,2,2013
80.24383548275893,3,2013
111.43889341432572,4,2013
59.152349591954646,5,2013
