error,month,year
406.4494719918699,7,2013
397.06999456755887,8,2013
222.9418375464502,9,2013
13.616483406882367,10,2013
30.085617308046267,11,2013
189.61340594712192,12,2013
313.5262216878026,1,2014
218.045533095694,2,2014
221.34366741240387,3,2014
235.17848450964794,4,2014
386.37695652532136,5,2014
544.4366217794349,6,2014
