error,month,year
441.32966352540603,1,2013
334.40285452959967,2,2013
318.05034279748025,3,2013
270.3180424319168,4,2013
468.8876683431855,5,2013
671.1700442700137,6,2013
714.0768363923837,7,2013
787.3968177888748,8,2013
715.0008388875775,9,2013
889.0188927273407,10,2013
944.4683671397836,11,2013
661.5077477263387,12,2013
