error,month,year
68.9793880444447,12,2008
366.1783921897812,1,2009
358.5394153727841,2,2009
396.6013091649771,3,2009
367.4925229908554,4,2009
528.3674116902793,5,2009
439.41761237716855,6,2009
513.0112681519431,7,2009
419.58869174305823,8,2009
320.9625725082616,9,2009
476.872534873874,10,2009
215.17160916471926,11,2009
