error,month,year
33.18814685188232,3,2015
42.18009471374177,4,2015
242.25835579095053,5,2015
120.2708889039759,6,2015
269.9011771914883,7,2015
619.1922086719907,8,2015
965.1497983982379,9,2015
1293.2614464420521,10,2015
4068.5909532453124,11,2015
1988.5951573339175,12,2015
672.6719801108624,1,2016
170.896706709937,2,2016
