error,month,year
56.58139398633597,1,2015
19.763401035262802,2,2015
19.023402699669617,3,2015
28.2559719593757,4,2015
228.34416195959733,5,2015
106.15178568389433,6,2015
256.18789781855673,7,2015
605.5929614495035,8,2015
952.3630165375233,9,2015
1279.6505073824312,10,2015
4054.503488966692,11,2015
1975.282289817943,12,2015
