error,month,year
110.81800096739136,2,2011
122.04776518492235,3,2011
9.318775279458237,4,2011
280.0085108755065,5,2011
346.2133063607097,6,2011
246.22032479899917,7,2011
45.47604778819607,8,2011
284.5870289122878,9,2011
414.2781327889037,10,2011
82.10589293684916,11,2011
275.7343951607123,12,2011
303.21168666963473,1,2012
