error,month,year
433.1087307611144,4,2009
690.7192152267488,5,2009
907.0249854569679,6,2009
907.0565206974808,7,2009
920.2598388345599,8,2009
757.5064560330583,9,2009
998.5127315384585,10,2009
890.0401594331605,11,2009
723.4524032516912,12,2009
602.0791708391704,1,2010
470.0882573907658,2,2010
464.6397318578408,3,2010
