error,month,year
47.369535776076646,12,2009
43.904202355749305,1,2010
119.75416554802263,2,2010
81.36940877799395,3,2010
52.82555343302329,4,2010
256.2624754846372,5,2010
375.32062883425215,6,2010
95.97506200118471,7,2010
228.58682299153872,8,2010
549.4788784560927,9,2010
383.7653645106084,10,2010
305.6763642337013,11,2010
