error,month,year
887.0970804559984,11,2014
587.7982042441512,12,2014
401.8757453342112,1,2015
271.98343876833405,2,2015
239.31999184929538,3,2015
202.004933597594,4,2015
350.4221750164715,5,2015
537.0797060655616,6,2015
636.7231089956845,7,2015
698.5806632082953,8,2015
621.6645575763978,9,2015
787.3617287075356,10,2015
