error,month,year
284.635765865255,5,2011
356.6425282543727,6,2011
259.0679932896593,7,2011
29.765868225558506,8,2011
292.7305870938429,9,2011
395.7082415399034,10,2011
76.59265001998165,11,2011
270.0045094876723,12,2011
299.3791815255353,1,2012
200.2629208243498,2,2012
194.35135604340536,3,2012
157.05224613183657,4,2012
