error,month,year
291.902089685531,2,2009
318.7468449067918,3,2009
284.46286141821366,4,2009
464.29670203264027,5,2009
379.9463783291163,6,2009
445.4968413122824,7,2009
346.7707424034038,8,2009
262.91657879367904,9,2009
399.92893440504554,10,2009
147.9118405118677,11,2009
118.57830278348695,12,2009
257.9459057546337,1,2010
