error,month,year
54.87654041351175,6,2013
420.1964929966879,7,2013
410.4678982481204,8,2013
237.5545731628073,9,2013
26.19453106645767,10,2013
14.575476596504018,11,2013
175.28633553180532,12,2013
294.1613835353674,1,2014
200.37535369347194,2,2014
204.50341725090993,3,2014
219.80355190033868,4,2014
367.1602765075632,5,2014
