error,month,year
286.83005665880023,9,2008
559.3687722297842,10,2008
77.81465658787079,11,2008
27.387480021132774,12,2008
305.1174999861912,1,2009
295.5293942396074,2,2009
338.8676374103842,3,2009
301.36542855311086,4,2009
479.63612399650754,5,2009
393.1027239487379,6,2009
455.7715126659007,7,2009
355.5252064587387,8,2009
