error,month,year
237.0940933509823,2,2014
233.72837887579902,3,2014
244.8271341380966,4,2014
401.3650925576091,5,2014
559.2919244449396,6,2014
560.8040498557252,7,2014
654.2514111650604,8,2014
447.5046171380054,9,2014
554.4272706860828,10,2014
536.22031193601,11,2014
414.5896026071556,12,2014
186.21321272973728,1,2015
