error,month,year
387.81800096739136,2,2011
382.04776518492235,3,2011
323.68122472054176,4,2011
493.9914891244935,5,2011
707.7866936392903,6,2011
753.7796752010008,7,2011
861.4760477881961,8,2011
773.5870289122878,9,2011
972.2781327889037,10,2011
890.1058929368492,11,2011
663.7343951607123,12,2011
511.21168666963473,1,2012
