error,month,year
816.9937807839351,11,2012
556.5634726774236,12,2012
399.70027626273264,1,2013
292.8321195159839,2,2013
275.5675336657954,3,2013
230.6060898712219,4,2013
437.2324871184984,5,2013
640.0865780835624,6,2013
679.006048554927,7,2013
746.3392300917365,8,2013
673.2272717078604,9,2013
832.5040393793834,10,2013
