error,month,year
218.82531185839883,3,2014
230.43395147552275,4,2014
388.5731170806434,5,2014
546.4645266135523,6,2014
548.1314354018849,7,2014
641.9904644266466,8,2014
440.0384834460715,9,2014
542.0835114591524,10,2014
521.4212030233548,11,2014
400.0596180957258,12,2014
169.92865420584985,1,2015
137.62781823946187,2,2015
