error,month,year
169.80670783135918,2,2008
207.31627190555963,3,2008
355.4868397224134,4,2008
55.80933874916957,5,2008
192.74449837486895,6,2008
410.18024826963574,7,2008
631.8841091376415,8,2008
134.48921359035694,9,2008
715.5013020341019,10,2008
238.93290633169852,11,2008
130.4157415322311,12,2008
98.38241365957322,1,2009
