error,month,year
72.67764464012726,7,2010
248.15045423029414,8,2010
598.7136028699383,9,2010
395.3530427592739,10,2010
333.6437597091997,11,2010
6.188871710940816,12,2010
70.55743597815291,1,2011
44.82506989611164,2,2011
60.588685729645476,3,2011
73.0057319740688,4,2011
345.29889937809435,5,2011
418.2645883118803,6,2011
