error,month,year
175.0408093635947,4,2007
714.5462409388426,5,2007
790.0329701037176,6,2007
677.3021395099197,7,2007
528.3515085989503,8,2007
565.1726069660838,9,2007
582.0787857444726,10,2007
550.8460343950361,11,2007
627.6535432391929,12,2007
433.39341832186807,1,2008
229.1597356086717,2,2008
259.0918796285857,3,2008
