error,month,year
843.5980619648309,11,2015
579.7927177314373,12,2015
468.37039907239546,1,2016
364.00431498883484,2,2016
298.8240766919181,3,2016
248.664136104235,4,2016
436.53711439143234,5,2016
605.075798238311,6,2016
712.5295343575239,7,2016
813.7914068525407,8,2016
798.5034156321988,9,2016
976.148125069285,10,2016
