error,month,year
138.05229553490562,10,2007
276.2169132083807,11,2007
138.21213490549576,12,2007
68.85982340323477,1,2008
229.65307748660916,2,2008
263.3575317772208,3,2008
414.33571237673505,4,2008
114.09034850555986,5,2008
247.83608057736137,6,2008
467.41215733347883,7,2008
690.550737459255,8,2008
75.55976288292345,9,2008
