error,month,year
45.46776996186861,1,2011
161.31294610462248,2,2011
171.35760457852274,3,2011
41.487176105168146,4,2011
236.37081902912234,5,2011
313.3796282926007,6,2011
217.04360155705456,7,2011
69.84157797649004,8,2011
316.851859739798,9,2011
435.5566577445227,10,2011
110.15248764234798,11,2011
313.8078077380935,12,2011
