error,month,year
365.427862118705,7,2009
273.1460215515822,8,2009
154.39060598204742,9,2009
337.77299661803136,10,2009
60.875629668752254,11,2009
35.49792530863863,12,2009
143.0396550479279,1,2010
21.688697689289768,2,2010
24.764684509839867,3,2010
161.35069918235286,4,2010
351.76913084129865,5,2010
475.6027955793936,6,2010
