error,month,year
305.593393732741,12,2014
59.677997605800044,1,2015
24.703269953971187,2,2015
22.63415108323815,3,2015
36.2049815000351,4,2015
223.82858147108607,5,2015
101.14270538413075,6,2015
257.5159695604016,7,2015
610.6415932094586,8,2015
938.6917198264135,9,2015
1289.347314008627,10,2015
4055.762800825023,11,2015
