error,month,year
376.37116521760277,5,2009
293.2607075162956,6,2009
363.78440690143555,7,2009
268.2819312629048,8,2009
171.24248792189883,9,2009
327.66130098823623,10,2009
65.47485554268565,11,2009
35.07186059776859,12,2009
145.29603877412103,1,2010
19.961837404589403,2,2010
12.771129159613508,3,2010
152.00820239235168,4,2010
