error,month,year
871.9787139812654,10,2014
902.1605714077236,11,2014
601.7843983821117,12,2014
411.7544058420493,1,2015
279.66785649133624,2,2015
254.4178645709437,3,2015
218.49774893788629,4,2015
358.2331386581585,5,2015
546.6189867961094,6,2015
651.7265498330551,7,2015
717.7653686319318,8,2015
624.6878214883734,9,2015
