error,month,year
484.9787139812654,10,2014
455.16057140772364,11,2014
330.7843983821117,12,2014
83.75440584204932,1,2015
48.66785649133624,2,2015
11.417864570943692,3,2015
0.4977489378862856,4,2015
200.7668613418415,5,2015
78.38101320389057,6,2015
229.27345016694494,7,2015
578.2346313680682,8,2015
926.3121785116266,9,2015
