error,month,year
963.8822978047538,10,2011
886.5480707716582,11,2011
666.6288653975432,12,2011
514.127380888205,1,2012
398.97663167382484,2,2012
392.84917920574685,3,2012
351.4084717396052,4,2012
561.4956775572887,5,2012
782.0936679994769,6,2012
806.5167389947172,7,2012
862.8420865127738,8,2012
730.6348712199297,9,2012
