error,month,year
650.4396861173045,7,2016
627.9477354095427,8,2016
543.8222302626206,9,2016
664.436051771122,10,2016
724.7571229621271,11,2016
545.3817207918423,12,2016
423.4015800252689,1,2017
317.86943187084097,2,2017
323.9094608693821,3,2017
264.71152482880717,4,2017
433.0951154176498,5,2017
346.1605046046483,6,2017
