error,month,year
481.08979170567744,3,2016
450.16934427315493,4,2016
625.6295600653198,5,2016
803.9745641608442,6,2016
919.3587301573348,7,2016
1018.997619574982,8,2016
964.3930049704056,9,2016
1165.7404638803312,10,2016
1530.1217961947393,11,2016
999.2407014891048,12,2016
709.9866832677858,1,2017
536.5027144934671,2,2017
