error,month,year
251.41554154792072,7,2011
33.5404559070447,8,2011
320.9770732219607,9,2011
393.23827407402064,10,2011
91.7634472362613,11,2011
285.7405147932916,12,2011
331.8442233776167,1,2012
234.3210596043911,2,2012
220.74968747478135,3,2012
184.96754088794717,4,2012
440.4547233690264,5,2012
581.5992186096275,6,2012
