error,month,year
242.50561625143712,10,2009
20.57412643680891,11,2009
42.346892389162235,12,2009
51.306958191118326,1,2010
112.48979934583468,2,2010
71.3082349278348,3,2010
59.9840712166465,4,2010
255.35911842895177,5,2010
373.14874661021236,6,2010
94.02056719235895,7,2010
227.8467626339285,8,2010
558.0300992796905,9,2010
