error,month,year
95.43991519305735,2,2016
144.84290077797613,3,2016
305.21010316093833,4,2016
549.3325542988997,5,2016
711.7741880179901,6,2016
718.1553811601582,7,2016
702.2510325392444,8,2016
603.6114596551421,9,2016
740.3380570473455,10,2016
754.2894516798794,11,2016
602.4166117209006,12,2016
489.5252052818022,1,2017
