error,month,year
889.7400632933823,9,2015
1291.2802268142143,10,2015
4028.5953060210595,11,2015
1946.4554814737326,12,2015
605.0521322329307,1,2016
95.80281293896059,2,2016
74.14421708151374,3,2016
73.5525910837041,4,2016
335.96747204136636,5,2016
496.41514191950614,6,2016
502.1623896551989,7,2016
489.6987829350145,8,2016
