error,month,year
384.58139398633597,1,2015
250.7634010352628,2,2015
223.97659730033038,3,2015
189.7440280406243,4,2015
330.65583804040267,5,2015
518.8482143161057,6,2015
624.8121021814433,7,2015
690.4070385504965,8,2015
598.6369834624767,9,2015
782.3494926175688,10,2015
813.4965110333079,11,2015
528.7177101820571,12,2015
