error,month,year
332.45806104762164,1,2014
237.80996044323308,2,2014
244.30252421918,3,2014
260.23646638362214,4,2014
405.1327484934918,5,2014
564.5995568602693,6,2014
573.0298123408254,7,2014
669.8548545390605,8,2014
440.76775383207473,9,2014
574.7004714887199,10,2014
549.3650600174327,11,2014
423.3913587176546,12,2014
