error,month,year
303.21257736039183,4,2008
4.316324037879895,5,2008
130.273540842697,6,2008
350.32622605148606,7,2008
575.4149352561274,8,2008
191.59839462238233,9,2008
659.0003996301406,10,2008
180.0222746488057,11,2008
71.4391496793246,12,2008
180.73011868344577,1,2009
170.99611938212456,2,2009
206.57159040789253,3,2009
