error,month,year
92.91628053850093,11,2011
288.17493083310626,12,2011
316.3140620431518,1,2012
219.10112536286562,2,2012
223.0745958601775,3,2012
185.84979963717217,4,2012
433.03820451363833,5,2012
578.1359704134412,6,2012
394.8118930317653,7,2012
212.69630524871582,8,2012
47.53694026957669,9,2012
230.36551262440844,10,2012
