error,month,year
745.8987902161598,6,2016
845.3676892531965,7,2016
937.4717706642008,8,2016
897.2329400433302,9,2016
1081.6963873883478,10,2016
1476.7228849833432,11,2016
926.4370387612204,12,2016
634.1221859434825,1,2017
463.60635612707847,2,2017
446.06830534939934,3,2017
400.57169091369576,4,2017
587.7404551697553,5,2017
