error,month,year
151.15565796019268,3,2012
115.23676141066414,4,2012
363.8564143069417,5,2012
507.1614181170777,6,2012
325.7911488326755,7,2012
143.70952448327398,8,2012
12.527010689864142,9,2012
299.26603224771,10,2012
731.3303237864969,11,2012
568.6370228236889,12,2012
517.3295780913652,1,2013
163.343398137289,2,2013
