error,month,year
267.0250296784367,7,2012
83.64198508297068,8,2012
78.69883633247105,9,2012
359.3935483823037,10,2012
793.1535533860525,11,2012
627.674961656812,12,2012
581.9141167298958,1,2013
227.95883865116616,2,2013
103.98584986336436,3,2013
134.9639948851179,4,2013
27.512826869761682,5,2013
24.27611852376822,6,2013
