error,month,year
6.8929368360959415,7,2007
196.63071590314183,8,2007
227.46641638965718,9,2007
193.36318491865188,10,2007
335.1892535365067,11,2007
76.2582198685244,12,2007
157.63698605113996,1,2008
323.2590469744379,2,2008
353.28673956025546,3,2008
502.70613197359216,4,2008
206.82084521485228,5,2008
338.88879958696066,6,2008
