error,month,year
637.3391476181148,12,2007
443.20829392051866,1,2008
252.80963631009533,2,2008
279.05202770310297,3,2008
187.66409940087433,4,2008
521.8318945230146,5,2008
693.1166267456447,6,2008
628.4423300628583,7,2008
579.3128382385552,8,2008
626.3500923502243,9,2008
622.6885164554127,10,2008
662.2754347517327,11,2008
