error,month,year
56.7836439493683,12,2010
22.172961543227416,1,2011
139.64806051886848,2,2011
137.73636383798691,3,2011
1.2194187458748615,4,2011
257.5167796606978,5,2011
337.0669699700826,6,2011
247.67771119595852,7,2011
33.90267205380144,8,2011
319.86802452233474,9,2011
388.31317891912227,10,2011
86.71830937290667,11,2011
