error,month,year
748.5844584520793,7,2011
849.5404559070447,8,2011
809.9770732219607,9,2011
951.2382740740206,10,2011
899.7634472362613,11,2011
673.7405147932916,12,2011
539.8442233776167,1,2012
424.3210596043911,2,2012
401.74968747478135,3,2012
361.96754088794717,4,2012
582.4547233690264,5,2012
801.5992186096275,6,2012
