error,month,year
211.36379565124142,3,2007
903.9420452522136,4,2007
1367.108035125646,5,2007
451.28702670349617,6,2007
1580.8417221486598,7,2007
412.5865404209746,8,2007
1000.6907219536521,9,2007
73.06326469957695,10,2007
528.0690834490176,11,2007
149.9831546322547,12,2007
1320.8022025534704,1,2008
221.337820250804,2,2008
