error,month,year
262.34556609028135,1,2012
164.7637499764034,2,2012
168.66930137093527,3,2012
130.91441631097933,4,2012
376.3366657761703,5,2012
518.4527940672031,6,2012
334.2198339873728,7,2012
151.24142086796314,8,2012
12.612719938814507,9,2012
291.6042360764302,10,2012
724.9118451095869,11,2012
559.6140630378943,12,2012
