error,month,year
794.8300566588002,9,2008
795.6312277702158,10,2008
836.1853434121292,11,2008
707.3874800211328,12,2008
659.1174999861912,1,2009
520.5293942396074,2,2009
557.8676374103842,3,2009
509.36542855311086,4,2009
766.6361239965075,5,2009
977.1027239487379,6,2009
968.7715126659007,7,2009
977.5252064587387,8,2009
