error,month,year
520.5740217603942,5,2010
750.6598785936046,6,2010
732.1307862384849,7,2010
767.9952588369678,8,2010
633.078262592165,9,2010
840.9111923097015,10,2010
791.3408145568228,11,2010
630.7325776863238,12,2010
467.41595599284386,1,2011
368.15909937029295,2,2011
354.1377974048896,3,2011
294.70001313224014,4,2011
