error,month,year
349.66680959123863,5,2012
491.418550092498,6,2012
313.34698968423004,7,2012
130.77496777970111,8,2012
21.02025301198819,9,2012
316.28809054021576,10,2012
748.3355467192225,11,2012
582.2713254369257,12,2012
527.8565016686223,1,2013
174.08468336360335,2,2013
52.5040418227843,3,2013
75.96397658223634,4,2013
