error,month,year
525.7148150382468,7,2014
617.6093762536885,8,2014
406.67665486900023,9,2014
517.2954411503276,10,2014
498.0403260954216,11,2014
374.1149442480802,12,2014
139.98340870753992,1,2015
107.66973811190138,2,2015
56.034580699563435,3,2015
39.8713210553268,4,2015
145.93361964337197,5,2015
21.384915894939923,6,2015
