error,month,year
517.1464244816818,8,2008
251.1703098471977,9,2008
599.7495756144026,10,2008
119.59771523585414,11,2008
14.564499618871764,12,2008
255.28171327762288,1,2009
248.11954174687037,2,2009
288.941539843481,3,2009
251.94148409560972,4,2009
428.36185611474673,5,2009
337.3513196291956,6,2009
393.8442056359123,7,2009
