error,month,year
482.07183375159207,12,2016
363.82085027212247,1,2017
259.6501744922276,2,2017
270.91673121941216,3,2017
211.32691952706864,4,2017
343.9791748446794,5,2017
255.1120958743071,6,2017
105.7434765295609,7,2017
75.14344786984486,8,2017
177.9496174230627,9,2017
396.2159365861644,10,2017
677.2861602387554,11,2017
