error,month,year
209.81185314811768,3,2015
175.81990528625823,4,2015
316.74164420904947,5,2015
504.7291110960241,6,2015
611.0988228085117,7,2015
676.8077913280093,8,2015
585.8502016017621,9,2015
768.7385535579477,10,2015
799.4090467546877,11,2015
515.4048426660826,12,2015
351.32801988913764,1,2016
223.103293290063,2,2016
