error,month,year
878.427862118705,7,2009
895.1460215515822,8,2009
702.3906059820474,9,2009
981.7729966180314,10,2009
853.8756296687523,11,2009
693.4979253086386,12,2009
561.0396550479279,1,2010
428.31130231071023,2,2010
439.76468450983987,3,2010
407.35069918235286,4,2010
610.7691308412986,5,2010
843.6027955793936,6,2010
