error,month,year
532.6272585782149,6,2015
630.2110165677385,7,2015
690.6124596589467,8,2015
620.2792288067983,9,2015
778.022335143647,10,2015
821.3385029956338,11,2015
535.2492359665946,12,2015
381.23187532380456,1,2016
255.89696244566426,2,2016
223.23744481772385,3,2016
185.48659490011795,4,2016
353.6246192614168,5,2016
