error,month,year
807.1044974603018,10,2012
803.5861187632432,11,2012
544.9263352038749,12,2012
385.10947533499433,1,2013
279.9435731623222,2,2013
269.55502170317243,3,2013
228.68583316216,4,2013
421.9432192085659,5,2013
623.1597395780353,6,2013
666.0404784283138,7,2013
737.8372593854219,8,2013
648.4236003863148,9,2013
