error,month,year
811.0178761080439,9,2011
986.6591478276913,10,2011
920.078239922072,11,2011
695.4450430508972,12,2011
556.370217211848,1,2012
441.5611264457387,2,2012
428.2285789072798,3,2012
392.2821949185193,4,2012
605.3750639303945,5,2012
825.1105790240973,6,2012
850.8221361815532,7,2012
904.1927734983096,8,2012
