error,month,year
856.245522127341,11,2008
733.3197001075843,12,2008
702.9835462443759,1,2009
563.3216949388458,2,2009
599.8890579524173,3,2009
550.4214020546312,4,2009
800.4068512460309,5,2009
1009.3437388799742,6,2009
1003.3727488779634,7,2009
1014.9270727886908,8,2009
856.6776537095316,9,2009
1094.461295549691,10,2009
