error,month,year
23.252710790345873,4,2013
141.2334465454772,5,2013
88.46354510897288,6,2013
388.2716078677814,7,2013
379.07233795718776,8,2013
200.1970378232446,9,2013
5.970939835858758,10,2013
51.850392135063885,11,2013
211.27288122487107,12,2013
334.5612077703679,1,2014
241.025669602022,2,2014
241.0178744197848,3,2014
