error,month,year
495.4286901912477,3,2009
453.63988323378,4,2009
711.3518789324179,5,2009
925.5672254697639,6,2009
924.9046327327437,7,2009
936.9213132819972,8,2009
778.1320482651535,9,2009
1010.2384364878917,10,2009
903.6514556463208,11,2009
738.3374585499542,12,2009
628.3876909698893,1,2010
498.4287739274485,2,2010
