error,month,year
9.343622844152321,3,2013
22.496006199589715,4,2013
134.75063490206736,5,2013
80.17300613415694,6,2013
394.3741618355076,7,2013
383.9398902667782,8,2013
215.25824756955342,9,2013
1.413838124874701,10,2013
39.710457596286346,11,2013
201.49043773599453,12,2013
322.7800089015907,1,2014
228.3879511014016,2,2014
