error,month,year
385.6923951381724,10,2010
293.13697363998983,11,2010
33.800302694149195,12,2010
2.2582379742021317,1,2011
112.97666890978758,2,2011
107.07401662268023,3,2011
30.875213675910288,4,2011
283.4191056093344,5,2011
364.24402032389173,6,2011
275.1536379700583,7,2011
4.736467075653422,8,2011
303.8655311077705,9,2011
