error,month,year
836.7318751596637,8,2013
759.6303997578527,9,2013
945.3553118376403,10,2013
998.5267103802677,11,2013
718.4750273720838,12,2013
556.2746847644581,1,2014
414.99852268343597,2,2014
382.8287547587953,3,2014
337.2370720146002,4,2014
517.8508769583523,5,2014
724.9732783615492,6,2014
815.8984551629326,7,2014
