error,month,year
71.4745260890337,9,2009
234.98231162211994,10,2009
29.428597862645233,11,2009
56.94881733337775,12,2009
36.69050695987352,1,2010
125.56336537453876,2,2010
88.93851117773283,3,2010
52.242207902896325,4,2010
246.36531509805832,5,2010
359.0244270835361,6,2010
88.4569012656026,7,2010
233.3605425567871,8,2010
