error,month,year
63.6560582565516,1,2010
100.21227970705559,2,2010
55.58765561460416,3,2010
77.59434411786447,4,2010
274.7963125761637,5,2010
394.8581681420816,6,2010
115.3945294235698,7,2010
207.0297539843516,8,2010
543.7445903164518,9,2010
357.38946642301687,10,2010
286.1434629063755,11,2010
40.99505026252689,12,2010
