error,month,year
197.03880971908598,9,2007
160.80333135186186,10,2007
300.93012767576965,11,2007
112.28910914835296,12,2007
110.47568476950204,1,2008
272.7654256462703,2,2008
304.4491797590084,3,2008
455.76097399342166,4,2008
156.0681616863048,5,2008
289.00978277391994,6,2008
508.27989122813597,7,2008
731.7460344528752,8,2008
