error,month,year
653.0748432264786,10,2016
670.2750831249896,11,2016
519.4822424641278,12,2016
398.78387035892626,1,2017
290.2140077108282,2,2017
292.5213604994863,3,2017
232.6999628765612,4,2017
372.20441890756086,5,2017
285.5723817483989,6,2017
137.90885396183978,7,2017
111.89857963571421,8,2017
229.5403902883353,9,2017
