error,month,year
276.4286901912477,3,2009
245.63988323377998,4,2009
424.3518789324179,5,2009
341.5672254697639,6,2009
411.9046327327437,7,2009
314.9213132819972,8,2009
230.13204826515346,9,2009
366.2384364878917,10,2009
110.65145564632076,11,2009
80.33745854995425,12,2009
210.38769096988926,1,2010
48.4287739274485,2,2010
