error,month,year
699.6776446401273,7,2010
737.8495457697059,8,2010
579.2863971300617,9,2010
817.6469572407261,10,2010
756.3562402908003,11,2010
598.8111282890592,12,2010
420.4425640218471,1,2011
321.82506989611164,2,2011
320.5886857296455,3,2011
259.9942680259312,4,2011
428.70110062190565,5,2011
635.7354116881197,6,2011
