error,month,year
708.956633897062,6,2010
690.3738038111052,7,2010
727.8943601952471,8,2010
578.189887655523,9,2010
805.8119707504112,10,2010
749.2936513399217,11,2010
592.0262371252957,12,2010
414.9216816892736,1,2011
317.3340311114457,2,2011
312.34766628149555,3,2011
251.56083169275848,4,2011
424.92662936321017,5,2011
