error,month,year
778.7324705762624,10,2015
855.9026341236513,11,2015
580.9674508728451,12,2015
450.4198074769798,1,2016
332.7578059464412,2,2016
275.4181439270925,3,2016
229.666877541978,4,2016
410.41692873879606,5,2016
583.2283592988653,6,2016
698.385188961357,7,2016
802.60060053926,8,2016
774.8539633146663,9,2016
