error,month,year
92.37274142178512,6,2015
250.7889834322615,7,2015
605.3875403410533,8,2015
930.7207711932017,9,2015
1283.977664856353,10,2015
4046.661497004366,11,2015
1968.7507640334054,12,2015
642.7681246761954,1,2016
138.10303755433574,2,2016
95.76255518227615,3,2016
59.48659490011795,4,2016
307.6246192614168,5,2016
