error,month,year
763.1051522276468,10,2008
802.3859852613755,11,2008
674.2841618153136,12,2008
614.707599107176,1,2009
476.43326450248395,2,2009
508.9286688040152,3,2009
467.826175433364,4,2009
721.2130077240771,5,2009
935.3695669196617,6,2009
932.9993773205816,7,2009
942.8963142626393,8,2009
758.8884512065779,9,2009
