error,month,year
449.1447054846964,1,2008
252.6300141055109,2,2008
276.2003308980444,3,2008
184.26964059788293,4,2008
525.0981289932927,5,2008
697.759798235877,6,2008
632.5156115510277,7,2008
581.8077190679595,8,2008
627.7770180316597,9,2008
622.4871986500355,10,2008
658.5005241072913,11,2008
527.5791836733445,12,2008
