error,month,year
320.27417371516276,1,2009
309.9437872099197,2,2009
347.1382721595677,3,2009
315.2223881260853,4,2009
479.9461058647853,5,2009
395.6716652074314,6,2009
468.93295484824796,7,2009
376.0211818569388,8,2009
260.8282851949323,9,2009
438.92892028068627,10,2009
167.1964475013533,11,2009
144.58157109338902,12,2009
