error,month,year
591.8948477723532,10,2008
111.61401473862452,11,2008
5.71583818468639,12,2008
260.70759910717595,1,2009
251.43326450248395,2,2009
289.9286688040152,3,2009
259.826175433364,4,2009
434.2130077240771,5,2009
351.3695669196617,6,2009
419.99937732058163,7,2009
320.8963142626393,8,2009
210.88845120657788,9,2009
