error,month,year
58.840018517971885,4,2010
252.8271139291444,5,2010
377.5008715184822,6,2010
106.76687461459301,7,2010
210.56020273611023,8,2010
558.1540684981312,9,2010
359.41609657266577,10,2010
300.8009244928047,11,2010
23.976359201914647,12,2010
34.46136622406573,1,2011
79.73397211688746,2,2011
95.30444266663505,3,2011
