error,month,year
489.43991519305735,2,2016
463.8429007779761,3,2016
431.21010316093833,4,2016
595.3325542988997,5,2016
771.7741880179901,6,2016
889.1553811601582,7,2016
990.2510325392444,8,2016
930.6114596551421,9,2016
1138.3380570473455,10,2016
1473.2894516798794,11,2016
962.4166117209006,12,2016
679.5252052818022,1,2017
