error,month,year
322.0178761080439,9,2011
428.6591478276913,10,2011
112.07823992207204,11,2011
307.4450430508972,12,2011
348.37021721184794,1,2012
251.5611264457387,2,2012
247.22857890727983,3,2012
215.28219491851928,4,2012
463.3750639303945,5,2012
605.1105790240973,6,2012
422.8221361815532,7,2012
238.19277349830963,8,2012
