error,month,year
768.8667417257387,9,2013
953.9150675670024,10,2013
1008.8889898908333,11,2013
728.0644298858771,12,2013
567.6681283385046,1,2014
426.37939731294944,2,2014
393.33294458250333,3,2014
346.3047444191448,4,2014
529.5912182730167,5,2014
737.8551458010165,6,2014
828.6048516881492,7,2014
897.5751021182173,8,2014
