error,month,year
272.5004106927314,11,2007
141.23601722450724,12,2007
64.57675706181413,1,2008
229.6102093475043,2,2008
263.98357280431844,3,2008
415.23273003948356,4,2008
111.2784759160437,5,2008
241.1855753008748,6,2008
458.97857219510206,7,2008
681.1779995963552,8,2008
86.37626500474289,9,2008
765.8464352401745,10,2008
