error,month,year
557.9477044650944,10,2007
529.7830867916193,11,2007
611.2121349054958,12,2007
405.14017659676523,1,2008
211.34692251339084,2,2008
237.6424682227792,3,2008
146.66428762326495,4,2008
480.90965149444014,5,2008
652.1639194226386,6,2008
586.5878426665212,7,2008
537.449262540745,8,2008
583.5597628829235,9,2008
