error,month,year
2935.543130174714,1,2007
4910.782004591588,2,2007
3645.795710346844,3,2007
10048.398222434862,4,2007
444.9474534329906,5,2007
7726.917244026325,6,2007
2118.870272651002,7,2007
8592.67395557097,8,2007
3558.9748886647553,9,2007
7052.654803939826,10,2007
1827.9028361471944,11,2007
12657.47896626125,12,2007
