error,month,year
316.2427328887052,7,2008
539.5290610923588,8,2008
226.71757782482257,9,2008
624.4009378212164,10,2008
145.02736685809077,11,2008
37.44236267407757,12,2008
226.24911520969317,1,2009
219.639346198069,2,2009
257.9107639681543,3,2009
220.9241855588275,4,2009
393.1884770392554,5,2009
299.04027114100484,6,2009
