error,month,year
2130.950406663185,12,2015
583.2128489749703,1,2016
68.79875201690908,2,2016
101.12943167245186,3,2016
231.70775202895584,4,2016
552.9034575471902,5,2016
681.8151113979202,6,2016
622.1624866586885,7,2016
574.8056371971422,8,2016
577.6170652417744,9,2016
617.8557039515347,10,2016
930.9079555025683,11,2016
