error,month,year
626.6328610848323,7,2015
686.6991189595537,8,2015
626.693965162604,9,2015
773.0587753531203,10,2015
819.3960507858746,11,2015
533.3995490213202,12,2015
381.10657659609086,1,2016
255.46901699019043,2,2016
218.73459349869927,3,2016
180.58612524446502,4,2016
352.2055427198215,5,2016
529.3004414004029,6,2016
