error,month,year
760.53482677779,8,2012
634.9702258896586,9,2012
802.9257237334323,10,2012
790.9798856231524,11,2012
531.9004583064528,12,2012
366.69459552366965,1,2013
259.42860110606136,2,2013
251.07786129306385,3,2013
213.35648764067193,4,2013
401.73778341691764,5,2013
605.0260964214035,6,2013
653.6582795244999,7,2013
