error,month,year
661.7836439493683,12,2010
513.1729615432274,1,2011
416.6480605188685,2,2011
397.7363638379869,3,2011
334.21941874587486,4,2011
516.4832203393022,5,2011
716.9330300299174,6,2011
752.3222888040415,7,2011
849.9026720538014,8,2011
808.8680245223347,9,2011
946.3131789191223,10,2011
894.7183093729067,11,2011
