error,month,year
957.1392533961994,10,2013
1006.6259406588962,11,2013
726.9169686066414,12,2013
563.3954740611903,1,2014
420.8383864028493,2,2014
390.94335935066016,3,2014
350.0590805638987,4,2014
523.3753873404511,5,2014
730.9537249015599,6,2014
827.9141372822993,7,2014
900.326088154038,8,2014
804.717177828588,9,2014
