error,month,year
261.5740217603942,5,2010
382.6598785936046,6,2010
105.13078623848492,7,2010
218.00474116303224,8,2010
544.921737407835,9,2010
372.0888076902985,10,2010
298.6591854431772,11,2010
25.732577686323793,12,2010
23.584044007156137,1,2011
91.15909937029295,2,2011
94.13779740488962,3,2011
38.299986867759856,4,2011
