error,month,year
856.1929992715852,6,2009
859.4211999813908,7,2009
875.5741248453456,8,2009
703.2191364553656,9,2009
957.2865191345998,10,2009
839.006374047122,11,2009
672.0037819934628,12,2009
536.0609534513225,1,2010
402.3330832146766,2,2010
399.528298043284,3,2010
369.55715958736226,4,2010
589.3309780180367,5,2010
