error,month,year
405.88229780475376,10,2011
78.54807077165822,11,2011
278.6288653975432,12,2011
306.12738088820504,1,2012
208.97663167382484,2,2012
211.84917920574685,3,2012
174.4084717396052,4,2012
419.4956775572887,5,2012
562.0936679994769,6,2012
378.51673899471723,7,2012
196.8420865127738,8,2012
33.634871219929664,9,2012
