error,month,year
491.66680959123863,5,2012
711.418550092498,6,2012
741.34698968423,7,2012
796.7749677797011,8,2012
675.9797469880118,9,2012
835.7119094597842,10,2012
820.6644532807775,11,2012
566.7286745630743,12,2012
408.14349833137766,1,2013
302.91531663639665,2,2013
296.4959581772157,3,2013
269.03602341776366,4,2013
