error,month,year
685.8987902161598,6,2016
674.3676892531965,7,2016
649.4717706642008,8,2016
570.2329400433302,9,2016
683.6963873883478,10,2016
757.7228849833432,11,2016
566.4370387612204,12,2016
444.12218594348246,1,2017
340.60635612707847,2,2017
353.06830534939934,3,2017
295.57169091369576,4,2017
475.74045516975525,5,2017
