error,month,year
271.1932921686408,2,2008
293.68372809444037,3,2008
205.51316027758662,4,2008
539.1906612508304,5,2008
707.255501625131,6,2008
643.8197517303643,7,2008
596.1158908623585,8,2008
642.4892135903569,9,2008
639.4986979658981,10,2008
675.0670936683015,11,2008
549.5842584677689,12,2008
452.3824136595732,1,2009
