error,month,year
748.0208443721982,6,2007
624.2152299269924,7,2007
467.8166120657866,8,2007
503.83821414690084,9,2007
523.1967028709198,10,2007
494.690421637752,11,2007
577.1535571074445,12,2007
347.52738135812734,1,2008
155.1466010315741,2,2008
184.29518044787827,3,2008
93.50722253382831,4,2008
428.0534856519023,5,2008
