error,month,year
672.0390748151111,8,2015
638.4224455030267,9,2015
756.5498956954707,10,2015
815.1307439072687,11,2015
529.7311644136001,12,2015
383.38640318563415,1,2016
260.9133352209431,2,2016
213.86398699637425,3,2016
171.37534160095058,4,2016
351.35792856020447,5,2016
527.3067469411067,6,2016
645.4480326581503,7,2016
