error,month,year
548.1796955994981,5,2016
706.8737184469618,6,2016
703.4044827192847,7,2016
682.068762334402,8,2016
596.5318990765504,9,2016
716.9346863725741,10,2016
773.0416264826044,11,2016
593.2219647905863,12,2016
471.98127557071973,1,2017
366.61868898289214,2,2017
380.3775133608577,3,2017
326.2336234291433,4,2017
