error,month,year
131.86565006469385,5,2013
79.74314089745678,6,2013
397.0620897714523,7,2013
387.76579166576437,8,2013
211.70801575979442,9,2013
2.4219116090364423,10,2013
42.21767632138392,11,2013
199.94432933514418,12,2013
320.8265027531104,1,2014
227.00016605515435,2,2014
228.72513433173629,3,2014
240.21358287870675,4,2014
