error,month,year
748.9793880444447,12,2008
720.1783921897812,1,2009
583.5394153727841,2,2009
615.6013091649771,3,2009
575.4925229908554,4,2009
815.3674116902793,5,2009
1023.4176123771686,6,2009
1026.011268151943,7,2009
1041.5886917430582,8,2009
868.9625725082616,9,2009
1120.872534873874,10,2009
1008.1716091647193,11,2009
