error,month,year
351.29327412849307,5,2007
175.35465441025235,6,2007
85.4034852510946,7,2007
112.48300675440078,8,2007
139.4158197327747,9,2007
103.63808562930842,10,2007
245.2224764840554,11,2007
164.35826345309306,12,2007
35.558745734437764,1,2008
198.44460814947868,2,2008
228.26081778486423,3,2008
379.75940730243553,4,2008
