error,month,year
14.129055779436442,2,2015
28.457835629895584,3,2015
41.002705743486445,4,2015
234.83508624893614,5,2015
113.22084115358996,6,2015
267.3898275344386,7,2015
619.3344094200869,8,2015
957.5758537041605,9,2015
1295.4378359244156,10,2015
4065.3281422583673,11,2015
1986.003754485841,12,2015
665.1806632944492,1,2016
