error,month,year
440.09708045599837,11,2014
316.7982042441512,12,2014
73.87574533421122,1,2015
40.983438768334054,2,2015
3.680008150704623,3,2015
15.995066402405996,4,2015
208.5778249835285,5,2015
87.9202939344384,6,2015
244.27689100431553,7,2015
597.4193367917047,8,2015
929.3354424236022,9,2015
1274.6382712924644,10,2015
