error,month,year
668.8765404135117,6,2013
717.8035070033121,7,2013
798.5321017518796,8,2013
699.4454268371927,9,2013
913.8054689335423,10,2013
954.575476596504,11,2013
675.2863355318053,12,2013
501.1613835353674,1,2014
357.37535369347194,2,2014
334.50341725090993,3,2014
299.8035519003387,4,2014
459.1602765075632,5,2014
