error,month,year
694.8143121913002,6,2012
719.4917320842003,7,2012
774.8720390023329,8,2012
646.2824560722736,9,2012
817.868179130051,10,2012
803.6106631558106,11,2012
545.4525160409396,12,2012
379.9126048508741,1,2013
274.31407092513905,2,2013
268.7561645172411,3,2013
233.56110658567428,4,2013
420.15234959195465,5,2013
