error,month,year
737.7572671112948,7,2008
688.4709389076412,8,2008
734.7175778248226,9,2008
730.5990621787836,10,2008
768.9726331419092,11,2008
642.5576373259224,12,2008
580.2491152096932,1,2009
444.639346198069,2,2009
476.9107639681543,3,2009
428.9241855588275,4,2009
680.1884770392554,5,2009
883.0402711410048,6,2009
