error,month,year
731.5505280081301,7,2013
811.9300054324411,8,2013
714.0581624535498,9,2013
926.3835165931176,10,2013
970.0856173080463,11,2013
689.6134059471219,12,2013
520.5262216878026,1,2014
375.045533095694,2,2014
351.3436674124039,3,2014
315.17848450964794,4,2014
478.37695652532136,5,2014
684.4366217794349,6,2014
