error,month,year
674.2741737151628,1,2009
534.9437872099197,2,2009
566.1382721595677,3,2009
523.2223881260853,4,2009
766.9461058647853,5,2009
979.6716652074314,6,2009
981.932954848248,7,2009
998.0211818569388,8,2009
808.8282851949323,9,2009
1082.9289202806863,10,2009
960.1964475013533,11,2009
802.581571093389,12,2009
