error,month,year
377.27973201212586,3,2011
314.86752567408297,4,2011
487.84859573036584,5,2011
691.9541995531363,6,2011
731.6015990170392,7,2011
833.4866260632057,8,2011
768.5632602196184,9,2011
939.0996401641034,10,2011
872.9819535155792,11,2011
648.7887020893174,12,2011
502.87145633264436,1,2012
386.5237243581565,2,2012
