error,month,year
94.53482677779004,8,2012
62.02977411034135,9,2012
349.0742762665677,10,2012
778.0201143768476,11,2012
617.0995416935472,12,2012
569.3054044763303,1,2013
217.57139889393864,2,2013
97.92213870693615,3,2013
131.64351235932807,4,2013
40.73778341691764,5,2013
8.973903578596492,6,2013
484.3417204755001,7,2013
