error,month,year
63.218993566563086,3,2010
73.26758043542003,4,2010
266.53123288256336,5,2010
390.5568275920135,6,2010
116.65138530145782,7,2010
201.71192480593402,8,2010
551.1061597340539,9,2010
348.9364568971715,10,2010
288.06579751219203,11,2010
37.71709399109045,12,2010
18.625259668487786,1,2011
95.98664640096001,2,2011
