error,month,year
722.2932741284931,5,2007
798.3546544102524,6,2007
686.4034852510946,7,2007
538.5169932455992,8,2007
575.5841802672253,9,2007
592.3619143706916,10,2007
560.7775235159446,11,2007
637.3582634530931,12,2007
438.44125426556224,1,2008
242.55539185052132,2,2008
272.73918221513577,3,2008
181.24059269756447,4,2008
