error,month,year
332.1556579601927,3,2012
292.23676141066414,4,2012
505.8564143069417,5,2012
727.1614181170777,6,2012
753.7911488326755,7,2012
809.709524483274,8,2012
684.4729893101359,9,2012
852.73396775229,10,2012
837.6696762135031,11,2012
580.3629771763111,12,2012
418.67042190863486,1,2013
313.656601862711,2,2013
