error,month,year
539.4580610476216,1,2014
394.8099604432331,2,2014
374.30252421918,3,2014
340.23646638362214,4,2014
497.1327484934918,5,2014
704.5995568602693,6,2014
810.0298123408254,7,2014
885.8548545390605,8,2014
759.7677538320747,9,2014
961.7004714887199,10,2014
996.3650600174327,11,2014
694.3913587176546,12,2014
