error,month,year
607.8929368360959,7,2007
454.36928409685817,8,2007
487.5335836103428,9,2007
502.6368150813481,10,2007
470.8107464634933,11,2007
549.2582198685244,12,2007
316.36301394886004,1,2008
117.74095302556208,2,2008
147.71326043974452,3,2008
58.29386802640784,4,2008
388.1791547851477,5,2008
561.1112004130393,6,2008
