error,month,year
372.4603437816335,2,2007
375.6620134726013,3,2007
169.68129560584373,4,2007
646.779290718259,5,2007
642.2143093348514,6,2007
453.1613316127491,7,2007
301.2952718345054,8,2007
322.47466816651837,9,2007
304.11248261644124,10,2007
224.16627415554402,11,2007
304.70999598085103,12,2007
153.31001698360103,1,2008
