error,month,year
798.6444202625497,11,2010
643.2804707763555,12,2010
496.08688310946366,1,2011
398.604549509636,2,2011
375.1093925347477,3,2011
310.43655867993664,4,2011
497.5643342526522,5,2011
695.8400413246341,6,2011
730.0455301073569,7,2011
825.6121728570962,8,2011
798.030008755165,9,2011
915.6809278027504,10,2011
