error,month,year
53.95919063640531,4,2007
343.54624093884263,5,2007
167.03297010371762,6,2007
76.3021395099197,7,2007
122.64849140104968,8,2007
149.82739303391622,9,2007
113.92121425552739,10,2007
255.1539656049639,11,2007
154.6535432391929,12,2007
40.60658167813193,1,2008
211.8402643913283,2,2008
241.90812037141433,3,2008
