error,month,year
124.28638555567915,2,2010
76.6090694112554,3,2010
58.680759406885045,4,2010
249.13146962908513,5,2010
368.3057189309676,6,2010
93.50461907764156,7,2010
226.28996540399783,8,2010
569.8423329847424,9,2010
375.062812056883,10,2010
310.1594865212718,11,2010
18.59134882333865,12,2010
34.91326582543968,1,2011
