error,month,year
900.9162805385009,11,2011
676.1749308331063,12,2011
524.3140620431518,1,2012
409.1011253628656,2,2012
404.0745958601775,3,2012
362.84979963717217,4,2012
575.0382045136383,5,2012
798.1359704134412,6,2012
822.8118930317653,7,2012
878.6963052487158,8,2012
744.5369402695767,9,2012
921.6344873755916,10,2012
