error,month,year
621.5278027747704,8,2016
527.2023450050522,9,2016
658.3484514769241,10,2016
700.980021105961,11,2016
531.9358565605313,12,2016
409.4676130084863,1,2017
302.61456130901223,2,2017
307.0430093341764,3,2017
247.02250622112183,4,2017
400.2584269802496,5,2017
313.5791397561401,6,2017
159.68084357971532,7,2017
