error,month,year
724.9907314619235,12,2013
560.9507259732782,1,2014
418.3576608629625,2,2014
388.5763963853514,3,2014
347.2032439131023,4,2014
521.389272148199,5,2014
729.1973440521532,6,2014
825.7945461951047,7,2014
897.9517085861021,8,2014
802.3188478933922,9,2014
969.0034999737219,10,2014
1015.185857331483,11,2014
