error,month,year
343.1026321833142,6,2011
251.62311966784887,7,2011
33.04474147312078,8,2011
293.9352061791568,9,2011
396.78951403015867,10,2011
82.76162527149722,11,2011
280.50375883786774,12,2011
317.8455416934521,1,2012
221.95387111981216,2,2012
218.48456342835414,3,2012
181.00872200025384,4,2012
431.84038885900304,5,2012
