error,month,year
534.8616471452033,1,2016
483.0985612788449,2,2016
470.77513668132514,3,2016
432.98315284669434,4,2016
629.5442948594149,5,2016
795.4197967620082,6,2016
887.4238535009363,7,2016
974.7484540392288,8,2016
947.3280566127763,9,2016
1115.9027029880492,10,2016
1552.4986989051386,11,2016
976.2393853894133,12,2016
