error,month,year
426.9445247450523,4,2016
602.3910065859866,5,2016
775.3862719679347,6,2016
884.331160055659,7,2016
980.4545366837707,8,2016
931.6945168290317,9,2016
1125.7287828166573,10,2016
1497.1806540630716,11,2016
963.4749662982988,12,2016
673.1861494329976,1,2017
501.63609359009496,2,2017
486.48729657656366,3,2017
