error,month,year
24.855294515303626,1,2008
188.3699858944891,2,2008
224.7996691019556,3,2008
376.7303594021171,4,2008
69.90187100670732,5,2008
202.24020176412296,6,2008
421.48438844897225,7,2008
646.1922809320405,8,2008
119.77701803165974,9,2008
732.5128013499645,10,2008
255.4994758927087,11,2008
152.42081632665554,12,2008
