error,month,year
45.439987911079584,5,2008
81.86432691160076,6,2008
299.59652354348043,7,2008
525.2013832501243,8,2008
243.13356091115372,9,2008
608.8924401973966,10,2008
129.8166899846059,11,2008
24.883225026709624,12,2008
235.16582436764827,1,2009
229.20144915474236,2,2009
267.3945700752565,3,2009
242.85652599686722,4,2009
