error,month,year
41.63620434875858,3,2007
1132.9420452522136,4,2007
996.108035125646,5,2007
171.71297329650383,6,2007
979.8417221486598,7,2007
1063.5865404209746,8,2007
285.6907219536521,9,2007
622.936735300423,10,2007
277.9309165509824,11,2007
323.0168453677453,12,2007
846.8022025534704,1,2008
219.662179749196,2,2008
