error,month,year
358.3436228441523,3,2013
322.5039938004103,4,2013
495.75063490206736,5,2013
694.1730061341569,6,2013
743.6258381644924,7,2013
825.0601097332218,8,2013
721.7417524304466,9,2013
941.4138381248747,10,2013
979.7104575962863,11,2013
701.4904377359945,12,2013
529.7800089015907,1,2014
385.3879511014016,2,2014
