error,month,year
375.6582289637565,9,2014
488.08943811612903,10,2014
460.92616576440446,11,2014
339.43271334315875,12,2014
97.15216597692637,1,2015
65.86680536212725,2,2015
22.548870562616457,3,2015
9.685028751466092,4,2015
183.08771920956718,5,2015
61.525649743109966,6,2015
217.53894760284038,7,2015
569.4966963460687,8,2015
