error,month,year
295.72659983562113,4,2011
464.7332392506115,5,2011
668.0556861562121,6,2011
707.016646800176,7,2011
808.9194571580313,8,2011
737.6217799144475,9,2011
917.5112238437097,10,2011
848.9490946881558,11,2011
626.832309610327,12,2011
473.83117703515364,1,2012
359.1390900496457,2,2012
347.9300900506321,3,2012
