error,month,year
58.632696917359,9,2012
352.11476411448393,10,2012
776.1445952240788,11,2012
612.792277659006,12,2012
562.0119193828059,1,2013
207.84457054477633,2,2013
89.38539335703479,3,2013
125.29601870384298,4,2013
49.81760113768547,5,2013
2.576515176215935,6,2013
482.4533184710815,7,2013
481.10453315825725,8,2013
