error,month,year
489.364234134745,5,2011
697.3574717456273,6,2011
740.9320067103407,7,2011
845.7658682255585,8,2011
781.7305870938429,9,2011
953.7082415399034,10,2011
884.5926500199816,11,2011
658.0045094876723,12,2011
507.3791815255353,1,2012
390.2629208243498,2,2012
375.35135604340536,3,2012
334.05224613183657,4,2012
