error,month,year
771.6278070151022,11,2009
611.4447179465703,12,2009
463.69008437932985,1,2010
331.4666213409986,2,2010
338.1643446570392,3,2010
302.0580985843205,4,2010
511.8395028000622,5,2010
739.6572239976309,6,2010
720.198820707003,7,2010
756.5265651192614,8,2010
617.6789396183677,9,2010
831.9377632591362,10,2010
