error,month,year
1371.782315691128,11,2016
861.5402980871443,12,2016
571.3137213443854,1,2017
394.24232823133684,2,2017
369.75920316754735,3,2017
322.46967737700453,4,2017
466.4807835961369,5,2017
626.5495117623565,6,2017
739.7259190614408,7,2017
842.3406754269663,8,2017
798.2981866309661,9,2017
1000.2137154812793,10,2017
