error,month,year
40.58904943257042,4,2015
241.04760683047647,5,2015
119.08571408799952,6,2015
269.2456588034238,7,2015
618.9607124954384,8,2015
966.8771188428092,9,2015
1292.7446308098993,10,2015
4067.1927844911984,11,2015
1988.4432379972222,12,2015
672.0888288231077,1,2016
170.14851317134202,2,2016
118.729247850825,3,2016
