error,month,year
492.86565006469385,5,2013
693.7431408974568,6,2013
740.9379102285477,7,2013
821.2342083342356,8,2013
725.2919842402056,9,2013
937.5780883909636,10,2013
982.2176763213839,11,2013
699.9443293351442,12,2013
527.8265027531104,1,2014
384.00016605515435,2,2014
358.7251343317363,3,2014
320.21358287870675,4,2014
