error,month,year
909.5278027747704,8,2016
854.2023450050522,9,2016
1056.348451476924,10,2016
1419.980021105961,11,2016
891.9358565605313,12,2016
599.4676130084863,1,2017
425.61456130901223,2,2017
400.0430093341764,3,2017
352.02250622112183,4,2017
512.2584269802496,5,2017
671.5791397561401,6,2017
777.6808435797153,7,2017
