error,month,year
662.5509995462318,12,2011
514.803750664129,1,2012
396.5977596936644,2,2012
381.361484091496,3,2012
342.76756500949415,4,2012
559.2106563819916,5,2012
779.9225773241893,6,2012
805.0921810865193,7,2012
858.7129313492693,8,2012
736.2853544578079,9,2012
897.3080232130629,10,2012
885.9340452529952,11,2012
