error,month,year
390.9060307684902,2,2012
374.7797321465322,3,2012
326.1202447654061,4,2012
541.0191437953597,5,2012
761.5498684307919,6,2012
780.9466817587199,7,2012
832.2344847274582,8,2012
702.66547009952,9,2012
873.4805521851563,10,2012
869.4616381960283,11,2012
611.4485326772485,12,2012
460.26928324325587,1,2013
