error,month,year
224.99073146192347,12,2013
353.95072597327817,1,2014
261.3576608629625,2,2014
258.5763963853514,3,2014
267.2032439131023,4,2014
429.389272148199,5,2014
589.1973440521532,6,2014
588.7945461951047,7,2014
681.9517085861021,8,2014
483.3188478933922,9,2014
582.0034999737219,10,2014
568.185857331483,11,2014
