error,month,year
257.78742263960817,4,2008
599.3163240378799,5,2008
769.726459157303,6,2008
703.6737739485139,7,2008
652.5850647438726,8,2008
699.5983946223823,9,2008
695.9996003698594,10,2008
733.9777253511943,11,2008
608.5608503206754,12,2008
534.7301186834458,1,2009
395.99611938212456,2,2009
425.57159040789253,3,2009
