error,month,year
606.1962747096798,8,2014
389.8880937325888,9,2014
504.67584897146423,10,2014
479.94624461416515,11,2014
356.9908141397501,12,2014
118.03105869488661,1,2015
84.78217998598478,2,2015
38.02599920583691,3,2015
25.547322564987496,4,2015
166.114606927585,5,2015
43.07916381362111,6,2015
196.65267516336507,7,2015
