error,month,year
394.0940933509823,2,2014
363.728378875799,3,2014
324.8271341380966,4,2014
493.3650925576091,5,2014
699.2919244449396,6,2014
797.8040498557252,7,2014
870.2514111650604,8,2014
766.5046171380054,9,2014
941.4272706860828,10,2014
983.22031193601,11,2014
685.5896026071556,12,2014
514.2132127297373,1,2015
