error,month,year
21.372192984897765,11,2009
46.555282053429664,12,2009
45.690084379329846,1,2010
118.53337865900141,2,2010
76.83565534296082,3,2010
56.058098584320476,4,2010
252.83950280006218,5,2010
371.6572239976309,6,2010
93.19882070700305,7,2010
229.47343488073864,8,2010
560.3210603816323,9,2010
381.0622367408638,10,2010
