error,month,year
710.8535755183182,8,2008
759.1703098471977,9,2008
755.2504243855974,10,2008
794.4022847641459,11,2008
665.4355003811282,12,2008
609.2817132776229,1,2009
473.11954174687037,2,2009
507.941539843481,3,2009
459.9414840956097,4,2009
715.3618561147467,5,2009
921.3513196291956,6,2009
906.8442056359123,7,2009
