error,month,year
92.21545603619779,6,2008
305.2674274516942,7,2008
525.9169610901885,8,2008
239.10839086048168,9,2008
613.5053316665237,10,2008
140.40801187427974,11,2008
29.000579748382734,12,2008
247.00040245958462,1,2009
233.97752503938932,2,2009
275.05865501764083,3,2009
237.39269055436233,4,2009
410.7896851492003,5,2009
