error,month,year
822.1962747096798,8,2014
708.8880937325888,9,2014
891.6758489714642,10,2014
926.9462446141652,11,2014
627.9908141397501,12,2014
446.0310586948866,1,2015
315.7821799859848,2,2015
281.0259992058369,3,2015
243.5473225649875,4,2015
392.885393072415,5,2015
581.9208361863789,6,2015
684.3473248366349,7,2015
