error,month,year
506.2697835295867,9,2016
639.3516223835363,10,2016
654.8523100026566,11,2016
507.92670531928684,12,2016
388.7825026154213,1,2017
282.32331867136367,2,2017
288.79718301770106,3,2017
228.46216254806234,4,2017
367.01464268415367,5,2017
279.20428309375507,6,2017
130.10867650724776,7,2017
103.21943729806333,8,2017
