error,month,year
200.9060307684902,2,2012
193.77973214653218,3,2012
149.12024476540608,4,2012
399.0191437953597,5,2012
541.5498684307919,6,2012
352.94668175871993,7,2012
166.23448472745815,8,2012
5.665470099520007,9,2012
278.5194478148437,10,2012
699.5383618039717,11,2012
537.5514673227515,12,2012
475.73071675674413,1,2013
