error,month,year
51.31334357585729,8,2011
329.63517577585026,9,2011
415.1566613908062,10,2011
108.69453336618267,11,2011
303.5334539581079,12,2011
347.94964789783717,1,2012
250.20403375997114,2,2012
238.67958612355193,3,2012
203.0629775761047,4,2012
456.7909852305679,5,2012
598.8522833283424,6,2012
413.2482671504707,7,2012
