error,month,year
489.1383528547967,1,2016
89.0985612788449,2,2016
151.77513668132514,3,2016
306.98315284669434,4,2016
583.5442948594149,5,2016
735.4197967620082,6,2016
716.4238535009363,7,2016
686.7484540392288,8,2016
620.3280566127763,9,2016
717.9027029880492,10,2016
833.4986989051386,11,2016
616.2393853894133,12,2016
