error,month,year
533.4995893072686,11,2007
614.2360172245072,12,2007
409.42324293818587,1,2008
211.3897906524957,2,2008
237.01642719568156,3,2008
145.76726996051644,4,2008
483.7215240839563,5,2008
658.8144246991252,6,2008
595.0214278048979,7,2008
546.8220004036448,8,2008
594.3762650047429,9,2008
589.1535647598255,10,2008
