error,month,year
710.8973678166858,6,2011
748.3768803321511,7,2011
849.0447414731208,8,2011
782.9352061791568,9,2011
954.7895140301587,10,2011
890.7616252714972,11,2011
668.5037588378677,12,2011
525.8455416934521,1,2012
411.95387111981216,2,2012
399.48456342835414,3,2012
358.00872200025384,4,2012
573.840388859003,5,2012
