error,month,year
652.7823156911279,11,2016
501.54029808714427,12,2016
381.3137213443854,1,2017
271.24232823133684,2,2017
276.75920316754735,3,2017
217.46967737700453,4,2017
354.4807835961369,5,2017
268.5495117623565,6,2017
121.72591906144078,7,2017
95.3406754269663,8,2017
205.29818663096614,9,2017
423.21371548127934,10,2017
