error,month,year
536.4677699618686,1,2011
438.3129461046225,2,2011
431.35760457852274,3,2011
374.48717610516815,4,2011
537.6291809708777,5,2011
740.6203717073993,6,2011
782.9563984429454,7,2011
885.84157797649,8,2011
805.851859739798,9,2011
993.5566577445227,10,2011
918.152487642348,11,2011
701.8078077380935,12,2011
