error,month,year
731.8945126675231,8,2010
596.3089521808022,9,2010
802.6034541710818,10,2010
751.6235142550084,11,2010
594.2679732279928,12,2010
427.43521877470937,1,2011
329.2525128134788,2,2011
318.60121734162146,3,2011
258.24206580899516,4,2011
433.3594776808995,5,2011
633.7159451854111,6,2011
670.4708428717681,7,2011
