error,month,year
162.08979170567744,3,2016
324.16934427315493,4,2016
579.6295600653198,5,2016
743.9745641608442,6,2016
748.3587301573348,7,2016
730.997619574982,8,2016
637.3930049704056,9,2016
767.7404638803312,10,2016
811.1217961947393,11,2016
639.2407014891048,12,2016
519.9866832677858,1,2017
413.5027144934671,2,2017
