error,month,year
381.97371665702383,5,2014
541.4225404935994,6,2014
542.6075986354816,7,2014
635.7476516709711,8,2014
433.3318451979468,9,2014
534.4119353655092,10,2014
516.9958008569624,11,2014
393.4636876028072,12,2014
162.5821863747077,1,2015
130.4477472947284,2,2015
73.18358284949164,3,2015
57.571345921695695,4,2015
