error,month,year
63.55302418782435,11,2013
223.2651835971625,12,2013
352.0459636645119,1,2014
259.231715692404,2,2014
256.73072329526536,3,2014
265.44564747916496,4,2014
427.17953659356556,5,2014
587.1628407026205,6,2014
587.0992313828102,7,2014
680.4539816575941,8,2014
480.7405643796725,9,2014
580.924242215884,10,2014
