error,month,year
638.367303082641,9,2012
799.8852358855161,10,2012
792.8554047759212,11,2012
536.207722340994,12,2012
373.98808061719416,1,2013
269.15542945522367,2,2013
259.6146066429652,3,2013
219.70398129615702,4,2013
410.8176011376855,5,2013
611.4234848237841,6,2013
655.5466815289185,7,2013
727.8954668417427,8,2013
