error,month,year
200.79630348684265,8,2007
231.89924089288684,9,2007
198.68007936265104,10,2007
341.6943905427935,11,2007
68.64481147959418,12,2007
166.85840975247675,1,2008
333.93156205936015,2,2008
363.7434300048427,3,2008
513.5724876319927,4,2008
216.55623327270018,5,2008
348.0356549997284,6,2008
567.2135161993133,7,2008
