error,month,year
1003.5530241878243,11,2013
723.2651835971625,12,2013
559.0459636645119,1,2014
416.231715692404,2,2014
386.73072329526536,3,2014
345.44564747916496,4,2014
519.1795365935656,5,2014
727.1628407026205,6,2014
824.0992313828102,7,2014
896.4539816575941,8,2014
799.7405643796725,9,2014
967.924242215884,10,2014
