error,month,year
177.41095056742958,4,2015
317.95239316952353,5,2015
505.9142859120005,6,2015
611.7543411965762,7,2015
677.0392875045616,8,2015
584.1228811571908,9,2015
769.2553691901009,10,2015
800.8072155088016,11,2015
515.5567620027778,12,2015
351.91117117689225,1,2016
223.85148682865798,2,2016
200.270752149175,3,2016
