error,month,year
807.7845439638022,6,2008
748.7325725483058,7,2008
702.0830389098115,8,2008
747.1083908604817,9,2008
741.4946683334763,10,2008
773.5919881257203,11,2008
650.9994202516173,12,2008
601.0004024595846,1,2009
458.9775250393893,2,2009
494.05865501764083,3,2009
445.39269055436233,4,2009
697.7896851492003,5,2009
