error,month,year
122.46034378163353,2,2007
122.6620134726013,3,2007
59.31870439415627,4,2007
275.77929071825895,5,2007
19.21430933485135,6,2007
147.8386683872509,7,2007
349.7047281654946,8,2007
392.52533183348163,9,2007
391.88751738355876,10,2007
581.833725844456,11,2007
168.29000401914897,12,2007
320.68998301639897,1,2008
