error,month,year
291.3555797374503,11,2010
38.280470776355514,12,2010
5.086883109463656,1,2011
121.604549509636,2,2011
115.10939253474771,3,2011
22.56344132006336,4,2011
276.4356657473478,5,2011
358.15995867536594,6,2011
269.95446989264315,7,2011
9.612172857096198,8,2011
309.030008755165,9,2011
357.6809278027504,10,2011
