error,month,year
664.5881700890851,6,2014
761.7837680523407,7,2014
833.156741488835,8,2014
729.3164686720256,9,2014
903.4378656722071,10,2014
945.2839680797804,11,2014
648.5167317850378,12,2014
472.9216498196213,1,2015
344.7901247118572,2,2015
303.21805305235733,3,2015
262.60112200420537,4,2015
419.7404124402394,5,2015
