error,month,year
117.27973201212586,3,2011
18.13247432591703,4,2011
286.15140426963416,5,2011
362.0458004468637,6,2011
268.39840098296077,7,2011
17.486626063205676,8,2011
279.5632602196184,9,2011
381.09964016410345,10,2011
64.98195351557922,11,2011
260.78870208931744,12,2011
294.87145633264436,1,2012
196.52372435815653,2,2012
