error,month,year
516.902089685531,2,2009
537.7468449067918,3,2009
492.46286141821366,4,2009
751.2967020326403,5,2009
963.9463783291163,6,2009
958.4968413122824,7,2009
968.7707424034038,8,2009
810.916578793679,9,2009
1043.9289344050455,10,2009
940.9118405118677,11,2009
776.578302783487,12,2009
675.9459057546337,1,2010
