error,month,year
242.79911885023756,5,2015
120.4793746568264,6,2015
270.63002744544474,7,2015
620.4968049418934,8,2015
969.3623398229571,9,2015
1294.038602531838,10,2015
4067.9434324678605,11,2015
1989.9887965578037,12,2015
674.3415001552621,1,2016
172.45280122287417,2,2016
120.49817688563252,3,2016
38.01393805759918,4,2016
