error,month,year
663.3711652176028,5,2009
877.2607075162956,6,2009
876.7844069014355,7,2009
890.2819312629048,8,2009
719.2424879218988,9,2009
971.6613009882362,10,2009
858.4748555426856,11,2009
693.0718605977686,12,2009
563.296038774121,1,2010
430.0381625954106,2,2010
427.7711291596135,3,2010
398.0082023923517,4,2010
