error,month,year
556.0089083769768,12,2012
495.41753834541794,1,2013
146.2521527377873,2,2013
42.8622368318795,3,2013
89.89390040427116,4,2013
109.41653920819886,5,2013
61.14948766619557,6,2013
424.90671108965637,7,2013
429.277357494477,8,2013
215.43033673377101,9,2013
73.48282830622543,10,2013
13.169249832008063,11,2013
