error,month,year
351.7810064334369,3,2010
319.26758043542003,4,2010
525.5312328825634,5,2010
758.5568275920135,6,2010
743.6513853014578,7,2010
784.288075194066,8,2010
626.8938402659461,9,2010
864.0635431028285,10,2010
801.934202487808,11,2010
642.7170939910905,12,2010
472.3747403315122,1,2011
372.98664640096,2,2011
