error,month,year
17.139253396199365,10,2013
66.62594065889618,11,2013
226.91696860664138,12,2013
356.39547406119027,1,2014
263.8383864028493,2,2014
260.94335935066016,3,2014
270.0590805638987,4,2014
431.3753873404511,5,2014
590.9537249015599,6,2014
590.9141372822993,7,2014
684.326088154038,8,2014
485.717177828588,9,2014
