error,month,year
373.0495933368152,12,2015
440.78715102502974,1,2016
462.7987520169091,2,2016
420.12943167245186,3,2016
357.70775202895584,4,2016
598.9034575471902,5,2016
741.8151113979202,6,2016
793.1624866586885,7,2016
862.8056371971422,8,2016
904.6170652417744,9,2016
1015.8557039515347,10,2016
1649.9079555025683,11,2016
