error,month,year
127.70493504193277,4,2016
195.32012324436005,5,2016
251.99865649647882,6,2016
250.97727642695745,7,2016
200.50047894977249,8,2016
174.8666187578788,9,2016
168.7886584803471,10,2016
173.71668841536186,11,2016
160.95312288055692,12,2016
163.66256770497938,1,2017
126.88571071566516,2,2017
124.65351815284107,3,2017
