error,month,year
201.36268534302897,5,2009
235.23848919561547,6,2009
201.7391512450871,7,2009
178.35395559805218,8,2009
170.15128396135088,9,2009
176.61243153050125,10,2009
168.26809382490455,11,2009
166.7234470446565,12,2009
168.26423167623787,1,2010
147.31287938701297,2,2010
140.28759423527708,3,2010
161.70245807817398,4,2010
