error,month,year
207.11334116978423,8,2015
179.89817899684746,9,2015
175.57961883058198,10,2015
173.9489249745391,11,2015
160.9397857592111,12,2015
170.9420896959691,1,2016
133.58077237643943,2,2016
131.50458563402643,3,2016
138.75818983935142,4,2016
206.6002302066953,5,2016
263.9609366801293,6,2016
262.97334857977626,7,2016
