error,month,year
160.60784409972064,1,2016
125.5442370334614,2,2016
124.44634437096238,3,2016
130.81994899424743,4,2016
196.453786961323,5,2016
252.81388975344555,6,2016
252.03111757825386,7,2016
202.37174806185539,8,2016
177.21452842235104,9,2016
170.42507114870253,10,2016
175.8386632274446,11,2016
163.4510934572839,12,2016
