error,month,year
181.76743526739952,2,2014
180.60726394755227,3,2014
193.06043584425456,4,2014
268.0491166494382,5,2014
326.51305651131463,6,2014
308.3348307271046,7,2014
250.2005120939471,8,2014
223.96439890898057,9,2014
223.33111546844728,10,2014
219.9812403374432,11,2014
205.38560984493253,12,2014
221.51253659888886,1,2015
