error,month,year
162.14865061223415,5,2012
217.01754259962595,6,2012
231.4507348870064,7,2012
208.08790795169134,8,2012
185.50666960328635,9,2012
165.06742115345503,10,2012
134.7601485807443,11,2012
120.77543099865696,12,2012
123.36481244007112,1,2013
101.68609446526592,2,2013
94.90344126753901,3,2013
114.27028928445705,4,2013
