error,month,year
204.7361955267051,5,2013
248.623435786564,6,2013
262.0419122396172,7,2013
236.38620057782688,8,2013
219.76668372566064,9,2013
216.8703450450222,10,2013
211.12939218853904,11,2013
200.803890046199,12,2013
212.32785975795338,1,2014
177.04486492601023,2,2014
177.1830054809727,3,2014
187.7713630553262,4,2014
