error,month,year
124.53516963688409,11,2009
123.1357522528682,12,2009
116.69749611930857,1,2010
95.33466857560649,2,2010
89.42895928985224,3,2010
108.56056288281005,4,2010
156.88599570899916,5,2010
175.70321500223488,6,2010
143.52900608585043,7,2010
123.64745149628008,8,2010
119.3219840432128,9,2010
130.60276099444678,10,2010
