error,month,year
93.43059528577749,5,2007
91.81648045632454,6,2007
76.04137335492963,7,2007
73.43974122258189,8,2007
76.43986636335892,9,2007
92.54333185416893,10,2007
128.38821643426954,11,2007
150.17951033805255,12,2007
145.05615119418155,1,2008
118.15542907387811,2,2008
117.35097217389796,3,2008
155.97812017349725,4,2008
