error,month,year
212.36104306856132,1,2008
177.5233017852779,2,2008
175.83844928141025,3,2008
217.53118642045976,4,2008
290.78915907524,5,2008
303.6802326364883,6,2008
242.67570770030213,7,2008
225.50436561321385,8,2008
224.199290725538,9,2008
219.80640693289013,10,2008
221.02773262831286,11,2008
235.35427335622344,12,2008
