error,month,year
244.9441178019176,9,2011
216.3713396105583,10,2011
178.80729200529154,11,2011
165.3415527847868,12,2011
169.87142214477169,1,2012
141.8499684338512,2,2012
135.392731178942,3,2012
149.8362021016529,4,2012
202.53996183636096,5,2012
258.14667093357224,6,2012
271.4339741498991,7,2012
247.07462463121888,8,2012
