error,month,year
151.70912806106628,10,2007
187.1728346207216,11,2007
208.802801141184,12,2007
234.1745235932412,1,2008
205.3873702502009,2,2008
206.36928073218465,3,2008
246.7760682130144,4,2008
316.1601652002034,5,2008
326.62403740685806,6,2008
265.87926327342893,7,2008
248.11635007870717,8,2008
245.5307583992533,9,2008
