error,month,year
265.07348807142967,5,2011
326.6948213368991,6,2011
344.46195059245395,7,2011
317.2652091554466,8,2011
290.607275757972,9,2011
263.87826697979415,10,2011
228.11379943777195,11,2011
215.8585283174337,12,2011
227.89270710078196,1,2012
199.2476599286332,2,2012
190.65016769923056,3,2012
205.36934941135445,4,2012
