error,month,year
151.53832731374544,11,2008
171.33996067661658,12,2008
171.43368442138322,1,2009
144.10503556739823,2,2009
138.3435674726503,3,2009
159.71043956262267,4,2009
225.07199250499616,5,2009
262.2046189415849,6,2009
225.95838870458996,7,2009
199.6321758134449,8,2009
190.4633520912224,9,2009
199.87354725156155,10,2009
