error,month,year
126.97368306558849,2,2015
124.72656418325691,3,2015
137.30478629927336,4,2015
209.0499335198173,5,2015
264.72142896746027,6,2015
258.36541610574267,7,2015
200.0339151734349,8,2015
173.36365520928345,9,2015
169.58667947031603,10,2015
167.93620897308074,11,2015
154.72800145491252,12,2015
163.7214895607066,1,2016
