error,month,year
63.10038177137318,3,2007
89.51328007257791,4,2007
62.955555396547105,5,2007
118.91709661618664,6,2007
3.125375285338549,7,2007
139.36303933031576,8,2007
23.684240586151148,9,2007
74.47605736955502,10,2007
122.27879833334673,11,2007
184.65405916515,12,2007
132.60760517632775,1,2008
15.015845314993443,2,2008
