error,month,year
134.91816359661442,10,2008
141.34775911402113,11,2008
160.60341224797912,12,2008
156.49416556264757,1,2009
129.09904318963413,2,2009
124.30997680187988,3,2009
146.23511223507674,4,2009
211.6154836531379,5,2009
249.08072987002444,6,2009
213.52063664553668,7,2009
186.85994143776702,8,2009
176.88400687985722,9,2009
