error,month,year
130.06306057327535,3,2009
152.7510997252556,4,2009
217.45371185355407,5,2009
253.5741145486656,6,2009
219.449158369211,7,2009
195.97760327102944,8,2009
188.6153320477737,9,2009
195.62768055127876,10,2009
187.26116727811203,11,2009
185.39810210455943,12,2009
186.11872225030143,1,2010
166.3308550430439,2,2010
