error,month,year
163.22330341419604,11,2011
149.20452531678424,12,2011
151.255430822309,1,2012
121.65394189468428,2,2012
115.64548242564945,3,2012
129.98466809864047,4,2012
182.65661968487308,5,2012
238.34147869738968,6,2012
252.42023726937757,7,2012
228.6913797594461,8,2012
205.89998488192023,9,2012
185.5917268320248,10,2012
