error,month,year
129.52578553237444,1,2010
107.60768542294676,2,2010
101.04936251379915,3,2010
119.8133249628104,4,2010
168.44749915296592,5,2010
187.54327575429187,6,2010
155.02655851127975,7,2010
135.09872861832704,8,2010
131.12477491547563,9,2010
142.8677298893028,10,2010
138.75655949923546,11,2010
142.86224576632972,12,2010
