error,month,year
222.95065418924943,11,2013
209.91570513525954,12,2013
217.85965230119663,1,2014
182.7308277843721,2,2014
183.65188002558472,3,2014
196.88064455407303,4,2014
271.50855663125753,5,2014
331.0035301517896,6,2014
314.08855530102767,7,2014
256.3292040713759,8,2014
230.55877436769936,9,2014
229.7483734345413,10,2014
