error,month,year
191.13218425107243,8,2016
165.69572264266347,9,2016
158.86762101461653,10,2016
164.08631037888017,11,2016
151.94651510362016,12,2016
153.2638925024974,1,2017
117.00140795844416,2,2017
115.47633983284081,3,2017
115.87926186317905,4,2017
177.36275346071915,5,2017
232.41029845497752,6,2017
241.61336665024726,7,2017
