error,month,year
172.97081802478158,4,2008
241.98034716242645,5,2008
252.70054377699424,6,2008
192.69887186425282,7,2008
175.39900661765117,8,2008
173.3854907135817,9,2008
170.11631340063522,10,2008
172.55006016788212,11,2008
188.54563325444613,12,2008
196.95844074996924,1,2009
172.71595134525631,2,2009
170.5995556245016,3,2009
