error,month,year
179.84597140818875,5,2016
237.05493060478366,6,2016
235.86837992293732,7,2016
184.54308068461052,8,2016
158.83712192593046,9,2016
153.1290322871707,10,2016
158.9015329400523,11,2016
146.54353536155398,12,2016
146.86089140506132,1,2017
109.58788083137493,2,2017
107.66194589701401,3,2017
108.35839267977495,4,2017
