error,month,year
277.18641088805043,8,2013
263.0038358157709,9,2013
261.5795304971891,10,2013
256.94077508954473,11,2013
246.78823942985332,12,2013
261.74380235728273,1,2014
226.1005368213752,2,2014
223.88961409589982,3,2014
234.21869205884602,4,2014
308.77630625327765,5,2014
367.78376412076136,6,2014
349.2115343654628,7,2014
