error,month,year
175.36129314730266,1,2009
147.89180759764096,2,2009
141.27247427048462,3,2009
164.9379109253746,4,2009
231.2125898840551,5,2009
267.61544071256407,6,2009
232.68296817437542,7,2009
209.77720513746257,8,2009
202.72382311847286,9,2009
209.44605666021758,10,2009
200.69530819874228,11,2009
199.16276112199228,12,2009
