error,month,year
195.5493196846784,10,2011
158.26505062271912,11,2011
143.89063142151497,12,2011
141.95738060601948,1,2012
114.26688417660313,2,2012
110.82321044797686,3,2012
126.1665622733828,4,2012
176.53396895079763,5,2012
230.40454778607776,6,2012
245.1785775427959,7,2012
223.67594814870202,8,2012
202.61934594793235,9,2012
