error,month,year
205.04158723728005,9,2010
218.28948094397725,10,2010
216.77507651133288,11,2010
223.3070784832787,12,2010
240.44268466421548,1,2011
210.8192712212224,2,2011
202.34096864222167,3,2011
227.64724930853995,4,2011
296.67985498704536,5,2011
358.94956877896806,6,2011
374.352154258731,7,2011
346.0625003001718,8,2011
