error,month,year
332.73047855357464,7,2011
301.1410495310731,8,2011
272.5132161121748,9,2011
246.58752854175125,10,2011
211.78557229828084,11,2011
201.2485639556975,12,2011
210.0447013689221,1,2012
181.90771536097336,2,2012
174.741254764227,3,2012
188.76087071818512,4,2012
240.12942121141052,5,2012
295.4229678713849,6,2012
