error,month,year
40.282340404715974,2,2007
125.37220508155113,3,2007
18.94161650845306,4,2007
55.894066617740776,5,2007
1.8171416132156324,6,2007
121.83789442571543,7,2007
4.18300983165723,8,2007
123.5944802522912,9,2007
96.35962832672024,10,2007
212.29063912026257,11,2007
42.28954284228945,12,2007
184.93983381520496,1,2008
