error,month,year
147.2835167011218,9,2008
146.85814823200232,10,2008
152.2358841399648,11,2008
170.71479319618143,12,2008
171.19735545332045,1,2009
143.7712853248443,2,2009
139.06147971441854,3,2009
161.7041712944691,4,2009
227.44279318259743,5,2009
265.2144897113145,6,2009
230.04796670150253,7,2009
203.7163708101543,8,2009
