error,month,year
232.0019207447379,6,2016
230.68001421675984,7,2016
179.8448527563121,8,2016
154.2658322287386,9,2016
148.28476406592898,10,2016
153.53902617697202,11,2016
141.02229319636302,12,2016
141.0457114453794,1,2017
104.2829164698954,2,2017
102.21459892799429,3,2017
102.90356457635338,4,2017
165.78964236215745,5,2017
