error,month,year
277.3836824886391,8,2011
247.3001548035331,9,2011
220.46389603934597,10,2011
183.6850359212989,11,2011
171.63730398756027,12,2011
174.5972962886483,1,2012
146.38188623052983,2,2012
140.59769382060622,3,2012
154.93205613762933,4,2012
207.96848150927207,5,2012
264.85139890656893,6,2012
279.02206392664556,7,2012
