error,month,year
162.6497252358689,10,2012
131.89249062262638,11,2012
118.06579223800446,12,2012
120.64294679075077,1,2013
98.93740036845483,2,2013
92.16307569030937,3,2013
110.97908315787308,4,2013
161.91426425667558,5,2013
205.94724796495757,6,2013
220.98979443004882,7,2013
194.0233815418343,8,2013
176.9954141262951,9,2013
