error,month,year
139.5809430267725,2,2013
135.8410540877365,3,2013
152.88039660427177,4,2013
202.10199616187103,5,2013
246.04949941485236,6,2013
259.2386385318464,7,2013
234.59563176852103,8,2013
219.5723895338403,9,2013
217.07280116120504,10,2013
211.64811167523442,11,2013
201.6573690759288,12,2013
208.8428263262525,1,2014
