error,month,year
262.2501705110618,7,2015
203.72879470239155,8,2015
177.1134677766142,9,2015
173.64226556195771,10,2015
172.25083292556167,11,2015
159.19548217958936,12,2015
168.22978980560498,1,2016
131.18167493915865,2,2016
129.2930331945066,3,2016
136.69499591641411,4,2016
204.35248969560172,5,2016
261.1879292265632,6,2016
