error,month,year
182.6427421182437,4,2014
253.0838024942918,5,2014
308.45517213373915,6,2014
293.2956977342378,7,2014
240.37607815294155,8,2014
215.45900547446712,9,2014
212.25671430051747,10,2014
206.0596271951247,11,2014
190.5216094580053,12,2014
202.748865592374,1,2015
169.2440104371825,2,2015
168.63122011883266,3,2015
