error,month,year
120.69401681627348,3,2015
132.53664306601874,4,2015
203.99145720515148,5,2015
259.83308835134073,6,2015
253.9266436854399,7,2015
196.02306828099532,8,2015
169.77598779445503,9,2015
165.98374859113633,10,2015
164.18379804318613,11,2015
150.99332694460077,12,2015
157.92612844142613,1,2016
120.91998467089869,2,2016
