error,month,year
131.49301362780298,2,2016
129.1099821001214,3,2016
136.14262935495842,4,2016
204.2782202177665,5,2016
261.60672461008585,6,2016
260.43859125617684,7,2016
209.2381423368229,8,2016
183.45599379653538,9,2016
177.52659721140853,10,2016
182.98941084920202,11,2016
170.24940729446345,12,2016
173.63686496701249,1,2017
