error,month,year
213.62302017527526,12,2013
219.71689541093198,1,2014
179.35392647353444,2,2014
176.33176241062225,3,2014
185.95229457934124,4,2014
266.85271408106786,5,2014
331.6831335766402,6,2014
311.8915775095932,7,2014
247.47886673376289,8,2014
220.96350636656675,9,2014
224.0342989796808,10,2014
224.05752169039317,11,2014
