error,month,year
147.69664848230528,6,2007
132.507454918799,7,2007
129.7368598627283,8,2007
131.89429633602649,9,2007
146.36833717243826,10,2007
181.7677263967488,11,2007
203.53764972654528,12,2007
232.66318362856637,1,2008
205.62765353170258,2,2008
206.0889924638345,3,2008
244.84839821649544,4,2008
311.7170316559016,5,2008
