error,month,year
166.24836169456023,1,2015
128.40994221663277,2,2015
126.69452923542204,3,2015
139.30583900271898,4,2015
210.83880271955047,5,2015
266.4673574118815,6,2015
260.1800668047281,7,2015
202.01941850338704,8,2015
175.4215333394435,9,2015
171.55615142880458,10,2015
169.90946977345502,11,2015
156.91092595718374,12,2015
