error,month,year
225.6622405935947,5,2008
235.2332268792481,6,2008
174.64786017690983,7,2008
157.93918919551896,8,2008
157.22286437221683,9,2008
155.3209535253626,10,2008
158.9370280733087,11,2008
175.22532654928833,12,2008
175.93203426631703,1,2009
152.65210724427686,2,2009
149.55515434761978,3,2009
173.0794925652851,4,2009
