error,month,year
165.5476755438635,10,2015
162.69985352514144,11,2015
150.62421814292398,12,2015
157.57260087559638,1,2016
123.5427363406487,2,2016
121.56585598621041,3,2016
128.5351679959463,4,2016
195.03754586254158,5,2016
250.84400190762446,6,2016
249.84339006167176,7,2016
200.48595710608936,8,2016
175.28073781397202,9,2016
