error,month,year
165.694624602349,7,2010
153.10205219138302,8,2010
154.48326576561476,9,2010
163.3156007364546,10,2010
160.82047933029503,11,2010
168.17471584205558,12,2010
171.4381107130736,1,2011
140.17644374042152,2,2011
134.9899333314215,3,2011
163.12323849915052,4,2011
237.36873323005574,5,2011
296.90319927815034,6,2011
