error,month,year
223.26349222221714,12,2016
211.8749684007456,1,2017
173.84779851937628,2,2017
171.16729249054342,3,2017
164.5610598023431,4,2017
222.7381400387209,5,2017
282.184611924445,6,2017
299.10266211065465,7,2017
280.23137362914156,8,2017
275.19576849139787,9,2017
262.07372600312414,10,2017
268.9151440292753,11,2017
