error,month,year
234.44328528561473,9,2013
232.53800173954983,10,2013
227.4384109560837,11,2013
215.51093517822238,12,2013
225.84330494252114,1,2014
192.0136643040682,2,2014
191.3243099784666,3,2014
205.1343089606068,4,2014
276.71914479854615,5,2014
333.1114844576712,6,2014
317.2220535249267,7,2014
261.848207996465,8,2014
