error,month,year
203.1956864886464,2,2011
194.6617101752705,3,2011
219.89956265671603,4,2011
287.0559825347348,5,2011
350.9261489092125,6,2011
370.16351374213053,7,2011
343.9768509107988,8,2011
317.3094261471035,9,2011
289.3462708409837,10,2011
252.42467965903452,11,2011
238.0766751139003,12,2011
253.34148435240917,1,2012
