error,month,year
115.23336915222201,3,2016
121.85505189601956,4,2016
190.28241934489319,5,2016
247.66023907119703,6,2016
246.1463852526648,7,2016
194.30156808166268,8,2016
168.26239612242819,9,2016
162.80138081649991,10,2016
168.83124655433204,11,2016
156.46183049378666,12,2016
159.35919354399402,1,2017
121.43289347620322,2,2017
