error,month,year
120.17693616490506,4,2010
168.35887434496888,5,2010
187.3114124103199,6,2010
155.4229576693017,7,2010
135.8664060873377,8,2010
131.87021413056777,9,2010
143.1619531110512,10,2010
138.8838852436395,11,2010
142.84373521112866,12,2010
147.22037066659857,1,2011
120.18733755207892,2,2011
118.23232090235213,3,2011
