error,month,year
138.3208800715932,9,2009
144.19881746783082,10,2009
135.40590602473355,11,2009
134.57241818655888,12,2009
128.8873147227495,1,2010
108.11046369942986,2,2010
100.9414550747565,3,2010
120.91613063797051,4,2010
170.2780564271889,5,2010
188.39174783025325,6,2010
154.8784461187635,7,2010
136.57467487004402,8,2010
