error,month,year
171.59459652152384,3,2014
183.52194922670463,4,2014
255.1616617580832,5,2014
312.8621551660666,6,2014
297.55829206854094,7,2014
242.8470125105804,8,2014
218.57426947640133,9,2014
217.2647744961039,10,2014
213.17955569494316,11,2014
197.58022506869992,12,2014
208.08764085443784,1,2015
173.65163201459103,2,2015
