error,month,year
146.24050417995645,7,2007
145.4946305314648,8,2007
148.55163322509011,9,2007
162.85599198155532,10,2007
197.82897623878785,11,2007
217.8019911366809,12,2007
254.9608612076537,1,2008
226.72231587526545,2,2008
227.0686132631581,3,2008
266.5264565317601,4,2008
334.7738925179855,5,2008
344.4197363260198,6,2008
