error,month,year
149.86555010391191,1,2013
127.8791344027521,2,2013
121.29754382738741,3,2013
138.3818861820427,4,2013
189.24329556396026,5,2013
234.1857082910704,6,2013
247.9854066175723,7,2013
222.28700928846825,8,2013
206.69837214849716,9,2013
204.6368261486105,10,2013
199.33354734174202,11,2013
188.60021027289162,12,2013
