error,month,year
131.74978624948778,12,2012
136.27430681199846,1,2013
114.16450473544708,2,2013
107.97705869634945,3,2013
125.1861090117618,4,2013
175.549900297043,5,2013
220.11173404957333,6,2013
233.78858115749432,7,2013
209.13104810774263,8,2013
193.6183505572657,9,2013
189.6143086393176,10,2013
182.04088292168103,11,2013
