error,month,year
223.49152364935435,6,2009
189.0331012476143,7,2009
164.16744193961833,8,2009
154.8513117606749,9,2009
162.53557282985463,10,2009
153.98840586738902,11,2009
152.96605027387898,12,2009
152.2056501395113,1,2010
130.25574774932758,2,2010
122.68853853506596,3,2010
142.87322341318463,4,2010
193.720378528369,5,2010
