error,month,year
273.10630523987544,7,2014
212.96286887908286,8,2014
186.40657749080418,9,2014
187.82384591316483,10,2014
185.68111514459642,11,2014
170.39397938210624,12,2014
181.4174716047857,1,2015
143.5678727810199,2,2015
141.11846563180862,3,2015
153.5808879768136,4,2015
224.86710519550374,5,2015
280.76975473432043,6,2015
