error,month,year
311.02353958301836,6,2014
292.66526300802764,7,2014
234.55190977419144,8,2014
209.16004760527719,9,2014
208.98913524584557,10,2014
205.90746708727343,11,2014
191.09135703840573,12,2014
202.69329246451943,1,2015
166.83851053484625,2,2015
164.58209635209386,3,2015
176.035503271243,4,2015
246.429305391299,5,2015
