error,month,year
137.2217765626001,8,2007
141.0644537944591,9,2007
156.58577895467545,10,2007
192.158051466672,11,2007
213.62466880504996,12,2007
237.48892817175044,1,2008
209.41932261111407,2,2008
209.12807080722786,3,2008
249.10608171550564,4,2008
318.9213199672045,5,2008
329.67805560594013,6,2008
268.916506314659,7,2008
