error,month,year
184.6841568256125,10,2014
182.78715271057118,11,2014
167.34546972832726,12,2014
178.52668323510392,1,2015
140.80567441009734,2,2015
138.75949639222966,3,2015
151.37369067454034,4,2015
221.99743303792263,5,2015
277.33956538054287,6,2015
270.87259212275853,7,2015
213.0270539305426,8,2015
187.01632750159573,9,2015
