error,month,year
170.90982343101092,1,2007
161.02043422496158,2,2007
170.62440176109752,3,2007
193.16504401347663,4,2007
207.92442160389896,5,2007
204.143564507766,6,2007
186.29582137771584,7,2007
176.30668447245972,8,2007
173.78611137684524,9,2007
186.00374238190508,10,2007
221.33206697870952,11,2007
243.90846581696547,12,2007
