error,month,year
153.65016379909363,12,2008
153.95774323523256,1,2009
130.0322809889155,2,2009
126.38473820398312,3,2009
147.97008200347932,4,2009
208.8346088477197,5,2009
243.17978723945038,6,2009
210.6353589935273,7,2009
186.4257724189221,8,2009
177.0786233474565,9,2009
184.10329086400318,10,2009
176.20084736824097,11,2009
