error,month,year
62.87112340351872,4,2007
70.83870151595308,5,2007
69.34583343294993,6,2007
55.44408059816281,7,2007
55.261955474267474,8,2007
60.826090769451504,9,2007
79.86416315871884,10,2007
115.72465705024702,11,2007
135.72314301518963,12,2007
138.19343579632877,1,2008
19.49091326818956,2,2008
105.29108763336306,3,2008
