error,month,year
93.15032368274406,3,2012
106.86009702117448,4,2012
158.98829528749016,5,2012
214.75892165728405,6,2012
229.19516654994288,7,2012
205.2051818816793,8,2012
182.3807331268124,9,2012
162.05950366382152,10,2012
131.79146428296698,11,2012
118.27208434373846,12,2012
119.87929207362068,1,2013
97.9319915434922,2,2013
