error,month,year
139.3114935340405,12,2011
136.84948124052335,1,2012
107.80732853637473,2,2012
102.99163155356355,3,2012
116.776333268153,4,2012
169.25282257363557,5,2012
225.31081427253883,6,2012
239.773061340607,7,2012
215.779447997101,8,2012
193.0897198766069,9,2012
172.8882172932905,10,2012
142.83944034227142,11,2012
