error,month,year
151.6511071730868,2,2008
146.97399969893266,3,2008
187.51467462534043,4,2008
261.22671884336,5,2008
273.57077137835313,6,2008
210.9063776242686,7,2008
194.086465476456,8,2008
194.2652259660015,9,2008
191.86577582521855,10,2008
194.84301755315101,11,2008
210.45099752503802,12,2008
219.72363633430862,1,2009
