error,month,year
150.49651014571234,12,2015
158.87756355941687,1,2016
122.77142294330923,2,2016
121.2171962778923,3,2016
128.1871598749904,4,2016
196.44655201885325,5,2016
254.3161500106022,6,2016
253.4251843135894,7,2016
202.40674049242955,8,2016
176.3381972358593,9,2016
169.13516934799415,10,2016
174.1903846526447,11,2016
