error,month,year
172.8038332610054,9,2016
164.3452659680424,10,2016
168.71712002015713,11,2016
156.84211886359662,12,2016
155.46493910347448,1,2017
121.14574170956352,2,2017
121.12656406439785,3,2017
121.52732928522472,4,2017
182.28749165718943,5,2017
236.99897105161256,6,2017
245.55407715718795,7,2017
214.83584748002067,8,2017
