error,month,year
162.928067051715,8,2008
160.37023851339913,9,2008
157.09521427411605,10,2008
159.7147719033368,11,2008
175.9939944316331,12,2008
187.6029279522453,1,2009
162.0260212990156,2,2009
156.8077404032894,3,2009
178.82566085597838,4,2009
243.4111680124566,5,2009
278.64472766401184,6,2009
241.86094907760202,7,2009
