error,month,year
242.33605976558553,7,2016
191.11813738538814,8,2016
165.30739573042138,9,2016
159.4787711394475,10,2016
164.84984846711401,11,2016
152.40371964260572,12,2016
154.06295650170955,1,2017
117.10061789628271,2,2017
114.75006440349378,3,2017
115.69680090992495,4,2017
178.211478901267,5,2017
233.73295529728298,6,2017
