error,month,year
263.79518300102797,6,2013
277.83791976785653,7,2013
253.906860939176,8,2013
239.209394026165,9,2013
235.97841086472494,10,2013
229.82240171519942,11,2013
219.80669267186286,12,2013
228.37192857218602,1,2014
194.2209894307626,2,2014
197.1898427556744,3,2014
205.96391036784047,4,2014
276.25062111920164,5,2014
