error,month,year
240.8716974518684,8,2014
214.08727836184238,9,2014
215.11246719267845,10,2014
213.1333204726301,11,2014
197.72616154027432,12,2014
211.95377037393243,1,2015
174.5960031377317,2,2015
171.50176010371192,3,2015
184.42663273123608,4,2015
255.45276022287135,5,2015
311.3174442782894,6,2015
304.92787662962786,7,2015
