error,month,year
178.637653062749,10,2016
182.42551797764438,11,2016
170.11370881458626,12,2016
168.57283127720711,1,2017
133.89580327292398,2,2017
134.63123908821257,3,2017
134.78020680958417,4,2017
195.63266545380841,5,2017
251.2285847780074,6,2017
260.6234370715082,7,2017
231.36186691937172,8,2017
219.50240203080503,9,2017
