error,month,year
241.8749733173053,10,2013
235.84258678545743,11,2013
222.7910355745501,12,2013
232.5075672379485,1,2014
196.8176790076004,2,2014
198.8983026571683,3,2014
213.01093328013013,4,2014
288.67046165038806,5,2014
349.78945492252615,6,2014
332.7882004952023,7,2014
274.01348807069144,8,2014
247.93775242913284,9,2014
