error,month,year
133.159849382959,11,2012
119.11058311639842,12,2012
123.16820788800194,1,2013
100.98201920689534,2,2013
94.2869427402816,3,2013
113.64415236377084,4,2013
166.39571012971618,5,2013
211.75175315422604,6,2013
226.4289538373945,7,2013
199.2751185695409,8,2013
181.8514215079382,9,2013
178.30600291264813,10,2013
