error,month,year
153.61298980286153,1,2012
123.69834268328285,2,2012
116.81898639369194,3,2012
129.8702512075277,4,2012
181.99005091950218,5,2012
237.99710175721427,6,2012
252.8132662112426,7,2012
229.98324879170121,8,2012
208.60819023210848,9,2012
188.18032492861502,10,2012
157.76963617769613,11,2012
143.4516366661744,12,2012
