error,month,year
202.45500588368083,6,2008
139.00960900324043,7,2008
121.7739998591538,8,2008
120.90184599062012,9,2008
119.27260298234995,10,2008
123.43276588006165,11,2008
140.73010108718444,12,2008
134.66088416515532,1,2009
108.84416511674705,2,2009
104.19802606966078,3,2009
125.7141338767239,4,2009
189.4852336037226,5,2009
