error,month,year
240.57897001468183,10,2010
240.46878119183452,11,2010
246.4202800973588,12,2010
269.7354690502144,1,2011
241.2997756503909,2,2011
234.13310449915448,3,2011
258.36341036088953,4,2011
323.36417561270247,5,2011
385.1912710004249,6,2011
401.95773698943697,7,2011
375.64463355155004,8,2011
348.8058852474333,9,2011
