error,month,year
192.9747488414886,6,2010
156.9791214365281,7,2010
139.6832846742843,8,2010
137.31159539353797,9,2010
146.641235554183,10,2010
142.51879538189507,11,2010
147.64337963294946,12,2010
152.23649042538855,1,2011
123.4766754082437,2,2011
120.66507841831215,3,2011
145.3600247032394,4,2011
211.4641337527071,5,2011
