error,month,year
222.7327849157716,8,2012
199.7299732881613,9,2012
179.3703346038718,10,2012
149.4623310309289,11,2012
136.1361251526272,12,2012
140.89409306481667,1,2013
119.31963440022815,2,2013
111.96153119483944,3,2013
130.78758298945428,4,2013
181.61944429478126,5,2013
225.77601427920703,6,2013
241.49394748582324,7,2013
