error,month,year
322.2330687438013,6,2011
339.2216518963487,7,2011
311.23840414331636,8,2011
284.1669732840537,9,2011
257.5172014808642,10,2011
221.9306066755497,11,2011
209.7307463553976,12,2011
221.02658542816204,1,2012
192.62030511716472,2,2012
184.4539882535795,3,2012
199.6066731973615,4,2012
251.62863950222948,5,2012
