error,month,year
195.0042731862838,11,2016
183.89211284670654,12,2016
182.9274196666616,1,2017
146.3307921218428,2,2017
146.59997996589743,3,2017
145.55795462483104,4,2017
206.53854719693825,5,2017
264.0021239069355,6,2017
275.34056120642936,7,2017
247.39069750653445,8,2017
237.9560785955464,9,2017
232.4067562810594,10,2017
