error,month,year
139.51755221293527,3,2008
179.68929276815123,4,2008
248.600868954092,5,2008
260.33455680251666,6,2008
202.69035072374882,7,2008
186.22571444833545,8,2008
185.2094753974625,9,2008
181.5339317814937,10,2008
183.90143522617916,11,2008
198.45184291766262,12,2008
209.42651351940782,1,2009
189.22599842441002,2,2009
