error,month,year
124.56475631739772,2,2009
119.7423320535937,3,2009
142.20758778376492,4,2009
205.6307465331005,5,2009
240.64437503301792,6,2009
206.62588747358657,7,2009
182.3970327731601,8,2009
173.30662652404885,9,2009
180.09743008415956,10,2009
171.41243994755095,11,2009
170.1892808481354,12,2009
175.45922432129638,1,2010
