error,month,year
225.19107596911306,1,2014
190.36941124528659,2,2014
191.19426916594043,3,2014
202.9966135511456,4,2014
275.58707602329747,5,2014
333.75942676040864,6,2014
316.7916601993882,7,2014
260.8986874336049,8,2014
235.94217781760938,9,2014
234.0090627395428,10,2014
229.8802489142202,11,2014
215.1971561325533,12,2014
