error,month,year
116.61121441498464,2,2010
110.29597966092234,3,2010
129.917974163232,4,2010
178.56590459223378,5,2010
197.37398697132497,6,2010
164.70828507605174,7,2010
145.08331742000615,8,2010
140.82256126715754,9,2010
151.28658203734344,10,2010
146.70945227027053,11,2010
150.5724594127339,12,2010
158.26870485035857,1,2011
