error,month,year
201.04774620677503,4,2011
266.7773568772467,5,2011
329.37794978681245,6,2011
347.6777585019727,7,2011
320.77526602289817,8,2011
294.26148390097563,9,2011
267.5167479690808,10,2011
231.73417207026185,11,2011
219.20989535432705,12,2011
231.7070195783985,1,2012
202.539471296946,2,2012
194.15505461980754,3,2012
