error,month,year
173.22546208106198,5,2010
191.95164434636985,6,2010
160.36114526064145,7,2010
140.96817328386877,8,2010
136.72766062744526,9,2010
147.27791378915433,10,2010
142.66764998626974,11,2010
146.32048217244665,12,2010
152.9853123404629,1,2011
125.96985086132948,2,2011
123.60267167589392,3,2011
144.12473412372788,4,2011
