error,month,year
97.26858421271903,2,2012
92.30967012127716,3,2012
106.2100841209746,4,2012
158.242103033044,5,2012
213.8610415830841,6,2012
228.3451263497752,7,2012
204.58057416376732,8,2012
181.94139421130265,9,2012
161.73443566224674,10,2012
131.61794287786492,11,2012
118.13291337767208,12,2012
118.83612374216305,1,2013
