error,month,year
201.77993487200268,5,2015
256.23089129415604,6,2015
250.3226905445493,7,2015
193.87578762921018,8,2015
168.55505734850706,9,2015
164.48213202180574,10,2015
162.73330600483905,11,2015
150.40783106509986,12,2015
156.510723884258,1,2016
120.79993260784,2,2016
118.77770795147877,3,2016
125.02689009817732,4,2016
