error,month,year
234.80794295987585,6,2012
248.83592986831158,7,2012
224.93163046949832,8,2012
202.3883789114913,9,2012
182.46991378453154,10,2012
152.76532777909188,11,2012
139.5346333964061,12,2012
144.3776899830559,1,2013
122.46727895510205,2,2013
114.80881156272496,3,2013
133.54890556889552,4,2013
185.05202156218758,5,2013
