error,month,year
298.46871863331785,7,2013
275.722631116905,8,2013
261.5391137575991,9,2013
257.88489652469656,10,2013
251.80274442860008,11,2013
241.87941558122483,12,2013
253.01844181351615,1,2014
219.295073661224,2,2014
224.1518704843644,3,2014
232.95766984346298,4,2014
302.908847665807,5,2014
360.29105585589735,6,2014
