error,month,year
130.6908490720783,3,2013
149.42939881515937,4,2013
200.3148966603325,5,2013
243.64504608203399,6,2013
256.1408518784688,7,2013
229.187542433463,8,2013
212.46912186743057,9,2013
210.6186566049553,10,2013
206.0692106924891,11,2013
197.207572783782,12,2013
209.71079147307682,1,2014
172.75052958080002,2,2014
