error,month,year
180.87460987336877,9,2012
160.03376802816362,10,2012
129.72593779120024,11,2012
116.17769608452394,12,2012
118.36370137478441,1,2013
96.71321603065417,2,2013
89.88878502563342,3,2013
108.71901406836872,4,2013
159.61582847662996,5,2013
203.6161079976252,6,2013
218.9392523678891,7,2013
192.31888108211032,8,2013
