error,month,year
161.28639446209291,8,2009
152.77884492462553,9,2009
160.66214321039297,10,2009
154.0386331221191,11,2009
155.49119943010547,12,2009
152.80384837032034,1,2010
131.43884454977052,2,2010
123.19743798690858,3,2010
143.38915741543948,4,2010
193.66852478548248,5,2010
211.45341306271771,6,2010
176.27510967805958,7,2010
