error,month,year
125.93947248526743,12,2009
119.59044496177923,1,2010
99.29638197212488,2,2010
94.11324158363199,3,2010
112.95186185422004,4,2010
159.6211151126021,5,2010
178.01359570013702,6,2010
147.51522957637414,7,2010
128.5211069890587,8,2010
124.3286615981548,9,2010
134.7996779529993,10,2010
130.3840061459955,11,2010
