error,month,year
242.04827041095817,1,2011
213.1315357694123,2,2011
202.92486870361003,3,2011
227.15066848467427,4,2011
294.2655039509134,5,2011
357.39754798528105,6,2011
375.41322633398977,7,2011
348.17374853780785,8,2011
321.2201867278152,9,2011
293.44802807200364,10,2011
257.71803148381406,11,2011
245.98204380266637,12,2011
