error,month,year
249.48132458189676,11,2010
254.73627687676247,12,2010
282.8342648956873,1,2011
254.89156665045886,2,2011
247.11267758430046,3,2011
270.4962661568844,4,2011
335.15247467251334,5,2011
398.67328111047976,6,2011
417.3821651437339,7,2011
389.75526220835457,8,2011
362.6773838273976,9,2011
337.0066253759556,10,2011
