error,month,year
191.50630855206018,11,2014
175.02161512453046,12,2014
183.66447460843997,1,2015
147.62970617855856,2,2015
146.32662042010625,3,2015
158.47134420037546,4,2015
229.5091413554718,5,2015
285.72697446236623,6,2015
280.120264096441,7,2015
223.6629885190516,8,2015
198.1145906107333,9,2015
192.44326612263225,10,2015
