error,month,year
190.9021759503226,9,2014
195.12356778344596,10,2014
196.28392901162883,11,2014
182.27316871682584,12,2014
196.6356582403069,1,2015
155.67656238105786,2,2015
150.6407522474115,3,2015
161.07724080197545,4,2015
235.3483952069961,5,2015
293.3938813519442,6,2015
284.9357466680076,7,2015
222.46647126843442,8,2015
