error,month,year
154.0858216144841,4,2013
206.74807500842246,5,2013
252.16171699882446,6,2013
265.27433269033037,7,2013
236.84155388238102,8,2013
219.8343844292837,9,2013
219.04744717318837,10,2013
215.65294008122714,11,2013
206.7468255932517,12,2013
218.58410581870746,1,2014
180.46786883911358,2,2014
179.68050021965192,3,2014
