error,month,year
100.79452566675852,4,2012
152.53208803625225,5,2012
207.77611842946428,6,2012
222.2782349278767,7,2012
198.70473241686284,8,2012
176.01803837875497,9,2012
155.62567383530762,10,2012
125.29382156026035,11,2012
111.47312809454009,12,2012
112.25794556737816,1,2013
90.51735947010346,2,2013
83.99432259885825,3,2013
