error,month,year
200.645752045214,12,2007
217.91642803235428,1,2008
187.50552759807442,2,2008
187.7966923239744,3,2008
227.89078484276868,4,2008
297.5328654653244,5,2008
308.80828109954336,6,2008
249.23953130923016,7,2008
232.07316061154842,8,2008
229.74908220366115,9,2008
225.4960298631359,10,2008
227.12938389698232,11,2008
