error,month,year
129.256936267783,10,2009
119.78707076045437,11,2009
118.34482345172658,12,2009
110.36027469671517,1,2010
89.23099383063328,2,2010
83.2610243725161,3,2010
102.45079722006984,4,2010
150.92156388221818,5,2010
169.76225622520212,6,2010
137.82893799056058,7,2010
118.23856684082656,8,2010
114.24547217781313,9,2010
