error,month,year
94.21394870805507,3,2010
113.51993517242985,4,2010
162.81740295844787,5,2010
182.10687371781933,6,2010
149.13384648841802,7,2010
128.723828138958,8,2010
124.35728300884055,9,2010
135.8934304377905,10,2010
131.4462371629557,11,2010
135.49544421636034,12,2010
139.34469607781782,1,2011
111.73845672297605,2,2011
