error,month,year
142.1192191316157,4,2009
205.4418477234031,5,2009
239.6533225417044,6,2009
203.6490921603532,7,2009
179.84067481803388,8,2009
172.46535206277855,9,2009
181.37056372366962,10,2009
174.59007257604554,11,2009
174.86436554736534,12,2009
175.50576584934566,1,2010
153.2711448268745,2,2010
145.00515043852997,3,2010
