error,month,year
165.99105806718282,9,2015
161.3299603560656,10,2015
160.7234817650154,11,2015
149.4272490881512,12,2015
156.93265160043111,1,2016
121.11120552943808,2,2016
119.14978717313663,3,2016
124.67119850715035,4,2016
191.4334061480956,5,2016
248.4054068465356,6,2016
247.03795008480452,7,2016
196.089115896698,8,2016
