error,month,year
143.41839057550155,9,2007
160.0058109615104,10,2007
196.78843091449403,11,2007
218.9404627541861,12,2007
243.5872500884717,1,2008
213.43405229979473,2,2008
212.90034332464086,3,2008
255.4103019364208,4,2008
330.83228229939624,5,2008
342.2766219000027,6,2008
276.09127361691253,7,2008
257.1310370742091,8,2008
