error,month,year
158.18395850672718,12,2014
166.33751041764998,1,2015
129.29801275465107,2,2015
128.37307116110048,3,2015
141.02437321981648,4,2015
211.68950331080657,5,2015
267.00553639362425,6,2015
261.17948120022913,7,2015
204.0027545944193,8,2015
177.8427763424221,9,2015
173.62901753244816,10,2015
171.68640077880366,11,2015
