error,month,year
191.0673881402193,11,2007
212.2736535161473,12,2007
236.81068658119557,1,2008
206.94591664971853,2,2008
207.3758394636037,3,2008
247.79109819729487,4,2008
318.46289548656085,5,2008
328.96655873517915,6,2008
266.69593781108034,7,2008
248.84555932692783,8,2008
246.4469383800708,9,2008
242.901840169996,10,2008
