error,month,year
132.1536138600186,4,2015
203.01851392536327,5,2015
258.48106110434816,6,2015
252.4955764913593,7,2015
194.98244563705654,8,2015
169.0395766024416,9,2015
165.289266694094,10,2015
163.54741459935184,11,2015
150.7403574494614,12,2015
157.54348743257634,1,2016
120.57515564233128,2,2016
118.49859248078371,3,2016
