error,month,year
236.00477578687145,12,2010
256.65111981709805,1,2011
229.2800521464577,2,2011
223.8732373154512,3,2011
246.72610330888563,4,2011
310.7492008392564,5,2011
373.0573646601149,6,2011
390.80912194834167,7,2011
364.3188969944751,8,2011
338.387726152988,9,2011
312.3503174605092,10,2011
278.2030750055726,11,2011
