error,month,year
177.92657515851215,7,2009
152.42051765585938,8,2009
142.92630693813442,9,2009
150.51614704921798,10,2009
141.99033674341828,11,2009
141.1760960720686,12,2009
137.53641094067905,1,2010
115.8056836003158,2,2010
108.17075785795919,3,2010
127.89335954754824,4,2010
177.95968491697928,5,2010
197.9335078312052,6,2010
