error,month,year
252.82977188771926,6,2015
246.29763417929334,7,2015
188.21121656178212,8,2015
161.66058430724118,9,2015
157.99545406690578,10,2015
156.17647824583148,11,2015
143.08544654480718,12,2015
150.23168480844353,1,2016
113.0703477878733,2,2016
111.58454722304991,3,2016
118.82065536489613,4,2016
186.4929797821294,5,2016
