error,month,year
240.62148296014286,7,2012
216.3607749332128,8,2012
193.57544826393638,9,2012
173.47965226683772,10,2012
143.63527465228574,11,2012
130.35422433679864,12,2012
134.09205676178178,1,2013
112.35488182673794,2,2013
104.94651370883335,3,2013
123.72218411250986,4,2013
174.78772057074082,5,2013
219.3981555037914,6,2013
