error,month,year
171.52084318874452,11,2015
158.8434989471398,12,2015
168.56559200398482,1,2016
131.78826677162607,2,2016
129.81274237932445,3,2016
136.8987269959171,4,2016
204.36792482514213,5,2016
261.3133918847327,6,2016
260.1610821946498,7,2016
209.45315721019313,8,2016
183.6679619219392,9,2016
177.26345651567974,10,2016
