error,month,year
178.18960319935294,3,2011
200.75393598437114,4,2011
267.33930450790604,5,2011
330.8428129797232,6,2011
349.7386178681872,7,2011
322.6254894535593,8,2011
295.94011969978186,9,2011
269.02783806829194,10,2011
232.89626477232414,11,2011
219.84343029376805,12,2011
231.63536735807645,1,2012
202.6260331384562,2,2012
