error,month,year
183.5074736553041,8,2010
186.06843858253742,9,2010
196.99855306522983,10,2010
195.0710173941007,11,2010
201.84295496679692,12,2010
212.3097963964242,1,2011
181.84572036935953,2,2011
175.16402784210976,3,2011
201.52199830391896,4,2011
272.66366475175084,5,2011
334.02256073763715,6,2011
345.63419060881586,7,2011
