error,month,year
175.67251975236806,7,2008
157.90200695399102,8,2008
154.96908218236086,9,2008
151.1997489820114,10,2008
153.35424418579785,11,2008
168.63108835147978,12,2008
178.05738606199,1,2009
154.84413177714913,2,2009
150.96671735697902,3,2009
172.37824067803984,4,2009
232.71579304323424,5,2009
265.6427332137744,6,2009
