error,month,year
246.41291188841686,5,2014
305.1385075832136,6,2014
287.9806686338258,7,2014
229.8244703247876,8,2014
204.5740051661794,9,2014
204.85194024849534,10,2014
202.24567386403862,11,2014
186.9430580376921,12,2014
196.85742069365017,1,2015
160.63541084418958,2,2015
159.49210022040208,3,2015
171.91992755725332,4,2015
