error,month,year
59.99821742664168,2,2012
51.6812566460001,3,2012
66.51451783488822,4,2012
71.57045237302451,5,2012
51.14055365172805,6,2012
20.08640188630433,7,2012
2.002838882922525,8,2012
16.616475588837268,9,2012
56.57267314408493,10,2012
96.33008693256832,11,2012
106.15036898364227,12,2012
108.43620920600591,1,2013
