error,month,year
32.25281205360021,9,2014
16.64094216754488,10,2014
37.359771967044615,11,2014
37.00038104932908,12,2014
32.9899033389041,1,2015
36.61780409800129,2,2015
44.4797473061268,3,2015
41.48960964359567,4,2015
4.972149803249224,5,2015
3.0403868184512675,6,2015
24.35731312685889,7,2015
29.07666068828821,8,2015
