error,month,year
111.20759241844169,2,2011
106.98886279952578,3,2011
66.54583175408071,4,2011
52.577324895350635,5,2011
87.37940190642806,6,2011
158.01557322986932,7,2011
223.67852543834573,8,2011
220.9637574693132,9,2011
148.47131254503168,10,2011
66.64488981813683,11,2011
73.0480654142933,12,2011
92.64987884340091,1,2012
