error,month,year
11.96317082151677,11,2009
12.345823419804132,12,2009
31.348248192962984,1,2010
31.740302758323413,2,2010
14.547488172797921,3,2010
15.425244785961645,4,2010
48.28666454394382,5,2010
84.02081617061188,6,2010
101.34157057116413,7,2010
100.5388879507312,8,2010
88.56919343399332,9,2010
36.01680732843927,10,2010
