error,month,year
96.00918837855149,7,2013
132.21317430319502,8,2013
124.65235267392455,9,2013
90.8259734847916,10,2013
54.02567991050238,11,2013
47.177943282614066,12,2013
57.30691264628918,1,2014
70.41485369797681,2,2014
68.55818994929157,3,2014
47.33803462674611,4,2014
60.01477257409115,5,2014
100.0770252800894,6,2014
