error,month,year
176.95099014863868,9,2010
132.35247734031614,10,2010
137.9791129029332,11,2010
158.70789173465903,12,2010
194.87650795517888,1,2011
210.2148352027481,2,2011
173.06282066513137,3,2011
171.86030211301312,4,2011
214.22578836532855,5,2011
290.62620815653344,6,2011
352.4205864828783,7,2011
345.77716775803805,8,2011
