error,month,year
107.50978875489973,11,2011
92.09737375867277,12,2011
65.50999681141494,1,2012
64.8754715340205,2,2012
101.57134938029532,3,2012
108.30688767375518,4,2012
91.90396852802924,5,2012
63.2843381274084,6,2012
44.671468928575095,7,2012
58.11049971595994,8,2012
95.50515435810944,9,2012
132.51744631619567,10,2012
