error,month,year
18.9474108929847,3,2010
20.11011454494961,4,2010
53.14786004899557,5,2010
89.3942217234548,6,2010
104.55104902653487,7,2010
104.6238578881599,8,2010
93.60488084968458,9,2010
42.39005083640113,10,2010
35.35159392658415,11,2010
40.9888096515584,12,2010
62.795048491316756,1,2011
64.53965141753055,2,2011
