error,month,year
8.028721265213154,6,2015
36.685203708031615,7,2015
47.835736585589025,8,2015
25.15685228622625,9,2015
25.15139732484858,10,2015
51.22880902719492,11,2015
44.226229011034896,12,2015
50.609778922666294,1,2016
62.47269796872789,2,2016
42.9078451396229,3,2016
44.512826098390185,4,2016
24.84290052425397,5,2016
