error,month,year
27.185853193589057,5,2013
63.298171082432745,6,2013
95.41745923299617,7,2013
131.84447006851914,8,2013
122.7746574599469,9,2013
89.80455338482639,10,2013
53.11017069524723,11,2013
46.9796710044576,12,2013
57.60281975138764,1,2014
69.0786856818622,2,2014
65.9785204789779,3,2014
45.95060908899226,4,2014
