error,month,year
127.94633385266823,7,2010
129.51126776972006,8,2010
121.967847388235,9,2010
70.51395249706927,10,2010
67.07776279872306,11,2010
76.84899836355092,12,2010
102.7282244549077,1,2011
106.8933564676674,2,2011
83.5048382138558,3,2011
77.50526485079658,4,2011
118.44906288392764,5,2011
191.11449227600053,6,2011
