error,month,year
16.986596668681102,9,2016
8.578916398309325,10,2016
15.293240158938826,11,2016
28.37324779330796,12,2016
28.87509198811848,1,2017
26.00832221012261,2,2017
28.21083503611657,3,2017
26.310263849824725,4,2017
1.3944759424002475,5,2017
15.130687558811214,6,2017
42.611036213764784,7,2017
32.457243279836995,8,2017
