error,month,year
14.908060450352535,3,2008
19.184242302024924,4,2008
22.31613711599004,5,2008
49.23693485573791,6,2008
74.75800272279507,7,2008
71.70624137799244,8,2008
51.99545364880478,9,2008
10.46725425854177,10,2008
58.287800016519114,11,2008
38.31786159609656,12,2008
10.881621819576695,1,2009
15.947878723132643,2,2009
