error,month,year
98.08085905228843,6,2014
131.97045061050977,7,2014
126.21739399673828,8,2014
91.20268909872509,9,2014
45.98928354975026,10,2014
29.878395344623318,11,2014
36.69497954862005,12,2014
51.08138418034449,1,2015
51.448438771678745,2,2015
31.068081767913316,3,2015
48.45838184710272,4,2015
70.04859832813398,5,2015
