error,month,year
33.99085073461066,11,2008
23.617424641623057,12,2008
9.39093699273092,1,2009
21.30208064623313,2,2009
60.17286462565386,3,2009
59.52001775574193,4,2009
26.694577966922694,5,2009
10.925936625844868,6,2009
31.52319740248889,7,2009
22.99815725393104,8,2009
12.581687889560358,9,2009
41.77130620295912,10,2009
