error,month,year
12.723996254163394,4,2009
52.79598256372921,5,2009
89.58293591152253,6,2009
109.91920447175012,7,2009
105.06010730101141,8,2009
95.17662765092436,9,2009
52.311705422262605,10,2009
46.732078901488144,11,2009
49.4696402646166,12,2009
72.72633259672834,1,2010
79.37356652164786,2,2010
56.17695052392061,3,2010
