error,month,year
30.002391787922917,11,2014
28.436284184264288,12,2014
28.51535399588224,1,2015
31.63904685404527,2,2015
19.058055141600715,3,2015
30.25876500012103,4,2015
3.897780895669147,5,2015
10.748405046688037,6,2015
37.141046042185366,7,2015
44.293205789285295,8,2015
19.939992496122503,9,2015
27.245640500700087,10,2015
