error,month,year
26.435655294327628,6,2012
45.504289793979986,7,2012
29.934213392307228,8,2012
11.192941689309716,9,2012
52.446665972953355,10,2012
62.44900972421051,11,2012
63.48528280743718,12,2012
53.057487040025556,1,2013
64.72998680282313,2,2013
83.13137500978127,3,2013
89.92974436091063,4,2013
61.445486377083576,5,2013
