error,month,year
49.34812561536121,12,2007
61.32945709443735,1,2008
9.194127884252786,2,2008
56.25731726853921,3,2008
61.45318537605521,4,2008
22.80240693000053,5,2008
2.3019674756469435,6,2008
13.704242302218752,7,2008
6.319108666513685,8,2008
15.06064905529604,9,2008
74.9613551075643,10,2008
118.58725765692036,11,2008
