error,month,year
53.25290416642577,5,2007
81.5749770844045,6,2007
101.88363154084958,7,2007
67.06315923292564,8,2007
58.29490330654754,9,2007
50.1168188556937,10,2007
56.83029692986912,11,2007
37.73777109285965,12,2007
68.14029221960496,1,2008
27.11616322299692,2,2008
19.599763155855342,3,2008
33.89783811495707,4,2008
