error,month,year
74.43066035220644,10,2007
87.90364307485541,11,2007
77.52388443456515,12,2007
101.51740057292277,1,2008
70.56293249440479,2,2008
57.906015196904285,3,2008
68.18273539151826,4,2008
121.57922029579413,5,2008
154.98831887412274,6,2008
175.4427790091402,7,2008
157.31863324227982,8,2008
123.34186668850613,9,2008
