error,month,year
62.19888346683689,9,2009
18.764471489635426,10,2009
12.776500755690773,11,2009
13.627760497812641,12,2009
31.652686179609553,1,2010
32.125780761591244,2,2010
14.331942288095119,3,2010
16.094607057687092,4,2010
48.89044450846983,5,2010
84.67876048005027,6,2010
102.26395961925505,7,2010
101.2250708537005,8,2010
