error,month,year
38.807007216501724,4,2015
3.4623944206816852,5,2015
5.1214583536668625,6,2015
30.049387531030305,7,2015
38.73906697112204,8,2015
14.178774691245652,9,2015
37.46597718986933,10,2015
62.615396716106126,11,2015
55.38536060634896,12,2015
61.44998233264005,1,2016
71.49514165736208,2,2016
51.94903941865286,3,2016
