error,month,year
13.830359721578233,11,2012
15.026378666318507,12,2012
25.49488074522352,1,2013
21.698778002486485,2,2013
5.331463138466006,3,2013
19.56547575983024,4,2013
56.83990803230404,5,2013
91.0969315391707,6,2013
121.17963771296164,7,2013
111.27649383683635,8,2013
77.74191856348656,9,2013
41.6420961183929,10,2013
