error,month,year
41.163642221579146,8,2016
20.843688473360807,9,2016
5.186629879583699,10,2016
12.528105468200902,11,2016
26.13635792507564,12,2016
26.67476562930472,1,2017
24.043688652035843,2,2017
26.12354442407329,3,2017
23.370209669740213,4,2017
2.0005806422596355,5,2017
19.221969435241608,6,2017
47.07931342763025,7,2017
