error,month,year
56.00644408376625,5,2010
92.96189896473929,6,2010
107.58184203595312,7,2010
109.26158230911078,8,2010
99.0008271588268,9,2010
46.1398628192869,10,2010
39.699543953630254,11,2010
45.846966051995324,12,2010
67.7728119886565,1,2011
69.03012913286781,2,2011
52.81565571938362,3,2011
47.10597731180139,4,2011
