error,month,year
118.42188364035368,7,2014
115.43374512548444,8,2014
78.77721755801437,9,2014
30.192739641903852,10,2014
11.144546471858256,11,2014
16.682470985368568,12,2014
26.329533331392447,1,2015
27.842598661586102,2,2015
27.213446881429192,3,2015
27.548754191796807,4,2015
53.88923472681548,5,2015
58.46785851315153,6,2015
