error,month,year
50.86700498817878,12,2013
61.37096682516443,1,2014
74.17298103109549,2,2014
73.15295827908159,3,2014
57.82756998949032,4,2014
73.86376957359779,5,2014
115.38704290693698,6,2014
139.1494198346291,7,2014
173.70107630721577,8,2014
173.00730721222808,9,2014
142.97143050064997,10,2014
99.66546162920835,11,2014
