error,month,year
53.68129488021263,11,2015
45.06568092968482,12,2015
45.09176220681698,1,2016
47.4987469632575,2,2016
27.90298942913399,3,2016
30.079298618727183,4,2016
11.00676478993521,5,2016
2.5723058859118098,6,2016
31.628111956045466,7,2016
23.17424263934123,8,2016
3.4371237959885725,9,2016
20.936518815603627,10,2016
