error,month,year
27.29963551768265,9,2008
27.47608160392366,10,2008
66.22212390040661,11,2008
62.43259562138141,12,2008
60.85495850850533,1,2009
86.54983417430729,2,2009
113.93827003846607,3,2009
112.62758799882371,4,2009
82.79630424743715,5,2009
52.45083197504613,6,2009
37.958986639700406,7,2009
52.98123599565941,8,2009
