error,month,year
31.68764447113021,1,2010
32.51152434495252,2,2010
13.248285896104548,3,2010
15.16736611750634,4,2010
48.21716641604064,5,2010
83.61043832127403,6,2010
100.03350549309769,7,2010
102.13274725834093,8,2010
89.64680842785036,9,2010
35.22271442339984,10,2010
27.79337418820015,11,2010
33.88973843843597,12,2010
