error,month,year
80.59299116727826,7,2009
79.45571156372208,8,2009
64.78048395753612,9,2009
19.97076567085341,10,2009
13.801589366184585,11,2009
14.779807088826438,12,2009
34.55165976628432,1,2010
35.75236059468449,2,2010
17.37531786425442,3,2010
19.023153512167827,4,2010
52.1648434458326,5,2010
89.07123019266808,6,2010
