error,month,year
50.16140073373848,1,2008
21.28085899428287,2,2008
67.16705858410768,3,2008
73.8125542611783,4,2008
36.03505948762105,5,2008
16.845297443228368,6,2008
6.534212752920936,7,2008
24.23111052033401,8,2008
42.118000233101505,9,2008
100.25149105019672,10,2008
142.12228765473245,11,2008
116.6856895917412,12,2008
