error,month,year
35.056217542711295,2,2010
17.02168470357693,3,2010
18.70880942199277,4,2010
51.88361279790743,5,2010
87.92156697178034,6,2010
104.29442827391587,7,2010
102.6549858209508,8,2010
93.57089179887802,9,2010
40.53678464287198,10,2010
33.37974797596432,11,2010
39.07706649539911,12,2010
60.962315383264674,1,2011
