error,month,year
21.262548185411493,12,2016
23.60363187918283,1,2017
24.03606410432661,2,2017
21.077445324644447,3,2017
21.32922882797536,4,2017
1.4435284903869046,5,2017
22.713091476078592,6,2017
51.4050322338163,7,2017
37.55872553718671,8,2017
11.390466215102856,9,2017
14.340189100636675,10,2017
19.66815409500356,11,2017
