error,month,year
73.84515588976025,8,2007
69.5218188185318,9,2007
68.5562191671998,10,2007
82.03598016948943,11,2007
69.5312530263956,12,2007
85.74316439017001,1,2008
70.5416041187336,2,2008
58.62234534224215,3,2008
69.00436898582447,4,2008
120.53910893173617,5,2008
153.6283082318384,6,2008
175.13103370478095,7,2008
