error,month,year
31.603161175527593,2,2013
28.453664337428,3,2013
11.77677539741559,4,2013
24.83473507521245,5,2013
61.91410420903683,6,2013
96.78241217879436,7,2013
134.55778542392335,8,2013
120.8053686921498,9,2013
87.99917536918976,10,2013
51.64541816483936,11,2013
44.682040943385026,12,2013
54.7400519844312,1,2014
