error,month,year
90.20818703846024,12,2011
61.188449167609356,1,2012
54.50349805128547,2,2012
81.05620501266873,3,2012
87.38329548911852,4,2012
69.10626720761432,5,2012
39.53385982461681,6,2012
22.184731540291782,7,2012
36.05555300237445,8,2012
74.4934315255358,9,2012
112.67703190723792,10,2012
120.96170699221969,11,2012
