error,month,year
48.981347909886395,6,2008
72.01987335439101,7,2008
77.28370069680997,8,2008
70.10750880328153,9,2008
20.103392719708225,10,2008
14.7780369721024,11,2008
1.2676751638567083,12,2008
24.23806533131289,1,2009
18.863747597858687,2,2009
15.507883325304752,3,2009
5.322248988806186,4,2009
33.10815327637766,5,2009
