error,month,year
59.17997383014869,7,2012
43.00140442437268,8,2012
1.3845663786618676,9,2012
40.831187271135036,10,2012
52.054997211180535,11,2012
54.160208952323636,12,2012
43.83785623270622,1,2013
52.25911625159178,2,2013
64.89704823566683,3,2013
71.16674197603584,4,2013
41.09519178114553,5,2013
17.03614948856682,6,2013
