error,month,year
69.83259272037158,11,2013
62.53760737620542,12,2013
74.41669955218813,1,2014
86.78841944088362,2,2014
84.18080406539241,3,2014
68.52979907782246,4,2014
84.51071102755634,5,2014
127.892425002927,6,2014
150.62416894705024,7,2014
188.67773300391443,8,2014
192.27218422054284,9,2014
160.55947033126077,10,2014
