error,month,year
49.53735189247428,4,2011
30.846876182727467,5,2011
57.51845444317682,6,2011
121.06655147853391,7,2011
184.88243976673292,8,2011
181.55135571022927,9,2011
110.4194028122302,10,2011
28.71188035937159,11,2011
39.617981314694624,12,2011
64.27968253818948,1,2012
87.60674295296499,2,2012
81.7699897601476,3,2012
