error,month,year
30.002391787922917,1,2015
28.436284184264288,2,2015
28.51535399588224,3,2015
31.63904685404527,4,2015
19.058055141600715,5,2015
30.25876500012103,6,2015
3.897780895669147,7,2015
10.748405046688037,8,2015
37.141046042185366,9,2015
44.293205789285295,10,2015
19.939992496122503,11,2015
27.245640500700087,12,2015
