error,month,year
18.769498761461502,12,2012
30.170137177729487,1,2013
26.17300433877703,2,2013
7.248543638832757,3,2013
23.645325279202037,4,2013
61.180929420287725,5,2013
95.91350293028522,6,2013
125.93323266245596,7,2013
117.24889251941502,8,2013
84.24539425365174,9,2013
48.31354400462958,10,2013
40.44346707529679,11,2013
