error,month,year
0.03868438408559882,3,2009
7.133629464239847,4,2009
43.28164985872975,5,2009
76.54321756883405,6,2009
95.62436233835459,7,2009
93.19296823873708,8,2009
80.00078659232125,9,2009
34.196900676136515,10,2009
27.35501749367393,11,2009
29.209826966398712,12,2009
51.326632756547745,1,2010
56.083928669111394,2,2010
