error,month,year
114.58551955655037,10,2013
77.86368309312546,11,2013
71.27097427777375,12,2013
82.3080255417663,1,2014
96.43338768465065,2,2014
93.98469561038965,3,2014
70.45847473017507,4,2014
93.91860771683871,5,2014
137.31000085846944,6,2014
163.4999369663295,7,2014
202.31770108234176,8,2014
203.98319708855388,9,2014
