error,month,year
94.26291174403423,6,2010
111.72040550045318,7,2010
114.3941604445027,8,2010
102.33580896370718,9,2010
49.93764168771807,10,2010
43.67297815329128,11,2010
50.670617471059344,12,2010
73.56131821478748,1,2011
75.82874741210955,2,2011
57.330460749375575,3,2011
52.02745361789505,4,2011
92.33026542874798,5,2011
