error,month,year
43.78693360216028,8,2008
32.312185508600905,9,2008
21.453670015532058,10,2008
59.013330944230155,11,2008
38.90523413153008,12,2008
18.250901135058545,1,2009
23.733544453875176,2,2009
64.45568045869639,3,2009
60.03500061076618,4,2009
29.348708456930698,5,2009
2.8816449433874394,6,2009
7.779072752593822,7,2009
