error,month,year
71.56272886376911,11,2007
66.412822175917,12,2007
89.74199828819843,1,2008
29.090648542177693,2,2008
4.765061474420398,3,2008
11.988065481591384,4,2008
63.46032808124154,5,2008
96.72775535757744,6,2008
119.65120028454365,7,2008
106.42874361356206,8,2008
78.99314099237691,9,2008
10.23944770957398,10,2008
