error,month,year
44.856077182965564,4,2012
22.987612970790163,5,2012
9.427919277589648,6,2012
29.849870085687023,7,2012
15.059305097318234,8,2012
25.979527237208465,9,2012
65.78148962822208,10,2012
75.30994016057345,11,2012
77.37109430354106,12,2012
68.23394880171173,1,2013
88.34127749991772,2,2013
114.65045853691264,3,2013
