error,month,year
27.564637513333093,3,2015
30.387756079487943,4,2015
30.30253218284828,5,2015
31.35439745768932,6,2015
5.01028469995547,7,2015
8.882773675939498,8,2015
33.350731276981136,9,2015
42.485492707496256,10,2015
15.061950289470715,11,2015
34.228548066374216,12,2015
58.632076653228275,1,2016
48.736952625589616,2,2016
