error,month,year
21.205540254880603,4,2010
54.95978092266618,5,2010
91.46705855189659,6,2010
106.89550836421544,7,2010
107.4723173104682,8,2010
96.83501447374078,9,2010
44.51718322044512,10,2010
37.7146015415858,11,2010
43.86578224610805,12,2010
65.77152935300106,1,2011
67.32969741257153,2,2011
49.88817005147335,3,2011
