error,month,year
97.02227072676044,11,2010
110.9710082258436,12,2010
138.0544078345087,1,2011
140.49881179829558,2,2011
106.40517156074827,3,2011
98.537370082927,4,2011
138.2598816787719,5,2011
211.56220446809544,6,2011
276.3027438695832,7,2011
270.98116390225516,8,2011
195.11641768178882,9,2011
111.3305490207875,10,2011
