error,month,year
16.032816093137807,2,2008
46.2673802654934,3,2008
51.83495023622429,4,2008
9.453371667155034,5,2008
15.932223921993884,6,2008
36.192418084404935,7,2008
27.02038293665295,8,2008
6.86007643369199,9,2008
55.35979777966375,10,2008
101.4245058726304,11,2008
79.7869127609194,12,2008
45.191144592525504,1,2009
