error,month,year
78.85716206743794,9,2007
78.51913110790233,10,2007
92.30897886407335,11,2007
79.31575476014245,12,2007
97.80655485230714,1,2008
78.5733037637173,2,2008
68.56390215347125,3,2008
80.04044794938247,4,2008
131.4638737572173,5,2008
163.89179268901418,6,2008
181.9905919735017,7,2008
162.51904609814414,8,2008
