error,month,year
63.69481892007858,6,2013
96.24728440391551,7,2013
132.5471402565365,8,2013
123.01839819645569,9,2013
89.76582085975505,10,2013
53.28387895698779,11,2013
47.02693929107867,12,2013
57.16275467186371,1,2014
69.36355227710713,2,2014
67.7348131762407,3,2014
44.43712436337822,4,2014
59.60083328585173,5,2014
