error,month,year
85.4834210991018,3,2007
19.533467746024293,4,2007
121.75845359034126,5,2007
286.62287190362736,6,2007
3.0517055682349365,7,2007
110.58729022961857,8,2007
2.250371370674685,9,2007
274.0472226005064,10,2007
145.37233262135373,11,2007
108.46548870886421,12,2007
68.00408878044043,1,2008
21.659414139366998,2,2008
