error,month,year
18.562251870676285,2,2007
34.77858841602334,3,2007
63.65655606320139,4,2007
113.02008415512304,5,2007
163.11492755682977,6,2007
206.46448472121975,7,2007
189.5954713937679,8,2007
193.93394986710948,9,2007
194.77112909711326,10,2007
203.40450373089,11,2007
178.49629656081044,12,2007
169.2379289806954,1,2008
