error,month,year
13.919476226528781,12,2009
32.79505401712261,1,2010
33.374144424776205,2,2010
15.406763967333404,3,2010
16.968934045405902,4,2010
50.188211450100205,5,2010
87.18310493079413,6,2010
101.61970894236781,7,2010
101.39278769033409,8,2010
92.05773408867745,9,2010
38.65874998726828,10,2010
31.50358096520535,11,2010
