error,month,year
76.50408312325237,6,2009
97.68676796534709,7,2009
94.92756602760464,8,2009
83.27973542708605,9,2009
40.8836810647673,10,2009
35.18567201637235,11,2009
36.84713949820272,12,2009
58.131076426522,1,2010
61.57824735669155,2,2010
40.982459752697096,3,2010
48.86442144324578,4,2010
87.54515313878642,5,2010
