error,month,year
90.20818703846024,1,2012
61.188449167609356,2,2012
54.50349805128547,3,2012
81.05620501266873,4,2012
87.38329548911852,5,2012
69.10626720761432,6,2012
39.53385982461681,7,2012
22.184731540291782,8,2012
36.05555300237445,9,2012
74.4934315255358,10,2012
112.67703190723792,11,2012
120.96170699221969,12,2012
