error,month,year
36.80914034960662,12,2014
31.836487493761478,1,2015
38.831544169859754,2,2015
41.39542405169025,3,2015
40.86330704751503,4,2015
5.289614376142978,5,2015
0.6560770288862301,6,2015
24.611167261892987,7,2015
32.14444641113979,8,2015
3.3596722280993205,9,2015
46.40112184576582,10,2015
68.29268658894529,11,2015
