error,month,year
47.71460906353203,2,2014
60.336924955180976,3,2014
59.56293255541796,4,2014
50.490171823509925,5,2014
60.0556618006343,6,2014
101.12987610657628,7,2014
125.14235188985673,8,2014
162.01189623307792,9,2014
158.203055565742,10,2014
123.77080293984858,11,2014
81.35255555096832,12,2014
69.73239779349086,1,2015
