error,month,year
130.04620419667341,7,2011
113.6256590440843,8,2011
31.305209619800397,9,2011
56.745932814533646,10,2011
56.21395532677433,11,2011
40.161900711552974,12,2011
16.38616099469187,1,2012
16.913335452894028,2,2012
53.82606583096688,3,2012
64.52001356391344,4,2012
47.77981963610266,5,2012
16.519824122021486,6,2012
