error,month,year
46.09592900771493,12,2008
32.867321661406514,1,2009
47.402056135154474,2,2009
85.18347138760778,3,2009
85.26986418581598,4,2009
50.27289695166912,5,2009
8.154322919689758,6,2009
14.330147507305462,7,2009
6.63868623142821,8,2009
18.24602971343919,9,2009
86.80095332439598,10,2009
120.08694570868494,11,2009
