error,month,year
37.37733609611982,2,2016
6.8859302573002354,3,2016
6.502057003488804,4,2016
14.029520593466758,5,2016
30.262477253211202,6,2016
58.793447132772656,7,2016
47.25525203426113,8,2016
24.88923669627524,9,2016
1.5933791636355412,10,2016
9.092996005923641,11,2016
23.91722308489735,12,2016
26.46264156605782,1,2017
