error,month,year
0.5772398048485634,9,2011
93.6760639231452,10,2011
101.20679923536602,11,2011
93.64919177169159,12,2011
76.39080063365229,1,2012
83.50189817748118,2,2012
128.97392438269978,3,2012
128.7183305093841,4,2012
112.33844544798477,5,2012
83.50986750157391,6,2012
61.14467231230565,7,2012
72.0635372411856,8,2012
