error,month,year
36.61933445669745,4,2014
43.33222088651839,5,2014
84.35818739848992,6,2014
107.38457909411407,7,2014
142.18407012211085,8,2014
141.4942082868346,9,2014
108.9762711544492,10,2014
60.222395482297706,11,2014
45.99739664252361,12,2014
54.48438328922953,1,2015
69.29185241002509,2,2015
64.02747624823897,3,2015
