error,month,year
37.22435425943783,9,2012
4.787518859453396,10,2012
2.031307721420653,11,2012
3.9427272661641934,12,2012
5.413760535064764,1,2013
1.842898143816182,2,2013
16.132616663568403,3,2013
1.9581415898476848,4,2013
34.43499003973898,5,2013
60.43507690868572,6,2013
90.65161672442505,7,2013
75.5596443096189,8,2013
