error,month,year
148.0326513556688,9,2013
115.11078372286705,10,2013
79.0300409160287,11,2013
71.49258202417191,12,2013
82.54356829389464,1,2014
96.98269006278312,2,2014
94.11827038411995,3,2014
71.12892532665781,4,2014
93.58614606806829,5,2014
137.11235343381827,6,2014
163.8283510308863,7,2014
202.7802995046531,8,2014
