error,month,year
102.65658134731,8,2014
65.78476035559271,9,2014
14.635374414579134,10,2014
6.1240313595542775,11,2014
3.1854227240415187,12,2014
0.6186906082086487,1,2015
0.5754027760794891,2,2015
19.13440397327285,3,2015
5.989736627200905,4,2015
34.27578132698267,5,2015
39.10379500786135,6,2015
66.5170012497301,7,2015
