error,month,year
14.114543207197215,5,2012
17.298370660093276,6,2012
34.725545130552945,7,2012
20.95218487374396,8,2012
20.077262358197967,9,2012
63.30764391595184,10,2012
72.65994465091045,11,2012
72.03958857638266,12,2012
61.70993401702637,1,2013
77.6572685402648,2,2013
99.21708737169206,3,2013
109.46326426081605,4,2013
