error,month,year
48.63330279789707,3,2014
43.20985487127693,4,2014
51.00133672839218,5,2014
91.77526431416962,6,2014
115.71046226252355,7,2014
150.35328782275582,8,2014
149.48525856265843,9,2014
114.05217362180494,10,2014
69.30397364027176,11,2014
57.31131623662436,12,2014
64.8941207601801,1,2015
80.89004004720431,2,2015
