error,month,year
102.70447388734308,7,2007
75.30728381655717,8,2007
73.87691209888838,9,2007
76.98728207863755,10,2007
96.30578719730559,11,2007
87.22696580285715,12,2007
114.7473621529614,1,2008
82.96770202605404,2,2008
72.13049403101058,3,2008
81.18486039667958,4,2008
134.01220778588598,5,2008
169.93079088759242,6,2008
