error,month,year
99.40635407217334,3,2011
54.857029985955045,4,2011
39.863757406182586,5,2011
70.06638712017275,6,2011
137.1035389617015,7,2011
203.95401207617414,8,2011
202.07744724389488,9,2011
130.71720074269882,10,2011
46.83755264147943,11,2011
56.702527560272344,12,2011
80.17711813827009,1,2012
102.60855209207216,2,2012
