error,month,year
43.540307708940496,12,2015
39.300449324892995,1,2016
37.73370624389056,2,2016
14.61112912881053,3,2016
15.09197444481616,4,2016
4.362217919671515,5,2016
19.26764940191439,6,2016
47.58440751739787,7,2016
36.94816091752692,8,2016
15.463784762576287,9,2016
9.678862650280065,10,2016
16.183226800641574,11,2016
