error,month,year
10.282136922003883,11,2016
23.818349411966032,12,2016
26.103716442151622,1,2017
24.449604923836798,2,2017
22.550413394852363,3,2017
22.61971447792517,4,2017
2.7333879682854314,5,2017
18.281637676204422,6,2017
46.65537698150722,7,2017
38.72908797421199,8,2017
12.2498240069077,9,2017
17.69227607201998,10,2017
