error,month,year
162.97230283464853,8,2010
157.60468685797434,9,2010
111.84530816854736,10,2010
114.55878367066308,11,2010
130.58342227271743,12,2010
162.2288744472996,1,2011
171.99412545583675,2,2011
142.01951780956244,3,2011
137.5892057381747,4,2011
178.7871175747392,5,2011
253.9340179845934,6,2011
314.1132329621939,7,2011
