error,month,year
3.647631213535384,4,2008
51.2750471306213,5,2008
82.36062606494062,6,2008
108.37951676679093,7,2008
110.24971243545684,8,2008
100.54578045396029,9,2008
48.45990513036746,10,2008
0.06226513030890146,11,2008
14.83652892983141,12,2008
42.68609922877598,1,2009
35.452346202410425,2,2009
11.630759448046582,3,2009
