error,month,year
12.940546610875804,10,2012
8.22867482352224,11,2012
8.510986327254647,12,2012
17.952092963403523,1,2013
13.852599988759856,2,2013
4.966463415817722,3,2013
11.825380643537665,4,2013
49.74066390040402,5,2013
77.03062639942938,6,2013
109.54156088045148,7,2013
97.79557499634258,8,2013
63.792657844322825,9,2013
