error,month,year
110.35886549230358,10,2011
114.07623507830763,11,2011
103.87195029933466,12,2011
86.77491906713031,1,2012
92.34568670446876,2,2012
136.01382633661234,3,2012
140.86906224885132,4,2012
126.40612856853029,5,2012
99.18420064240557,6,2012
81.14341030669283,7,2012
91.97572248757385,8,2012
128.21507415085202,9,2012
