error,month,year
78.34142588900626,6,2007
97.73562997427669,7,2007
65.91857137957788,8,2007
60.838391113667605,9,2007
58.52989658969007,10,2007
68.63931092493132,11,2007
51.49282565418478,12,2007
71.46002473995327,1,2008
33.541014132765106,2,2008
24.68377109680441,3,2008
36.36006634006181,4,2008
92.92533096899477,5,2008
