error,month,year
50.86700498817878,1,2014
61.37096682516443,2,2014
74.17298103109549,3,2014
73.15295827908159,4,2014
57.82756998949032,5,2014
73.86376957359779,6,2014
115.38704290693698,7,2014
139.1494198346291,8,2014
173.70107630721577,9,2014
173.00730721222808,10,2014
142.97143050064997,11,2014
99.66546162920835,12,2014
