error,month,year
2.8838062186030435,5,2015
12.866004370590355,6,2015
40.16506143813092,7,2015
49.32310678430122,8,2015
26.530724771029305,9,2015
22.700578268422817,10,2015
47.15452582557703,11,2015
41.954347456394494,12,2015
49.131056710398646,1,2016
57.53561571833392,2,2016
37.830073412707684,3,2016
40.75945768757164,4,2016
