error,month,year
50.862951838220596,8,2012
10.008806318801554,9,2012
30.85932300481361,10,2012
41.93727024255481,11,2012
44.79888916393778,12,2012
36.23614749883197,1,2013
43.370673760231675,2,2013
53.791561864309244,3,2013
57.34074805679328,4,2013
26.914251232166343,5,2013
1.6950122812801391,6,2013
25.52042365614223,7,2013
