error,month,year
29.203176828638053,5,2008
45.73465889123108,6,2008
64.04539165368921,7,2008
65.99406469023954,8,2008
59.92228871281226,9,2008
11.391746216768222,10,2008
22.736963771372363,11,2008
13.140276107066107,12,2008
9.612103091253463,1,2009
4.7426121645883015,2,2009
28.481281213100942,3,2009
21.01671072245719,4,2009
