error,month,year
46.87093544743182,5,2009
83.94497020333546,6,2009
105.53488439768951,7,2009
102.72265380023279,8,2009
91.79503640082476,9,2009
49.376135821190545,10,2009
44.409012902537604,11,2009
46.904069738679674,12,2009
69.39007243198877,1,2010
74.64200900556119,2,2010
51.47649265176438,3,2010
62.861058423221905,4,2010
