error,month,year
55.43924394596263,3,2012
56.30070903582329,4,2012
60.568410984554845,5,2012
38.14314650352142,6,2012
3.653728688538024,7,2012
15.219343391330339,8,2012
1.6694233949798158,9,2012
39.78835079613387,10,2012
82.68101595455832,11,2012
93.60382680123207,12,2012
94.74662456055985,1,2013
85.58093699068006,2,2013
