error,month,year
53.73752364571722,5,2011
114.70736881949577,6,2011
171.0827557638991,7,2011
163.02434934066588,8,2011
87.00833970506511,9,2011
8.501897428028258,10,2011
17.18202777757795,11,2011
40.43582235695706,12,2011
67.40880280907514,1,2012
66.96599939341003,2,2012
43.369040093189575,3,2012
16.414482512125087,4,2012
