error,month,year
95.90845594606093,12,2010
119.17821785907918,1,2011
117.33263871594265,2,2011
80.15979912472487,3,2011
69.52415045447846,4,2011
106.69680839499249,5,2011
178.08772058874837,6,2011
243.6267663281649,7,2011
240.02536745272462,8,2011
165.71471229412094,9,2011
82.4341277851598,10,2011
87.20330494939795,11,2011
