error,month,year
18.357667566253895,10,2009
11.982430949700534,11,2009
12.585330023490364,12,2009
32.102559920042694,1,2010
32.4539270563193,2,2010
15.0314022029402,3,2010
15.306124893895898,4,2010
48.23026264596712,5,2010
84.6968808379291,6,2010
101.91549448837459,7,2010
101.88652242215592,8,2010
89.76625698739565,9,2010
