error,month,year
0.6284575477178223,10,2008
38.92896962477806,11,2008
25.01138547893868,12,2008
1.335057015063776,1,2009
13.535370239964225,2,2009
78.60810159888601,3,2009
68.49604261281596,4,2009
28.36766795042593,5,2009
15.177055785035884,6,2009
44.362655106499346,7,2009
45.62123943267788,8,2009
27.1565369750135,9,2009
