error,month,year
113.58841728005707,10,2010
117.45279188911793,11,2010
135.72253367357158,12,2010
168.23958757466008,1,2011
176.42638072831002,2,2011
144.1610823954039,3,2011
138.06625173515826,4,2011
178.95715920066974,5,2011
255.40369972186832,6,2011
319.2513629342227,7,2011
312.25723215349694,8,2011
232.45988036320455,9,2011
