error,month,year
3.7141946423698897,3,2016
2.794384995291185,4,2016
18.061986238946027,5,2016
34.2086729539251,6,2016
63.326058236459,7,2016
52.76562668033469,8,2016
30.89170636339955,9,2016
3.6931638663639834,10,2016
4.2467036548886,11,2016
19.9038798807023,12,2016
23.0692170264748,1,2017
23.58129984069437,2,2017
