error,month,year
27.94631439914677,3,2013
13.768475235318988,4,2013
24.544886849502248,5,2013
61.040548691117884,6,2013
92.35504973729778,7,2013
128.89585334577976,8,2013
121.5579148360422,9,2013
87.66185056967093,10,2013
51.431645513410594,11,2013
44.0822380493041,12,2013
53.632904135838835,1,2014
65.24330593427007,2,2014
