error,month,year
14.45052808563654,2,2009
30.44122458823093,3,2009
23.956014460375897,4,2009
12.591513099673355,5,2009
47.46686342487614,6,2009
70.25077879203836,7,2009
64.94177892009442,8,2009
49.00644973536974,9,2009
1.4119058514043736,10,2009
15.174042638571255,11,2009
20.786873185349513,12,2009
4.810075173062568,1,2010
