error,month,year
40.59799170468361,5,2014
79.79407594375184,6,2014
104.3114853658997,7,2014
137.67536497134338,8,2014
132.78528976726818,9,2014
98.90774496692663,10,2014
54.69758000060811,11,2014
41.370072965968866,12,2014
48.24924210282539,1,2015
62.53503473686621,2,2015
60.75218491459626,3,2015
33.93428587716404,4,2015
