error,month,year
31.19150413203197,4,2007
87.89899768791174,5,2007
138.10680808867315,6,2007
174.21760638186169,7,2007
156.2212023561639,8,2007
160.5064460274651,9,2007
162.39362852407478,10,2007
176.15409647319598,11,2007
163.57368090780702,12,2007
219.54561180505615,1,2008
143.60211829368896,2,2008
144.16104075060298,3,2008
