error,month,year
37.12348158885288,10,2015
60.521936128695316,11,2015
52.88897457652712,12,2015
52.59167153281108,1,2016
63.182491931278385,2,2016
49.47960134825432,3,2016
49.526673528044356,4,2016
30.725860463376232,5,2016
17.19000276674921,6,2016
12.649116858086956,7,2016
5.158786286105908,8,2016
13.785575735442762,9,2016
