error,month,year
40.10256424604082,8,2015
14.068365475884127,9,2015
35.63566300805182,10,2015
60.44347307539459,11,2015
54.469796538751794,12,2015
59.947910144286006,1,2016
75.96841674268887,2,2016
56.80911205046704,3,2016
56.828389421394434,4,2016
36.81066828346061,5,2016
21.82712313302884,6,2016
8.631200647638304,7,2016
