error,month,year
9.796903552682087,1,2007
24.367316491270515,2,2007
162.24017922292714,3,2007
135.66228031977778,4,2007
37.157638848823844,5,2007
101.61637420583946,6,2007
168.23031262480993,7,2007
130.5409238170559,8,2007
138.40699240736657,9,2007
107.35642362584534,10,2007
97.56040198880434,11,2007
70.95404146057055,12,2007
