error,month,year
93.68812271770528,6,2011
145.3319515869444,7,2011
134.297039463506,8,2011
54.23960708096195,9,2011
26.63537201858605,10,2011
21.71672572551709,11,2011
4.894817448808219,12,2011
23.666266264991346,1,2012
25.841726132729463,2,2012
9.737241999227578,3,2012
26.60197996595029,4,2012
5.9238603059467065,5,2012
