error,month,year
55.33256650610424,7,2016
48.419802180834324,8,2016
28.555051531633296,9,2016
0.9536449945304469,10,2016
7.016954761855053,11,2016
21.502372221664988,12,2016
23.779713738270058,1,2017
23.04282727760122,2,2017
18.437906813358392,3,2017
14.659275775093947,4,2017
13.307745701187477,5,2017
27.98222875729452,6,2017
