error,month,year
4.607182850647282,10,2014
26.312965662977486,11,2014
27.242171425654224,12,2014
26.422966244489626,1,2015
27.79347926129929,2,2015
14.15525802985023,3,2015
28.34316916318274,4,2015
6.635921692450322,5,2015
15.43384079758576,6,2015
41.22595150314759,7,2015
47.984126816146286,8,2015
24.003856281151037,9,2015
