error,month,year
102.93073179344763,8,2011
17.133472083174222,9,2011
74.95733438972891,10,2011
80.1866348846491,11,2011
69.78556387857898,12,2011
48.82375774082524,1,2012
51.48287567541808,2,2012
93.63424075471744,3,2012
95.08849083592943,4,2012
77.6597158847469,5,2012
45.33545316647246,6,2012
23.098915186108517,7,2012
