error,month,year
143.72771420888947,8,2013
135.4354663577916,9,2013
103.3391548152768,10,2013
65.13289995530937,11,2013
57.44811177276613,12,2013
68.6847090752544,1,2014
82.08308745299644,2,2014
80.1953745479953,3,2014
57.574766290899156,4,2014
75.49193688315951,5,2014
117.706653268128,6,2014
142.20455441069444,7,2014
