error,month,year
5.870056160043751,10,2016
11.616607679470864,11,2016
24.953950868609137,12,2016
26.728908832580032,1,2017
25.451382665777093,2,2017
23.06245696169148,3,2017
22.72631030622869,4,2017
1.8955986619375345,5,2017
18.473489023781,6,2017
46.28620185242865,7,2017
36.30061632585363,8,2017
9.476389856387314,9,2017
