error,month,year
23.42345283480018,5,2016
37.85080433174731,6,2016
66.28286246337757,7,2016
56.01532833794296,8,2016
34.04248884728919,9,2016
6.619622426172537,10,2016
1.8393768347171056,11,2016
16.49859559034347,12,2016
17.744701574161912,1,2017
16.603111858304928,2,2017
9.531316892924584,3,2017
4.962016979774222,4,2017
