error,month,year
51.813271824242356,7,2008
42.94707053293613,8,2008
30.826499592928105,9,2008
22.98706143093059,10,2008
60.90706375817929,11,2008
41.75959244187673,12,2008
20.87791950983,1,2009
26.29030841711072,2,2009
66.9009348257741,3,2009
62.54355070058719,4,2009
31.203496921932683,5,2009
4.8337271353966536,6,2009
