error,month,year
29.712510800062237,7,2015
40.314428428238756,8,2015
16.752067881557654,9,2015
34.26272508957516,10,2015
60.521655907754116,11,2015
53.76277819645453,12,2015
61.053669516107796,1,2016
76.58235443270691,2,2016
55.080908252193225,3,2016
55.71202700405503,4,2016
35.201090498669465,5,2016
21.803293807799125,6,2016
