error,month,year
19.07962967860876,9,2015
32.7505375093614,10,2015
58.6641565297297,11,2015
52.374913393005784,12,2015
59.683313410621125,1,2016
73.97296921544867,2,2016
49.38380768333124,3,2016
51.99761053843193,4,2016
32.85679139166527,5,2016
20.542813377485388,6,2016
10.318597482343328,7,2016
5.429885775256722,8,2016
