error,month,year
38.085326561773975,6,2016
66.64560995530958,7,2016
55.240108286536525,8,2016
32.57445887763542,9,2016
5.903288609052308,10,2016
2.7117895298680725,11,2016
17.1380971911258,12,2016
17.582172703998307,1,2017
16.072603981612023,2,2017
12.195491605915635,3,2017
6.795635844175839,4,2017
19.38066883841293,5,2017
