error,month,year
70.14006954885355,8,2009
57.221240867601935,9,2009
12.44182279821612,10,2009
5.690471256920147,11,2009
6.030413356400538,12,2009
24.798047528237053,1,2010
24.938346577549872,2,2010
8.590301939948409,3,2010
8.526145585085509,4,2010
40.33597073815006,5,2010
75.24498023777407,6,2010
89.13176889513366,7,2010
