error,month,year
15.351624024355786,4,2013
26.950554308696127,5,2013
63.65004763168761,6,2013
97.88308660995294,7,2013
130.60275223939018,8,2013
122.6903800346174,9,2013
91.07399630564389,10,2013
55.12461192424553,11,2013
48.34455325429006,12,2013
58.269056146391584,1,2014
69.98675517944669,2,2014
67.20771758804425,3,2014
