error,month,year
9.498797427184932,1,2009
18.49361086149148,2,2009
80.21585029735175,3,2009
67.60090914373693,4,2009
25.190061260056442,5,2009
13.210304173278447,6,2009
35.87851279129907,7,2009
29.28490958539013,8,2009
6.047540713958387,9,2009
54.5877899273996,10,2009
80.09648432162797,11,2009
96.88148086179035,12,2009
