error,month,year
0.6082081837739626,4,2016
21.673156284742237,5,2016
35.269527583157185,6,2016
63.9307880190141,7,2016
54.911441910302344,8,2016
33.65316746965485,9,2016
5.533062491759589,10,2016
2.9572158121808947,11,2016
18.056630729089182,12,2016
20.103356585379345,1,2017
19.418515329968614,2,2017
11.1531991388025,3,2017
