error,month,year
42.70353896595937,1,2016
39.57033215662507,2,2016
8.261104945444051,3,2016
9.295429497182141,4,2016
10.632174188581793,5,2016
24.1713057330852,6,2016
52.499067601893465,7,2016
42.95865784768833,8,2016
21.76978834707903,9,2016
5.058803279126625,10,2016
12.582082494287775,11,2016
27.33904113079839,12,2016
