error,month,year
91.57180771853214,5,2009
154.28945141197244,6,2009
142.29054888035014,7,2009
118.6432872628686,8,2009
95.97825026584542,9,2009
93.76727375812344,10,2009
74.86582484858668,11,2009
61.52391308038961,12,2009
66.72122445113138,1,2010
68.22655312169915,2,2010
68.65496294470428,3,2010
70.16248657393099,4,2010
