error,month,year
64.477617455064,4,2009
91.73349777303318,5,2009
154.8508054646878,6,2009
142.88553258511664,7,2009
119.23126334067742,8,2009
96.48955817278114,9,2009
94.17714935017686,10,2009
75.12041886844244,11,2009
61.679928781934436,12,2009
66.8138202806109,1,2010
68.65250586982387,2,2010
68.99017359297524,3,2010
