error,month,year
90.41272183264692,8,2010
68.72460511219464,9,2010
59.25754951219718,10,2010
49.58876521427239,11,2010
34.866857870835176,12,2010
35.72392057522915,1,2011
34.68911922128433,2,2011
31.649714181893515,3,2011
32.381807870874994,4,2011
50.16541301282538,5,2011
89.51631798803294,6,2011
91.31632756175017,7,2011
