error,month,year
39.85813255943769,1,2013
38.807351264337676,2,2013
37.09204606630034,3,2013
38.42640010872917,4,2013
52.7285490007069,5,2013
86.29843206823902,6,2013
89.46791343239859,7,2013
94.41980182777529,8,2013
83.72484065451133,9,2013
71.34758075553117,10,2013
64.62872890090019,11,2013
38.51520346925976,12,2013
