error,month,year
67.52449712760968,12,2008
77.74870768327442,1,2009
83.28924056509828,2,2009
86.5792400320065,3,2009
86.14719680744528,4,2009
112.35593633346274,5,2009
174.65210248742684,6,2009
161.8276478823532,7,2009
138.71734453547208,8,2009
116.61331812488613,9,2009
113.8300458736406,10,2009
95.77894540384531,11,2009
