error,month,year
69.50569550520068,11,2016
35.738064095207264,12,2016
32.9079255163482,1,2017
29.105549472083702,2,2017
27.511142827875304,3,2017
28.27224353814384,4,2017
39.875234180676436,5,2017
72.16559890763205,6,2017
82.69345148250667,7,2017
93.42403240981136,8,2017
84.06452259558914,9,2017
62.98487657504469,10,2017
