error,month,year
97.35703769548395,9,2016
73.65149104779512,10,2016
75.13510567401201,11,2016
41.413138269892,12,2016
39.27073733380573,1,2017
35.58928085070751,2,2017
33.59620717649873,3,2017
34.148416119540336,4,2017
45.659310808115386,5,2017
78.34662421673363,6,2017
88.85427823361019,7,2017
100.412350129049,8,2017
