error,month,year
106.49356351751848,9,2008
101.40015577693684,10,2008
89.08450576014927,11,2008
78.45888184855899,12,2008
93.6583171233592,1,2009
98.4445693625814,2,2009
100.4076872413946,3,2009
99.40005881176872,4,2009
126.18746917201824,5,2009
187.40858572149997,6,2009
175.64471767972591,7,2009
151.88213496972932,8,2009
