error,month,year
34.46667643247228,12,2013
37.218311327461535,1,2014
36.66849692314618,2,2014
32.21967873877121,3,2014
32.84545294889483,4,2014
43.93138621483794,5,2014
75.2761743802637,6,2014
80.5164643418705,7,2014
90.21008707424686,8,2014
78.351408687078,9,2014
66.04897900104484,10,2014
60.30134947284253,11,2014
