error,month,year
43.85614463239367,5,2008
104.08387489657801,6,2008
95.33434676850081,7,2008
84.65148098261959,8,2008
76.6732052252122,9,2008
72.30090150530603,10,2008
60.46186107989534,11,2008
50.06824629987868,12,2008
54.77091347548821,1,2009
60.01406034014885,2,2009
61.68508291194336,3,2009
58.92875266039032,4,2009
