error,month,year
87.89828390403282,8,2011
74.84846559547891,9,2011
61.73708632104503,10,2011
47.50271166757461,11,2011
32.391935020906416,12,2011
36.42328594562317,1,2012
36.63570432230574,2,2012
35.004419410889895,3,2012
35.01012798187301,4,2012
52.287184844653396,5,2012
91.18381875629863,6,2012
91.33406550668245,7,2012
