error,month,year
47.92413702220196,11,2010
33.254629096979194,12,2010
34.137413083427944,1,2011
33.17688646494534,2,2011
30.36614702784009,3,2011
31.036672955026017,4,2011
48.56853432039778,5,2011
88.2235854387924,6,2011
89.87055757315281,7,2011
86.33429893329766,8,2011
72.36269265742492,9,2011
59.766572741749144,10,2011
