error,month,year
65.32699371570007,9,2010
55.39100591066304,10,2010
45.22922280262434,11,2010
30.273232565056468,12,2010
29.799218255115694,1,2011
29.57634641054112,2,2011
26.236332999366514,3,2011
27.728812504531746,4,2011
44.68472700304881,5,2011
84.04950724537946,6,2011
85.49030672539217,7,2011
82.61338233112095,8,2011
