error,month,year
38.286965492915634,4,2012
55.7661202964055,5,2012
94.49468640563113,6,2012
95.02562820674869,7,2012
102.16280290421608,8,2012
85.52681885566629,9,2012
70.15636404397104,10,2012
63.178537322603255,11,2012
39.844445225593056,12,2012
42.96203193056861,1,2013
41.94765642318061,2,2013
39.977391994420415,3,2013
