error,month,year
55.627617207865505,8,2007
42.82399620883313,9,2007
21.31142158607805,10,2007
15.581596000326993,11,2007
1.817147152005333,12,2007
8.231546480446191,1,2008
8.097343825817767,2,2008
8.580209287514853,3,2008
1.1425895001800193,4,2008
11.184443784657216,5,2008
68.44360694270361,6,2008
60.04188622570571,7,2008
