error,month,year
89.62877220249949,6,2016
100.77779579044935,7,2016
113.23572024475052,8,2016
103.0349977765226,9,2016
79.06203759798359,10,2016
80.50915370914784,11,2016
46.678819225481654,12,2016
44.80800357126361,1,2017
41.07212270542379,2,2017
39.02214435359414,3,2017
39.92685104114936,4,2017
52.00276825703626,5,2017
