error,month,year
64.52829425320482,10,2015
67.11647516226301,11,2015
45.097943556279596,12,2015
46.65532312999379,1,2016
50.19347961863736,2,2016
41.40822575648184,3,2016
42.15375329714951,4,2016
55.08606551076623,5,2016
91.7597321580118,6,2016
102.07472172582143,7,2016
117.58051585601869,8,2016
107.19657799155846,9,2016
