error,month,year
29.54896783093033,2,2008
30.07072755201577,3,2008
22.343560241795764,4,2008
32.015497430759666,5,2008
89.57041893135799,6,2008
81.12206638695909,7,2008
70.58743370717477,8,2008
62.45214336799741,9,2008
57.71683705115383,10,2008
45.706222267026035,11,2008
35.29856251259928,12,2008
35.43674115513039,1,2009
