error,month,year
94.96861789324915,8,2013
83.71269354590277,9,2013
70.97380724006747,10,2013
64.44321949684739,11,2013
37.61452253400026,12,2013
41.17471435564832,1,2014
40.013429762941044,2,2014
35.93539738976631,3,2014
36.41822420358039,4,2014
47.48004952883308,5,2014
78.65423175953913,6,2014
84.8902169964238,7,2014
