error,month,year
66.7014907165315,6,2014
73.04472577830253,7,2014
81.53706136509426,8,2014
69.71177797810992,9,2014
58.23911956293646,10,2014
52.157184286138026,11,2014
25.399233393930306,12,2014
25.728511709853773,1,2015
24.830462241988748,2,2015
20.388362761953847,3,2015
20.60285336384352,4,2015
31.19085204519819,5,2015
