error,month,year
34.70876095403676,6,2007
68.63834786410962,7,2007
43.197003474350225,8,2007
30.331866831361445,9,2007
8.804992294320892,10,2007
3.3935174703196447,11,2007
10.284919440666863,12,2007
10.393967863416892,1,2008
9.945911621180787,2,2008
9.585746612827476,3,2008
17.028976421333528,4,2008
6.8638789693857145,5,2008
