error,month,year
23.18003932007669,12,2007
36.703475036191996,1,2008
36.60068626899135,2,2008
36.818867145944026,3,2008
29.08374280161611,4,2008
38.68393748747647,5,2008
95.7948763879442,6,2008
87.83470047557478,7,2008
77.71026638587342,8,2008
69.89691374507959,9,2008
65.3139289709122,10,2008
53.44734298254751,11,2008
