error,month,year
305.66383049279426,3,2007
53.715945834656,4,2007
84.9999791538317,5,2007
45.599935947502786,6,2007
15.761009300628212,7,2007
149.80604566797268,8,2007
10.25116639476848,9,2007
27.22405281997653,10,2007
378.6601226848459,11,2007
125.0923465107912,12,2007
116.34147520450877,1,2008
94.95504047696586,2,2008
