error,month,year
38.35651989894268,3,2013
39.72988476498501,4,2013
54.216605711599904,5,2013
88.11111768995455,6,2013
91.37571744428095,7,2013
96.40435089721706,8,2013
85.67239901837391,9,2013
73.19604320727693,10,2013
66.31924866695749,11,2013
40.00850736307621,12,2013
43.15561023512173,1,2014
41.918402284896665,2,2014
