error,month,year
47.76201094741531,2,2016
44.769826586491014,3,2016
46.56890663367877,4,2016
59.931074412205064,5,2016
94.94444805988859,6,2016
106.4987037966486,7,2016
118.38204496409577,8,2016
108.12616009375624,9,2016
84.87092087908269,10,2016
85.65910990604189,11,2016
51.80354576986906,12,2016
50.28643209773368,1,2017
