error,month,year
30.82735514792321,4,2008
39.82818044357303,5,2008
101.76171019486877,6,2008
91.89743265008144,7,2008
80.55260856259892,8,2008
72.36451742178997,9,2008
68.42393804423558,10,2008
56.94302610290652,11,2008
46.987301716793176,12,2008
50.228490639084605,1,2009
55.9368855416007,2,2009
57.264753960398,3,2009
