error,month,year
33.216097965635164,12,2016
30.131094772197308,1,2017
26.20139188441296,2,2017
24.743522591472345,3,2017
25.42102279031163,4,2017
37.081318541050855,5,2017
69.29232008158503,6,2017
79.98699325251962,7,2017
90.30224000122944,8,2017
80.88638820685397,9,2017
60.228936784867685,10,2017
61.84239460657,11,2017
