error,month,year
72.61496795985664,10,2016
72.9859580586539,11,2016
38.637594408544416,12,2016
35.778131052225426,1,2017
31.69175813100519,2,2017
30.04875976895081,3,2017
31.311489056898953,4,2017
43.467848771832074,5,2017
76.44457062082482,6,2017
87.36710968127493,7,2017
98.50354250273615,8,2017
89.26034022904679,9,2017
