error,month,year
31.233104447418466,3,2011
31.72192851878135,4,2011
49.62910324984888,5,2011
88.84249467748333,6,2011
91.01734145184686,7,2011
87.36907273322541,8,2011
73.19591386344861,9,2011
61.04361100340171,10,2011
47.64058384779421,11,2011
32.633693444396464,12,2011
36.768836136760704,1,2012
35.30333148834906,2,2012
