error,month,year
95.79796154875612,7,2010
84.96071567533629,8,2010
63.546824464958675,9,2010
54.47351776983504,10,2010
44.910721113907115,11,2010
30.134556507697816,12,2010
29.207445179168406,1,2011
27.80574871195963,2,2011
25.493554121820488,3,2011
26.13622914227193,4,2011
44.040219018045356,5,2011
83.21578226966547,6,2011
