error,month,year
105.13366922037682,8,2012
88.25380365558767,9,2012
72.53565404396622,10,2012
65.6126424667526,11,2012
41.87815994323921,12,2012
45.39258726326258,1,2013
44.61635101435039,2,2013
42.53316908184279,3,2013
43.55470360707511,4,2013
58.1314362652474,5,2013
93.24724243286579,6,2013
96.04407789720716,7,2013
