error,month,year
58.41886124933244,10,2014
52.44156065890164,11,2014
25.67519870217821,12,2014
26.49833383275891,1,2015
26.886288415611162,2,2015
20.888075274912413,3,2015
21.271400022155554,4,2015
31.751733499753485,5,2015
63.78694795894257,6,2015
67.87080523121767,7,2015
78.16482181304514,8,2015
67.9565281278652,9,2015
