error,month,year
27.103964717500038,2,2015
21.759369422623703,3,2015
21.981801018038787,4,2015
32.3340511600834,5,2015
64.0169417657354,6,2015
68.94794844700088,7,2015
78.3611607719942,8,2015
68.16827108752597,9,2015
56.238417588984454,10,2015
52.75537518843906,11,2015
27.06858855124661,12,2015
26.12667278115168,1,2016
