error,month,year
26.286209457767214,1,2015
26.328002032471648,2,2015
20.914577007345144,3,2015
21.15921004389081,4,2015
31.53861965205496,5,2015
63.1879164917845,6,2015
67.94590834254795,7,2015
77.46827182238945,8,2015
67.31032959816037,9,2015
55.2525217406483,10,2015
51.67915299170568,11,2015
26.07814245042395,12,2015
