error,month,year
56.59084281429485,5,2016
91.65748886464777,6,2016
102.81756353117856,7,2016
115.27424910218565,8,2016
104.96158875160332,9,2016
81.00948141872063,10,2016
82.63356523344352,11,2016
48.710352040637076,12,2016
47.00289705188307,1,2017
43.28916365548318,2,2017
41.500884943902385,3,2017
42.59189047928483,4,2017
