error,month,year
65.28932067683536,11,2012
41.82084070371132,12,2012
45.52165114827211,1,2013
45.195597173208796,2,2013
42.69350124279849,3,2013
43.549025498081605,4,2013
57.77466688954834,5,2013
92.94186989806394,6,2013
94.89060348573851,7,2013
101.56628004488212,8,2013
90.27585269296965,9,2013
76.72637828663066,10,2013
