error,month,year
42.61707629104856,12,2009
44.09957044871084,1,2010
44.61741200082864,2,2010
46.58761565954002,3,2010
47.432236213580644,4,2010
70.91568488084614,5,2010
117.97114975480251,6,2010
112.34984611732649,7,2010
102.23750906542573,8,2010
81.3659535157033,9,2010
72.05451438196786,10,2010
62.40298412255787,11,2010
