error,month,year
35.95896064486601,1,2010
36.785106482901156,2,2010
38.488144534661565,3,2010
38.97357737745735,4,2010
62.877366649557764,5,2010
110.94946719369543,6,2010
104.90098855528456,7,2010
94.4587078680704,8,2010
73.04266585893772,9,2010
63.65460256060123,10,2010
53.843798925062416,11,2010
38.72732079902095,12,2010
