error,month,year
50.64942106669429,11,2009
37.35296300828981,12,2009
37.50166454677357,1,2010
38.119958144153046,2,2010
39.66860152197248,3,2010
39.960639566384415,4,2010
64.10327945127406,5,2010
112.96415277517151,6,2010
106.89056411660059,7,2010
96.38753290952849,8,2010
74.73922784890222,9,2010
65.29379912064701,10,2010
