error,month,year
32.376974162996504,2,2011
30.175646469104557,3,2011
30.66218918902359,4,2011
48.80567203085217,5,2011
88.24463241172953,6,2011
90.4079454079963,7,2011
86.53534136252388,8,2011
72.0263140365038,9,2011
59.76905360416932,10,2011
46.23916571193706,11,2011
31.095307508658838,12,2011
35.16085385587461,1,2012
