error,month,year
39.634521074244816,4,2013
54.11138301840663,5,2013
89.19513184707729,6,2013
91.93345051555315,7,2013
97.85597904158092,8,2013
86.76731366711486,9,2013
73.74127350202525,10,2013
67.1442058662075,11,2013
40.182788449061505,12,2013
43.73807264582595,1,2014
42.87297954578026,2,2014
38.63376902862876,3,2014
