error,month,year
33.545277802446364,12,2010
34.071267592076914,1,2011
32.26974962411235,2,2011
30.178901436489678,3,2011
30.98291708063333,4,2011
49.05238355732129,5,2011
88.06420021084386,6,2011
90.36655009885864,7,2011
86.65092899081036,8,2011
72.42553419207606,9,2011
60.26662482112925,10,2011
46.78396328126837,11,2011
