error,month,year
27.03706188213469,4,2007
43.85449133971355,5,2007
19.148168582491188,6,2007
8.369066235085164,7,2007
24.16681344639874,8,2007
44.088603663285866,9,2007
66.78919571505992,10,2007
75.5243806265716,11,2007
97.76125114703991,12,2007
155.8850988751237,1,2008
87.76466754622892,2,2008
103.19171623550051,3,2008
