error,month,year
21.90783214359108,10,2007
17.37100117283629,11,2007
5.295739083950885,12,2007
12.88246545637359,1,2008
13.314657251663725,2,2008
13.819125234563653,3,2008
5.5871218555334865,4,2008
15.168796643966687,5,2008
73.04522093395488,6,2008
63.93448222029791,7,2008
53.46734362355237,8,2008
45.300720633022316,9,2008
