error,month,year
44.71999064646754,1,2012
43.49604399793706,2,2012
42.358338747788046,3,2012
41.70111634667007,4,2012
59.360942380171174,5,2012
98.86250368268776,6,2012
99.23324095458159,7,2012
106.48601408439598,8,2012
89.41762256470007,9,2012
73.80288416643897,10,2012
66.89322959555234,11,2012
43.18245944486496,12,2012
