error,month,year
77.48928178347532,9,2009
76.61029896208001,10,2009
58.57039217947155,11,2009
45.95247980323028,12,2009
47.82892474232784,1,2010
48.61144812706702,2,2010
49.82103222565904,3,2010
50.40233010590702,4,2010
73.34121704314516,5,2010
121.6581300650123,6,2010
115.5334508932435,7,2010
106.0723634800144,8,2010
