error,month,year
80.92317150011995,1,2007
107.24023583932636,2,2007
79.05378067649106,3,2007
132.01518667604228,4,2007
171.33328370167297,5,2007
71.66252235111637,6,2007
73.81233681266947,7,2007
93.59264194116312,8,2007
156.53049396489362,9,2007
194.7203242931403,10,2007
72.16792055503431,11,2007
21.10017992304651,12,2007
