error,month,year
88.29434673112353,6,2013
90.81494821477315,7,2013
96.90046484878627,8,2013
85.79744492001393,9,2013
72.56179971376149,10,2013
65.82719792239546,11,2013
38.915839901460096,12,2013
42.103366823828004,1,2014
41.496379904703886,2,2014
36.95902393894127,3,2014
37.75984928295893,4,2014
49.3469397258026,5,2014
