error,month,year
75.84339922168819,7,2014
85.2630492407612,8,2014
73.22143373302438,9,2014
60.91391628977972,10,2014
55.06232762726146,11,2014
28.41808250177425,12,2014
29.380487898443928,1,2015
29.40474223631451,2,2015
23.758779911170077,3,2015
23.99448879111353,4,2015
34.39776772015138,5,2015
66.25080462854477,6,2015
