error,month,year
42.818456856925366,12,2012
46.46104338079873,1,2013
45.9300645191917,2,2013
43.64826382780406,3,2013
44.568328326749935,4,2013
58.96634937840428,5,2013
94.16068969030071,6,2013
96.50921780481904,7,2013
102.85977777570324,8,2013
91.71191836640592,9,2013
78.36620894005891,10,2013
71.8742750338158,11,2013
