error,month,year
89.03862473352724,7,2011
86.36878868884743,8,2011
73.47247132281404,9,2011
60.320559014915645,10,2011
46.04520034622519,11,2011
30.851957036608013,12,2011
34.653085202510674,1,2012
35.067579044059336,2,2012
33.18496159569844,3,2012
33.22816715553869,4,2012
50.45659732415478,5,2012
89.48782192232291,6,2012
