error,month,year
98.98145650517637,7,2012
106.07121565487543,8,2012
88.95886529879967,9,2012
73.39578735714909,10,2012
66.43712262416496,11,2012
42.72275210913247,12,2012
46.34041220359848,1,2013
45.163630922804366,2,2013
43.21349259849482,3,2013
44.124580238632745,4,2013
58.898473129922465,5,2013
94.1093718617875,6,2013
