error,month,year
109.9101804431906,8,2016
100.05506032835152,9,2016
77.16239012691709,10,2016
77.17445486971613,11,2016
44.155247208241455,12,2016
41.52695476968907,1,2017
37.132035071428334,2,2017
35.07833944115955,3,2017
36.76112419051545,4,2017
48.86776743400688,5,2017
81.10543593013466,6,2017
92.15592419499936,7,2017
