error,month,year
53.16984219281482,11,2014
26.447289682354544,12,2014
27.39629728687433,1,2015
27.86925736102752,2,2015
21.736462710765387,3,2015
22.05372446957518,4,2015
32.465333693476005,5,2015
64.49779235026692,6,2015
68.43525374822549,7,2015
78.89261814896494,8,2015
68.66910357303162,9,2015
56.002411837802505,10,2015
