error,month,year
40.60182582125275,12,2011
46.46152079940882,1,2012
46.927041288353784,2,2012
44.964671575373465,3,2012
45.07121304631282,4,2012
62.55364715666421,5,2012
101.83920839551384,6,2012
102.05588669777586,7,2012
110.02540116209492,8,2012
93.4930636210503,9,2012
77.42239828224803,10,2012
70.30429100884056,11,2012
