error,month,year
71.16807781575349,9,2014
58.426205837412176,10,2014
52.64631006678106,11,2014
26.283164970699058,12,2014
27.10769051325406,1,2015
27.503659909501945,2,2015
21.488909562276074,3,2015
21.798031800648847,4,2015
32.080580545014385,5,2015
63.84211983728082,6,2015
67.95623491705614,7,2015
78.18223000088605,8,2015
