error,month,year
82.54056458538894,10,2009
64.38561253798456,11,2009
51.76700769912746,12,2009
54.6773931081043,1,2010
55.328549724006216,2,2010
56.58234778799345,3,2010
56.58811106259579,4,2010
80.548996329798,5,2010
129.65794056365348,6,2010
123.48931480678353,7,2010
113.16468855895096,8,2010
91.90093562540423,9,2010
