error,month,year
32.436034043834475,4,2011
50.40202195891592,5,2011
89.31908414850624,6,2011
91.58791676151493,7,2011
87.89925697533701,8,2011
73.75237760095588,9,2011
61.69024877129283,10,2011
48.33817382540376,11,2011
33.3611353286442,12,2011
37.34783527588237,1,2012
35.81181863847928,2,2012
35.055051568770836,3,2012
