error,month,year
51.9414374603805,11,2011
37.48881392373849,12,2011
42.041319066883226,1,2012
42.25303771566678,2,2012
40.34853062612811,3,2012
40.57503668152992,4,2012
57.927674778438536,5,2012
96.58652663390949,6,2012
96.96679893846115,7,2012
104.80646673274171,8,2012
88.61805172922712,9,2012
72.72862675029566,10,2012
