error,month,year
52.40793011196364,1,2016
50.9580354844106,2,2016
48.780556572723924,3,2016
50.279407394790226,4,2016
63.45836135001794,5,2016
98.32953562343599,6,2016
109.90450269587477,7,2016
121.31966580298356,8,2016
110.9372487415877,9,2016
88.2550678789849,10,2016
88.94799689791775,11,2016
55.172981545240546,12,2016
