error,month,year
44.15267783809786,4,2016
57.133675101680524,5,2016
92.08604174640315,6,2016
103.17923294124674,7,2016
115.4986736396453,8,2016
105.15333358303387,9,2016
81.25522341576732,10,2016
82.78337537446502,11,2016
48.98704192561965,12,2016
47.40221747910918,1,2017
43.718688585598194,2,2017
42.17724458530755,3,2017
