error,month,year
83.43251181816036,11,2008
72.260325797105,12,2008
83.32236916448538,1,2009
88.50199219358117,2,2009
91.473160543551,3,2009
90.72582727637571,4,2009
117.08173248443656,5,2009
179.56071735441935,6,2009
166.98583394932328,7,2009
143.73609045441987,8,2009
121.59607484140273,9,2009
119.46551458640606,10,2009
