error,month,year
69.93091493634284,10,2012
62.70362477384828,11,2012
39.21369099178602,12,2012
42.08612786381323,1,2013
41.58634059592646,2,2013
39.40089489501838,3,2013
40.59327722929041,4,2013
54.99095952297355,5,2013
89.77477378803577,6,2013
92.06875502049978,7,2013
98.36776751327865,8,2013
87.18055937050957,9,2013
