error,month,year
233.06866796725063,7,2007
28.93878762842732,8,2007
65.08860556707023,9,2007
10.26164784893695,10,2007
170.35375004325869,11,2007
45.71602868043208,12,2007
69.50300495442802,1,2008
83.6834915454038,2,2008
46.99529817779724,3,2008
45.673119209092114,4,2008
12.018810504515026,5,2008
142.5514405630693,6,2008
