error,month,year
30.84215523096035,2,2014
26.969750297328225,3,2014
27.53577014139641,4,2014
38.76472188255378,5,2014
69.7576963723321,6,2014
76.0651388440564,7,2014
84.76447482254667,8,2014
73.04777728621055,9,2014
61.39902217309654,10,2014
55.24317539276084,11,2014
28.580093564548825,12,2014
29.18163548934327,1,2015
