error,month,year
40.47346506727876,9,2007
20.291786866079896,10,2007
16.06738479915599,11,2007
3.446649132928268,12,2007
6.6669413290592185,1,2008
7.0805580449920305,2,2008
7.665335383588419,3,2008
0.12531402810467185,4,2008
10.031508476045056,5,2008
67.0817372543105,6,2008
58.445749696818076,7,2008
48.52281246897764,8,2008
