error,month,year
83.8471849871653,9,2012
68.02486734956268,10,2012
63.03364912851639,11,2012
38.55405455819778,12,2012
42.06903933517205,1,2013
41.89481972574085,2,2013
40.045611069960096,3,2013
39.71596543773101,4,2013
53.92919003183116,5,2013
89.99692449489955,6,2013
92.09568220745821,7,2013
98.07734183105734,8,2013
