error,month,year
61.638517753491,11,2013
34.68453844788671,12,2013
37.7801146095668,1,2014
37.085299038654384,2,2014
32.772829204858496,3,2014
33.21565468406165,4,2014
44.312041036409454,5,2014
75.93828463989331,6,2014
81.51563557513178,7,2014
90.87236912527227,8,2014
78.7819978244685,9,2014
66.58118658935362,10,2014
