error,month,year
40.537674718985905,3,2012
40.14951203243111,4,2012
57.74113963971046,5,2012
96.75125719182668,6,2012
97.25606893418514,7,2012
104.40766626856977,8,2012
87.6144625180813,9,2012
72.1276092731207,10,2012
65.1173647325521,11,2012
41.62359988727209,12,2012
45.05908598598936,1,2013
44.05335404949474,2,2013
