error,month,year
42.832774215971384,2,2012
41.80660915675689,3,2012
41.39771494044035,4,2012
59.095010212085974,5,2012
98.35698372517618,6,2012
98.9382794262958,7,2012
106.19591210477785,8,2012
89.41660857900663,9,2012
73.90053148261124,10,2012
66.8656337592251,11,2012
43.241184663969975,12,2012
46.619560313945094,1,2013
