error,month,year
40.87899932455363,2,2013
39.26531736181156,3,2013
40.61962253220232,4,2013
55.046736561216186,5,2013
88.81786396018417,6,2013
92.07122420141005,7,2013
97.07863610876814,8,2013
86.39385244896677,9,2013
73.9709724068062,10,2013
67.13237296364139,11,2013
40.92324217797126,12,2013
44.157427504010535,1,2014
