error,month,year
37.82542777600717,3,2010
38.05981125222785,4,2010
61.90497617925274,5,2010
110.2486506642428,6,2010
104.12037114979118,7,2010
93.76882027955385,8,2010
72.46066382344075,9,2010
63.22547679623393,10,2010
53.531816900745106,11,2010
38.47213977171338,12,2010
39.4836839843499,1,2011
37.92563679518058,2,2011
