error,month,year
65.58156318974723,7,2015
82.49465804755786,8,2015
72.88662864325156,9,2015
58.1020196451054,10,2015
56.52468865952443,11,2015
31.1938700866533,12,2015
29.39132493019865,1,2016
32.093512185098646,2,2016
25.892673781438127,3,2016
27.445851115894733,4,2016
41.63780810415209,5,2016
79.13599413348662,6,2016
