error,month,year
39.250654670068606,2,2010
40.965779033207895,3,2010
41.40990392630819,4,2010
65.55280971921187,5,2010
114.148451036643,6,2010
108.01924375932558,7,2010
97.43845263574272,8,2010
75.76775489606527,9,2010
66.26232337503795,10,2010
56.382228536427355,11,2010
41.1176079070856,12,2010
43.17466662618521,1,2011
