error,month,year
25.985716690452787,3,2014
26.279218890787202,4,2014
37.312288387167904,5,2014
68.22865931858924,6,2014
74.60114417025648,7,2014
83.07166373588146,8,2014
71.24021112711013,9,2014
59.75842820393238,10,2014
53.76517588481752,11,2014
27.02208208819369,12,2014
27.605838591394573,1,2015
26.866039347857786,2,2015
