error,month,year
99.12581809687342,10,2008
86.36746997895253,11,2008
75.13718859804472,12,2008
87.84140087209698,1,2009
92.95208818702801,2,2009
96.73345033860123,3,2009
96.7246768713648,4,2009
122.24167844368642,5,2009
182.7430968799767,6,2009
170.8450807275119,7,2009
148.92363035553024,8,2009
127.9788139645058,9,2009
