error,month,year
86.89046570911512,8,2015
78.21018736190841,9,2015
64.20676099076604,10,2015
63.55112220196353,11,2015
39.070580083039225,12,2015
38.15902371055185,1,2016
40.90357055906548,2,2016
33.282091581257866,3,2016
34.692420535704194,4,2016
48.625762149444725,5,2016
86.02631810645424,6,2016
96.66730073390215,7,2016
