error,month,year
56.154138297315825,5,2013
91.3907529919724,6,2013
94.40842848384723,7,2013
100.67897016156996,8,2013
89.7862240576263,9,2013
76.52700452998154,10,2013
69.50890910310763,11,2013
42.39535026827711,12,2013
45.584900092461176,1,2014
44.69196105381448,2,2014
40.06763151661663,3,2014
41.31814351282354,4,2014
