error,month,year
36.68452672988461,4,2010
60.22689996190238,5,2010
108.94220725902973,6,2010
102.58415149833357,7,2010
92.37029048272277,8,2010
71.31080163979149,9,2010
62.15969027864528,10,2010
52.494342142225506,11,2010
37.41116568004874,12,2010
37.582531329314996,1,2011
36.288940800236354,2,2011
33.65386794538017,3,2011
