error,month,year
47.72483576842253,12,2015
50.182933380803725,1,2016
52.00391583585213,2,2016
46.507707820797684,3,2016
47.96891237001881,4,2016
60.96842496705359,5,2016
96.38428585851273,6,2016
107.02210558630804,7,2016
120.3214574644827,8,2016
109.86109376737724,9,2016
84.5817332734163,10,2016
87.04906998253176,11,2016
