error,month,year
89.1217090482279,7,2013
94.90219608615273,8,2013
83.62629053639309,9,2013
70.25156112169458,10,2013
63.321602656611354,11,2013
36.10050721150737,12,2013
39.01627047961181,1,2014
38.41666479655732,2,2014
33.88752406368521,3,2014
34.587383505420874,4,2014
46.05489513187703,5,2014
78.295487233979,6,2014
