error,month,year
114.92245242681987,7,2008
105.2441202089673,8,2008
97.31886856732578,9,2008
92.50719717414995,10,2008
80.33809562119816,11,2008
69.78839556237806,12,2008
80.29224807298623,1,2009
85.51451698875067,2,2009
90.153586610362,3,2009
88.54342561888056,4,2009
113.5452140073842,5,2009
174.67475800434212,6,2009
