error,month,year
77.43619750844493,9,2015
64.24632120033168,10,2015
65.5098012874906,11,2015
43.02531419910386,12,2015
43.00823979918301,1,2016
46.833130271270704,2,2016
37.140601150689896,3,2016
38.21994330691639,4,2016
51.562637538533565,5,2016
88.6858678481581,6,2016
99.12213527507672,7,2016
115.59939887059576,8,2016
