error,month,year
25.46721211334364,12,2014
26.19412309629363,1,2015
27.059111293293967,2,2015
20.535080719857767,3,2015
20.878402639943648,4,2015
31.30979706068766,5,2015
63.75788865418583,6,2015
67.2588669488383,7,2015
78.21974298897156,8,2015
67.87988143863122,9,2015
54.77404508368352,10,2015
51.4852312708585,11,2015
