error,month,year
69.63698514914557,11,2015
45.987522190369546,12,2015
47.234674186233256,1,2016
47.952646251900646,2,2016
42.93262395046133,3,2016
44.491687683571385,4,2016
57.63297826318407,5,2016
92.9137140439097,6,2016
103.94902823426649,7,2016
116.93668318663187,8,2016
106.67750531425543,9,2016
81.99687919235376,10,2016
