error,month,year
101.3162267353737,8,2009
76.98068444474103,9,2009
76.11695958119999,10,2009
57.969855681546285,11,2009
45.39594946221446,12,2009
47.203641156687965,1,2010
47.851100599641725,2,2010
49.18441132115842,3,2010
49.190153732559786,4,2010
73.06946922305966,5,2010
121.92759973968629,6,2010
115.87472209767108,7,2010
