error,month,year
112.49978904458393,6,2010
105.281157249613,7,2010
95.09719306002192,8,2010
74.32962658585534,9,2010
65.10925154705384,10,2010
55.509100949605894,11,2010
40.664128855743385,12,2010
41.11547305645635,1,2011
40.58622802916557,2,2011
36.950129869512985,3,2011
38.00636236404856,4,2011
55.92731429908193,5,2011
