error,month,year
100.42065075031591,7,2016
112.89760389802746,8,2016
102.0539169131902,9,2016
77.80753799088163,10,2016
80.34009671913633,11,2016
45.70919103880916,12,2016
44.255052567491475,1,2017
40.72697530573641,2,2017
38.49079004918894,3,2017
38.61397905505753,4,2017
50.39728477433457,5,2017
84.24106914240976,6,2017
