error,month,year
39.978953181300994,5,2014
71.30702637851543,6,2014
77.16249347282556,7,2014
86.41009402165409,8,2014
74.60471078646717,9,2014
62.55252955214954,10,2014
56.48135254904727,11,2014
29.687984955385126,12,2014
30.321987702070324,1,2015
30.038733746615282,2,2015
24.670944424697705,3,2015
25.071039387793213,4,2015
