error,month,year
45.15250758155673,3,2016
46.83699909432038,4,2016
60.16334873245394,5,2016
95.83310921132514,6,2016
107.14439111078934,7,2016
119.96770853317214,8,2016
109.58238762638771,9,2016
84.93995310375935,10,2016
86.55153898825294,11,2016
52.09070152370178,12,2016
50.55965568572247,1,2017
46.9683500043445,2,2017
