error,month,year
27.91730163482711,1,2011
26.17109697930191,2,2011
24.32724842296381,3,2011
25.413851025925428,4,2011
43.38657038074313,5,2011
81.7261198800386,6,2011
84.14585157765738,7,2011
80.46691550524133,8,2011
66.45061950437861,9,2011
54.35707064627062,10,2011
40.77732057143003,11,2011
25.752070760407673,12,2011
