error,month,year
1.7437646680537,5,2007
29.976873227031387,6,2007
62.288706481685075,7,2007
35.33132361419567,8,2007
21.026945679384973,9,2007
1.8488839002423816,10,2007
7.529813926552249,11,2007
19.70515298610343,12,2007
11.520512277975039,1,2008
10.95388193989858,2,2008
27.526106825123268,3,2008
27.23667655491707,4,2008
