error,month,year
32.644305666608034,5,2015
64.57241191062803,6,2015
68.97731745024818,7,2015
79.06176007363318,8,2015
68.95284015713543,9,2015
56.54103664008096,10,2015
53.020456660532,11,2015
27.52892953879549,12,2015
26.504372856841922,1,2016
26.3141938067295,2,2016
23.497190867388486,3,2016
25.26793953179113,4,2016
