error,month,year
21.998092017030398,4,2015
32.378482357830514,5,2015
64.07742167523818,6,2015
68.7583348245684,7,2015
78.4182485101783,8,2015
68.28865573232383,9,2015
56.20077697741206,10,2015
52.69427348687263,11,2015
27.134239356951237,12,2015
26.095169391433053,1,2016
25.701542901425643,2,2016
23.03782855818408,3,2016
