error,month,year
84.01028013607302,8,2014
71.92055828129308,9,2014
59.61862438603803,10,2014
53.746255219471855,11,2014
27.15846355765965,12,2014
28.039957090409647,1,2015
27.99640137962572,2,2015
22.532678341005848,3,2015
22.72660907304979,4,2015
33.06556925053053,5,2015
64.65294918989443,6,2015
69.57801324077657,7,2015
