error,month,year
146.09569692658056,6,2009
134.15888690574656,7,2009
110.22091592234388,8,2009
87.57450351529717,9,2009
85.99528357792241,10,2009
67.75158590647463,11,2009
54.90058810599328,12,2009
57.910179127928636,1,2010
59.346737691729864,2,2010
59.59890384351564,3,2010
60.29073813154847,4,2010
84.55383969827125,5,2010
