error,month,year
113.8834527943357,6,2008
106.13621975018751,7,2008
96.54667678518899,8,2008
89.26931738349762,9,2008
85.24023696418517,10,2008
74.24407373460767,11,2008
64.62984569649342,12,2008
72.87842275494924,1,2009
77.83977751435596,2,2009
80.11239815281776,3,2009
77.96002016376833,4,2009
102.89421798845066,5,2009
