error,month,year
33.47859468232355,1,2008
33.765623388011406,2,2008
34.61450383258554,3,2008
27.058508330489968,4,2008
36.64125764840379,5,2008
92.78962140931299,6,2008
85.15614646240061,7,2008
75.03922164313231,8,2008
67.19847196731922,9,2008
62.41878236904644,10,2008
50.51490806505309,11,2008
39.929930253606436,12,2008
