error,month,year
26.23655537231607,4,2014
37.335690840516754,5,2014
68.35166971998122,6,2014
74.66254395262388,7,2014
83.3029650584299,8,2014
71.46067258188174,9,2014
59.85713033334701,10,2014
53.80694800225288,11,2014
27.04422883883664,12,2014
27.63099740689849,1,2015
26.912824761421405,2,2015
22.28151317258145,3,2015
