error,month,year
107.31323899159786,8,2008
100.47265711528105,9,2008
96.26185742950487,10,2008
84.36945064805727,11,2008
73.70633404643957,12,2008
84.7621776405103,1,2009
89.71728822481813,2,2009
93.80235282084408,3,2009
92.10691529286207,4,2009
117.71078751327462,5,2009
179.61175459099636,6,2009
167.20923778669123,7,2009
