error,month,year
94.92549392208832,6,2012
95.5333499614335,7,2012
102.72790737139692,8,2012
85.97659148042854,9,2012
70.48532611576675,10,2012
63.360938142580004,11,2012
39.78661961945275,12,2012
42.906019926824186,1,2013
41.75311062770281,2,2013
39.79820589193936,3,2013
40.84898235724362,4,2013
55.74874971971681,5,2013
