error,month,year
125.11136020952763,7,2009
99.94240181121401,8,2009
76.212615438773,9,2009
74.68562802658583,10,2009
56.01871627540305,11,2009
42.94104883284982,12,2009
44.630749923375255,1,2010
45.24540986312198,2,2010
46.39519652774715,3,2010
46.8661642574156,4,2010
71.08348228132529,5,2010
120.08696329524244,6,2010
