error,month,year
55.349809188037646,10,2010
45.093068927686936,11,2010
30.197300247543307,12,2010
30.10793097370357,1,2011
29.915917268330976,2,2011
26.572628655459987,3,2011
27.709024062043966,4,2011
44.61777812816564,5,2011
84.17218094132681,6,2011
85.48087503843925,7,2011
82.46828491799795,8,2011
69.31986508051463,9,2011
