error,month,year
36.95361501600128,3,2008
28.59527041420393,4,2008
38.017226795566046,5,2008
96.14486778202357,6,2008
87.56972259136101,7,2008
76.89388652614029,8,2008
68.77056976639163,9,2008
64.14852203528254,10,2008
52.348786768393396,11,2008
42.079865676308046,12,2008
45.54006572915957,1,2009
49.4410844216632,2,2009
