error,month,year
50.30996780989392,5,2011
89.17545843924587,6,2011
91.44702234043301,7,2011
87.77932892731161,8,2011
73.67170174432613,9,2011
61.5734081383089,10,2011
48.192634112511136,11,2011
33.233330486561854,12,2011
37.22355291355256,1,2012
35.751927275308475,2,2012
34.94938401535191,3,2012
34.54011024261547,4,2012
