error,month,year
68.08331209921718,10,2013
61.64942655479509,11,2013
34.85445185590048,12,2013
37.97316619182735,1,2014
37.48719521046253,2,2014
32.976279305124834,3,2014
33.427338266459195,4,2014
44.438445862095975,5,2014
75.99143959353464,6,2014
81.25524963278016,7,2014
90.93423327048376,8,2014
78.96466147013692,9,2014
