error,month,year
87.78209488656469,6,2011
89.7480762090269,7,2011
86.23104697611376,8,2011
72.23324932432887,9,2011
59.56034671071641,10,2011
45.685870327236785,11,2011
30.591457706307732,12,2011
34.91565047584548,1,2012
33.909360760982736,2,2012
32.81233750740419,3,2012
32.57563078045337,4,2012
50.416468181472794,5,2012
