error,month,year
76.86042675850203,9,2011
63.626733623861035,10,2011
49.30657795239375,11,2011
34.421356536290425,12,2011
39.32174664129408,1,2012
40.20437456034335,2,2012
37.617389429705725,3,2012
37.57975360533656,4,2012
54.801479163727386,5,2012
94.21831785226921,6,2012
94.12561135491909,7,2012
102.54978990835316,8,2012
