error,month,year
463.99311321874,2,2007
313.0954356619392,3,2007
151.27275445096106,4,2007
19.354708794778254,5,2007
175.58581853173808,6,2007
135.79161545080757,7,2007
29.761002782709646,8,2007
21.777052428178195,9,2007
185.4240649562796,10,2007
187.37544646261532,11,2007
278.3451958974988,12,2007
192.91812513004174,1,2008
