error,month,year
58.62218253448171,5,2012
96.63734857149052,6,2012
97.71768723879794,7,2012
104.57928565833134,8,2012
88.3480709404611,9,2012
73.00786386049764,10,2012
65.4254561526619,11,2012
42.26735941349803,12,2012
45.50041889812279,1,2013
44.11227390311159,2,2013
42.43103048833883,3,2013
44.18410792860865,4,2013
