error,month,year
57.93336995942542,5,2010
105.95218843592478,6,2010
100.02409555247436,7,2010
89.80117961461737,8,2010
68.68061321920307,9,2010
59.44791453829938,10,2010
49.62448178928976,11,2010
34.54177714068278,12,2010
34.653535300831926,1,2011
32.971934919544076,2,2011
30.882993444548784,3,2011
32.445470364984715,4,2011
