error,month,year
34.803549436705346,1,2014
33.710512359928025,2,2014
29.96120264163275,3,2014
30.24486338989382,4,2014
41.35431855010813,5,2014
72.58346987585801,6,2014
78.93945966543909,7,2014
87.48266034382809,8,2014
75.53575953558864,9,2014
63.955546636927394,10,2014
57.997156451098654,11,2014
31.108345392441567,12,2014
