error,month,year
74.6634538638243,1,2009
79.90482173758636,2,2009
82.59192632641651,3,2009
82.35011315705209,4,2009
108.99358200785323,5,2009
171.4981524850254,6,2009
158.84834412499518,7,2009
135.52071873589585,8,2009
113.08475137912342,9,2009
110.06514304574408,10,2009
91.47863184576185,11,2009
78.80187724598463,12,2009
