error,month,year
73.65930264917509,3,2009
74.15526656070931,4,2009
101.00598670231736,5,2009
162.88283510877423,6,2009
150.99865451231682,7,2009
128.0776546693738,8,2009
105.8579031995065,9,2009
102.11519963289444,10,2009
83.12498239410327,11,2009
69.74993029798846,12,2009
78.17055258158284,1,2010
81.07678796422795,2,2010
