error,month,year
22.09229980635757,3,2015
22.427335692964824,4,2015
32.926419951052154,5,2015
63.75161796942878,6,2015
69.88761776326115,7,2015
78.00030571415238,8,2015
68.10176907654093,9,2015
57.08409033343952,10,2015
53.02413508847994,11,2015
27.41959752460001,12,2015
26.301798022778147,1,2016
24.685417606525878,2,2016
