error,month,year
65.99022812760028,10,2011
52.32955254926176,11,2011
37.88214212084578,12,2011
42.94909818243737,1,2012
43.70284315877697,2,2012
41.22561612087951,3,2012
41.07359667758962,4,2012
58.218560964833614,5,2012
97.39993902010856,6,2012
97.39407481078474,7,2012
105.66423621692238,8,2012
89.24569166145075,9,2012
