error,month,year
83.39322880790019,9,2013
70.12313312502425,10,2013
63.27851135976032,11,2013
36.93511683555669,12,2013
39.71089822275508,1,2014
38.95881207490061,2,2014
34.63445295075232,3,2014
35.74074004505161,4,2014
46.923179371099216,5,2014
77.66181415903952,6,2014
82.97077659399261,7,2014
92.65966852619879,8,2014
