error,month,year
67.02811498170564,6,2015
68.79237625511362,7,2015
82.542049511413,8,2015
72.4093908530794,9,2015
57.95160304526759,10,2015
55.31504529329008,11,2015
29.78451206225136,12,2015
28.01401131702345,1,2016
30.08482834095921,2,2016
25.383705253493485,3,2016
27.10956178679388,4,2016
41.04723023157241,5,2016
