error,month,year
16.992720528838053,11,2007
5.5541449106072855,12,2007
12.897538522325055,1,2008
13.586743577174316,2,2008
14.15746882231848,3,2008
7.590744454632387,4,2008
18.00275103352177,5,2008
73.9841804201613,6,2008
65.60665705560642,7,2008
55.646358837839095,8,2008
47.69090298155856,9,2008
42.7139378551027,10,2008
