error,month,year
80.0106345751716,2,2009
82.3459060910194,3,2009
81.91441735613725,4,2009
108.22078981906263,5,2009
170.621293504674,6,2009
157.96551077214238,7,2009
135.03666003398754,8,2009
113.015733192179,9,2009
110.10812742124016,10,2009
91.82823976822249,11,2009
79.24416635064944,12,2009
88.68547117246288,1,2010
