error,month,year
40.551730384968906,11,2012
65.0535831692911,12,2012
99.27874548598079,1,2013
108.06123851644081,2,2013
140.29442148306723,3,2013
106.9420944303004,4,2013
31.881423230705625,5,2013
3.2786814521545016,6,2013
68.49336549900588,7,2013
92.0500434578967,8,2013
42.42573002241079,9,2013
117.72823627968422,10,2013
