error,month,year
225.84526825714897,6,2011
334.72649247301604,7,2011
364.863189734936,8,2011
206.9949229080396,9,2011
143.53006825254508,10,2011
109.55821625315727,11,2011
96.28349766326755,12,2011
85.73072422830073,1,2012
72.99832907634183,2,2012
82.38649551380037,3,2012
89.76538595036733,4,2012
135.03202716198552,5,2012
