error,month,year
223.36875229896384,11,2013
236.04421430536289,12,2013
230.42538261234418,1,2014
245.3770030400792,2,2014
226.09347148808118,3,2014
298.8894823541935,4,2014
394.3404085453585,5,2014
432.5262508422162,6,2014
507.39782837220565,7,2014
568.1536335157882,8,2014
454.91254972824026,9,2014
409.5118302104181,10,2014
