error,month,year
114.25313438244592,7,2012
132.59124874840455,8,2012
36.61990477625167,9,2012
23.20092446521275,10,2012
68.72054764258418,11,2012
91.45879792012563,12,2012
116.3995691158322,1,2013
119.15262710845556,2,2013
143.9674335258339,3,2013
105.95201345164142,4,2013
32.295770392535125,5,2013
1.168561592734065,6,2013
