error,month,year
59.02809324724903,3,2010
111.32640571282492,4,2010
150.01753810397713,5,2010
130.20388901009332,6,2010
42.97083364438841,7,2010
57.49625258620416,8,2010
168.90804348362076,9,2010
152.62839099564331,10,2010
89.81080354250494,11,2010
45.181778393788605,12,2010
39.612860041993706,1,2011
144.68683157773324,2,2011
