error,month,year
341.9857003622284,8,2011
179.3934586478886,9,2011
70.04819970880051,10,2011
15.044023337797586,11,2011
22.645746679691488,12,2011
89.7649232064223,1,2012
103.85783231726973,2,2012
43.734004695043204,3,2012
26.30323399469049,4,2012
16.86060482545389,5,2012
38.625768559624035,6,2012
75.08128517305539,7,2012
