error,month,year
55.35820999198759,9,2015
8.59822762929037,10,2015
65.60730188145949,11,2015
86.14402320720748,12,2015
154.64477401436952,1,2016
167.49130253275172,2,2016
138.59914445248228,3,2016
89.84810919576651,4,2016
45.44514195644823,5,2016
13.255126255075496,6,2016
32.33905257240876,7,2016
58.224089688573635,8,2016
