error,month,year
174.14940183616054,8,2010
302.9767194504273,9,2010
306.5804926191858,10,2010
273.28459255175153,11,2010
251.38196615566218,12,2010
188.0632104349797,1,2011
96.4277596119178,2,2011
289.01347995347265,3,2011
352.83954824752027,4,2011
405.2588450361908,5,2011
408.11504671730967,6,2011
549.7781575245441,7,2011
