error,month,year
6.7471125706984285,10,2015
60.573502116549406,11,2015
82.25239389895955,12,2015
147.6708087841341,1,2016
157.6612920534079,2,2016
114.40406490243109,3,2016
74.23989072832887,4,2016
31.47677219466199,5,2016
0.410911493565024,6,2016
43.18899014081219,7,2016
68.16408395713593,8,2016
11.829834312321038,9,2016
