error,month,year
165.62159626610398,1,2011
134.11948839667915,2,2011
195.58926306801342,3,2011
237.81823319377415,4,2011
283.00792023988026,5,2011
298.20131901421263,6,2011
435.3419303414392,7,2011
511.7255620809088,8,2011
386.8479196260255,9,2011
313.45846605497564,10,2011
252.31722183269008,11,2011
258.0129300033728,12,2011
