error,month,year
51.40334477352333,8,2007
23.07248130580483,9,2007
42.31641524129371,10,2007
65.32096258330847,11,2007
86.55693209893533,12,2007
85.83074288847105,1,2008
130.09290723772273,2,2008
58.334731417269545,3,2008
45.28191535184864,4,2008
53.68375362064523,5,2008
76.8526062668114,6,2008
34.408106961052944,7,2008
