error,month,year
76.07875038249172,12,2015
123.97789846358187,1,2016
122.78864738983148,2,2016
57.848648802379614,3,2016
25.4161855239101,4,2016
19.679957313426836,5,2016
54.62242713434288,6,2016
96.61483265012468,7,2016
117.49069800962948,8,2016
54.814994177772114,9,2016
9.195357886530688,10,2016
23.743279610921373,11,2016
