error,month,year
15.824573203864949,4,2007
121.36848601241655,5,2007
158.30130081580964,6,2007
90.93096301558442,7,2007
51.110694439127904,8,2007
111.44902912279059,9,2007
0.3876197284511278,10,2007
2.2671834599562075,11,2007
77.81571475999155,12,2007
32.48357844423327,1,2008
54.27716581392528,2,2008
5.064869123371231,3,2008
