error,month,year
65.57154206466778,10,2011
170.17432797009192,11,2011
181.60248824734464,12,2011
293.47337244997016,1,2012
363.16201514323484,2,2012
273.99760733366134,3,2012
267.5934434185077,4,2012
234.66961681964116,5,2012
225.30676389294123,6,2012
193.5364003132385,7,2012
172.5826019530138,8,2012
255.82140361691899,9,2012
