error,month,year
418.9840904121598,10,2010
400.89797523253196,11,2010
398.7123720307193,12,2010
357.30344192800214,1,2011
297.3399407963682,2,2011
459.1938802616331,3,2011
531.3520693065113,4,2011
588.5941038420291,5,2011
594.6641060982147,6,2011
728.6511390273164,7,2011
818.2469980772743,8,2011
688.6476917344544,9,2011
