error,month,year
597.4186247694843,3,2007
61.84281560837985,4,2007
1364.94301829749,5,2007
145.08403551244768,6,2007
109.22376356419541,7,2007
189.63657778509761,8,2007
867.4863295849052,9,2007
616.264839456859,10,2007
274.48503082977084,11,2007
213.7004559954699,12,2007
1430.3774240232754,1,2008
1207.5355006922655,2,2008
