error,month,year
5.802880358751388,4,2016
55.80946021940528,5,2016
94.33923468109434,6,2016
137.37585182835224,7,2016
157.0066657420804,8,2016
92.40268431221862,9,2016
24.61589628425109,10,2016
6.1334392886266995,11,2016
30.260775043285136,12,2016
73.06669460530044,1,2017
75.22225141811302,2,2017
56.010761636040364,3,2017
