error,month,year
121.20003395365505,11,2011
143.13644355727337,12,2011
243.3717890163049,1,2012
276.75288199574106,2,2012
200.015940112211,3,2012
183.73256304368667,4,2012
142.24158534386478,5,2012
128.80275851617358,6,2012
99.39715017515499,7,2012
75.61014732488685,8,2012
157.87488134353703,9,2012
207.84327314358418,10,2012
