error,month,year
415.4328718690597,8,2013
294.4800082035212,9,2013
240.95709540356916,10,2013
224.39685477094298,11,2013
231.59135246268082,12,2013
219.8102192678628,1,2014
228.4940250842496,2,2014
219.2476519456233,3,2014
284.1848635870561,4,2014
372.00126586897767,5,2014
409.819748279435,6,2014
486.6915669153593,7,2014
