error,month,year
267.02988478285783,6,2014
335.54311039224456,7,2014
380.0527112417556,8,2014
256.5429287094785,9,2014
196.71917258495185,10,2014
162.11682992508068,11,2014
152.89270952712963,12,2014
119.03906222762943,1,2015
114.00642179649972,2,2015
158.40339779739955,3,2015
206.99938334093892,4,2015
229.46500785888452,5,2015
