error,month,year
307.94240695650984,7,2014
353.63453462037955,8,2014
228.31502252950975,9,2014
165.23041727536338,10,2014
124.70864036099705,11,2014
113.62968615927879,12,2014
69.94411659343679,1,2015
63.55848528565439,2,2015
128.75104262256258,3,2015
176.07042201328773,4,2015
200.9757086241528,5,2015
196.73553280306146,6,2015
