error,month,year
123.02939891839758,4,2014
153.47669493099394,5,2014
199.69682646666743,6,2014
280.00916862002623,7,2014
325.6443337814383,8,2014
399.23199347356314,9,2014
444.79506194849364,10,2014
324.52763885655105,11,2014
269.5811185335359,12,2014
240.77509490775785,1,2015
236.86726107931548,2,2015
211.4865486946938,3,2015
