error,month,year
94.48706308723948,4,2008
101.13113278000192,5,2008
73.32913214351508,6,2008
157.7194066746143,7,2008
147.63919081876574,8,2008
139.40394919457293,9,2008
70.8637831311988,10,2008
69.12138517813004,11,2008
48.4645023139193,12,2008
58.112343650309505,1,2009
60.666504944722746,2,2009
131.86440153675684,3,2009
