error,month,year
88.48503672615914,10,2014
45.36256589779525,11,2014
17.28067410420246,12,2014
16.165928462693714,1,2015
29.091474756922523,2,2015
19.325648484944203,3,2015
46.86687652554981,4,2015
97.96135212302394,5,2015
132.91665980386026,6,2015
187.59006260978012,7,2015
219.72810241654972,8,2015
130.06580612496572,9,2015
