error,month,year
38.16337319229407,10,2012
75.41166801499747,11,2012
100.54506770034858,12,2012
115.90267360296365,1,2013
125.37314989233913,2,2013
147.52402803372112,3,2013
127.44412193914906,4,2013
67.2074277024646,5,2013
19.924426794727967,6,2013
42.932333744958406,7,2013
60.885263897366684,8,2013
74.17087659375116,9,2013
