error,month,year
144.60885381794932,6,2010
58.6719632554067,7,2010
80.34551320882693,8,2010
179.4918253971297,9,2010
171.37099253997732,10,2010
116.1224851287815,11,2010
72.22955911538338,12,2010
11.5118672857392,1,2011
120.26595870801802,2,2011
113.22829522191157,3,2011
171.4956880003131,4,2011
212.41083931991074,5,2011
