error,month,year
37.48784566967192,7,2009
8.930429214316849,8,2009
59.92211022329561,9,2009
18.980330041518346,10,2009
57.06601475427415,11,2009
124.74673321623641,12,2009
213.8367053676492,1,2010
331.03361978299944,2,2010
159.41449076950838,3,2010
112.97893875921108,4,2010
82.29194357076827,5,2010
116.86584406923582,6,2010
