error,month,year
36.39804172885845,3,2016
0.4989357129079082,4,2016
50.24624488869749,5,2016
88.12204287269655,6,2016
131.39820597243414,7,2016
151.2357008295341,8,2016
86.91473925777878,9,2016
18.221401021876897,10,2016
0.7532789426852151,11,2016
36.993235993499006,12,2016
80.65647547566067,1,2017
83.24399134468591,2,2017
