error,month,year
178.02600818397838,6,2013
251.63856274386117,7,2013
291.78811038269436,8,2013
175.7731232542337,9,2013
122.38608305951077,10,2013
105.39509538061048,11,2013
112.46394175847158,12,2013
91.1340553676648,1,2014
93.34686724278305,2,2014
84.96812813399933,3,2014
121.33208274765958,4,2014
187.68497987293,5,2014
