error,month,year
3.289476565066238,8,2009
39.71575422756165,9,2009
9.78955894484774,10,2009
58.972337127621614,11,2009
126.35998502018269,12,2009
217.24707075536438,1,2010
334.7544403271138,2,2010
173.4035920864511,3,2010
124.06118476209312,4,2010
93.38814325570111,5,2010
130.30509109682276,6,2010
235.6838846216204,7,2010
