error,month,year
63.73362755865281,2,2009
213.52623651164959,3,2009
252.84555790014247,4,2009
295.5200312950841,5,2009
284.6109479041981,6,2009
193.79898501103162,7,2009
180.56331366144425,8,2009
250.11743413288048,9,2009
249.1986255906549,10,2009
220.9676029703856,11,2009
195.44826886269925,12,2009
135.3695455213167,1,2010
