error,month,year
164.9064758847691,3,2011
196.4298002806501,4,2011
225.49911858169602,5,2011
214.26508207553547,6,2011
346.805516758392,7,2011
428.02696760426034,8,2011
310.5982839228462,9,2011
239.0522737429561,10,2011
178.5722905807001,11,2011
195.2386376179404,12,2011
114.5425199400485,1,2012
77.98376222473036,2,2012
