error,month,year
3.510654636007594,4,2013
59.2050341891127,5,2013
92.66411046003479,6,2013
166.70818505196232,7,2013
206.5078432470433,8,2013
91.97842065038687,9,2013
41.09864314490778,10,2013
20.066973293024137,11,2013
19.167179811146603,12,2013
16.93197084013712,1,2014
25.818204653039626,2,2014
26.52386943941464,3,2014
