error,month,year
7.503143336956064,4,2015
43.64905869044553,5,2015
94.31230554283695,6,2015
92.1719134365012,7,2015
130.86065945281138,8,2015
187.81732731748983,9,2015
117.46302175507715,10,2015
62.42190531913529,11,2015
10.905066237555024,12,2015
13.133328134513713,1,2016
84.42879317388449,2,2016
96.96195951352202,3,2016
