error,month,year
41.75008199488517,9,2009
1.8394203269448892,10,2009
70.69099022055795,11,2009
137.87993698226276,12,2009
228.6998127280149,1,2010
347.98251804544975,2,2010
175.86304533817284,3,2010
133.3879420501732,4,2010
106.26501265840685,5,2010
142.93677525939188,6,2010
254.29881485580268,7,2010
279.5589870253405,8,2010
