error,month,year
427.5724191453761,10,2008
467.247214542556,11,2008
482.8015139103582,12,2008
530.9119065733038,1,2009
590.4873915526324,2,2009
677.4420162099967,3,2009
756.6364501000377,4,2009
831.8574326666678,5,2009
873.763783462958,6,2009
859.0433503755822,7,2009
946.7311673175656,8,2009
1124.2432760736153,9,2009
