error,month,year
59.51716609588763,5,2016
98.4108503377212,6,2016
141.31662399980962,7,2016
160.18756198079674,8,2016
94.88245696263081,9,2016
27.238825809287004,10,2016
8.953108671745627,11,2016
27.3386358484531,12,2016
69.12842009760784,1,2017
70.98677192501373,2,2017
47.509545806564255,3,2017
7.5394142014609695,4,2017
