error,month,year
305.3206352385103,7,2011
340.83865361869,8,2011
186.50765609869651,9,2011
95.70575672297414,10,2011
33.434691196132,11,2011
41.837852448867295,12,2011
8.577028226158943,1,2012
16.174563854428925,2,2012
21.083668870154227,3,2012
32.85225424950847,4,2012
70.00807034863543,5,2012
90.22844792409859,6,2012
