error,month,year
146.0773673115047,2,2010
32.56915191977269,3,2010
77.70497195747016,4,2010
117.69312004752804,5,2010
102.96921052978122,6,2010
23.746144165104102,7,2010
22.0986089596704,8,2010
114.24283798192069,9,2010
110.40623979095088,10,2010
56.565063487141934,11,2010
6.871401247945312,12,2010
86.19325291435554,1,2011
