error,month,year
28.00615871818518,2,2008
50.039860308947745,3,2008
73.43650285665683,4,2008
66.6320025733271,5,2008
32.994409589329784,6,2008
116.20119275132046,7,2008
103.61669930529044,8,2008
99.49776840166716,9,2008
32.347082117593324,10,2008
26.84747598665829,11,2008
5.892638933605768,12,2008
16.856374976821886,1,2009
