error,month,year
27.580985789626737,2,2007
37.76238203338121,3,2007
208.65652457657987,4,2007
85.19630917768991,5,2007
139.8889050239971,6,2007
60.219779633974674,7,2007
118.32078697500792,8,2007
12.533052148911324,9,2007
44.17590988562454,10,2007
125.72975298210808,11,2007
65.96882812527296,12,2007
9.263898949131182,1,2008
