error,month,year
174.32092486785191,5,2011
224.02910689824074,6,2011
334.04714275814086,7,2011
372.4837384594165,8,2011
221.3791802204068,9,2011
157.3068979131871,10,2011
119.9256896974828,11,2011
115.11097766711391,12,2011
94.60597886922594,1,2012
80.89331547923086,2,2012
91.70244251161283,3,2012
99.39175922268558,4,2012
