error,month,year
153.66747996940362,9,2014
87.81584859189778,10,2014
48.77197475756247,11,2014
21.9788832428202,12,2014
3.5705275808565204,1,2015
15.707527841533475,2,2015
23.69600753059737,3,2015
49.201456395251434,4,2015
99.32511214080999,5,2015
143.92728019591138,6,2015
202.02178199323674,7,2015
227.57775977583526,8,2015
