error,month,year
104.46114601592708,2,2011
182.47988942682255,3,2011
226.58326956501625,4,2011
257.81378918657464,5,2011
229.8413410735028,6,2011
373.07595001962113,7,2011
467.5297116737012,8,2011
360.49494177105737,9,2011
283.637083660737,10,2011
212.56266373307395,11,2011
230.09964096570647,12,2011
123.57726214365273,1,2012
