error,month,year
57.00324942487338,7,2007
17.734657393126433,8,2007
56.272552788971815,9,2007
73.84440770831054,10,2007
103.63025693474731,11,2007
140.12815099190303,12,2007
204.48420350601432,1,2008
197.92803345161983,2,2008
154.1042360063011,3,2008
129.76359990094082,4,2008
132.41738782269482,5,2008
150.84039744142217,6,2008
