error,month,year
40.931344667854816,12,2007
70.4565923747867,1,2008
7.541700348838205,2,2008
103.00413277648407,3,2008
132.00687582015132,4,2008
135.56397609389634,5,2008
117.77158071892413,6,2008
215.07071665388145,7,2008
217.3463079716108,8,2008
216.7520310163996,9,2008
142.82442689001698,10,2008
130.61936951851922,11,2008
