error,month,year
428.84187327971136,9,2010
451.00405424656753,10,2010
436.35205654551055,11,2010
440.31197068072214,12,2010
406.7427776456967,1,2011
341.74817359971337,2,2011
515.3688707704853,3,2011
592.59144118099,4,2011
650.6021207560781,5,2011
653.5057128162139,6,2011
787.1856493896436,7,2011
880.7677754664105,8,2011
