error,month,year
129.45615082769152,6,2007
79.89247805712435,7,2007
54.607847008705924,8,2007
8.869275123606172,9,2007
14.02553836267766,10,2007
28.28086934538845,11,2007
41.605672835140616,12,2007
59.99670053281126,1,2008
66.0750758342653,2,2008
29.553415731780273,3,2008
21.590844595671886,4,2008
35.653815417647344,5,2008
