error,month,year
52.79625210607789,1,2010
145.06527659455196,2,2010
19.707451817575837,3,2010
71.85824733989165,4,2010
109.08152323954322,5,2010
86.79816404596512,6,2010
1.5592769836709115,7,2010
13.466755752538303,8,2010
112.84186523044107,9,2010
85.55485107193758,10,2010
28.17485731381406,11,2010
19.819207835577586,12,2010
