error,month,year
35.97550280448977,3,2013
22.844849074606,4,2013
37.309772831586606,5,2013
73.12315898444399,6,2013
146.98903980787813,7,2013
185.77925741212138,8,2013
70.7941140842839,9,2013
19.0207812981822,10,2013
4.142768793869266,11,2013
9.210278988328337,12,2013
45.829635235676776,1,2014
56.856566389354064,2,2014
