error,month,year
13.97459688830353,12,2009
97.45566809310048,1,2010
209.38372203613102,2,2010
41.321317147557146,3,2010
0.3159003500177988,4,2010
38.249462068906006,5,2010
19.598289847823782,6,2010
66.7401470817411,7,2010
75.6309156445799,8,2010
15.803504362771163,9,2010
4.39058203501672,10,2010
74.21819753559481,11,2010
