error,month,year
7.353269932205571,12,2014
37.94431642899009,1,2015
53.40166725758359,2,2015
8.974572293957465,3,2015
39.14358517268239,4,2015
90.51884356028549,5,2015
108.52755008186152,6,2015
156.17318245547986,7,2015
200.15235721159192,8,2015
119.50141983326552,9,2015
65.28463503699149,10,2015
20.59394347679023,11,2015
