error,month,year
372.83522641345434,11,2008
346.04363323335093,12,2008
394.45484801192566,1,2009
409.45985516060716,2,2009
572.1666101424896,3,2009
622.4988641680637,4,2009
680.4621970174816,5,2009
693.6848836671303,6,2009
644.2738256303079,7,2009
697.4030104565851,8,2009
851.6477190023538,9,2009
950.0830063699617,10,2009
