error,month,year
50.39924383477235,1,2013
66.48389262686294,2,2013
89.38085960283995,3,2013
72.65307813336749,4,2013
8.817357749258345,5,2013
34.95735128170542,6,2013
108.90744485426643,7,2013
143.57247386739192,8,2013
22.265025193548478,9,2013
37.713106619600744,10,2013
70.08448158859763,11,2013
84.79150537322286,12,2013
