error,month,year
36.26261982437097,11,2016
4.694991358743046,12,2016
53.98796406943078,1,2017
61.25679146443161,2,2017
39.84089271188486,3,2017
0.2364714226370239,4,2017
66.4125155122071,5,2017
113.87242031409414,6,2017
124.97828075912754,7,2017
127.41205956708606,8,2017
93.34191988331129,9,2017
33.528894852786784,10,2017
