error,month,year
128.55420967701934,1,2009
115.75415091036331,2,2009
405.0665023638017,3,2009
444.182903982154,4,2009
486.2223458880291,5,2009
475.225271985796,6,2009
380.7316326548903,7,2009
374.6909430002972,8,2009
462.98708639742307,9,2009
501.9391833105754,10,2009
520.1525841617936,11,2009
538.6027686038145,12,2009
