error,month,year
3.161015113925007,11,2009
58.22537814282491,12,2009
144.48502766845948,1,2010
257.76768430425017,2,2010
97.534927096933,3,2010
51.67468602220586,4,2010
15.339260169872615,5,2010
37.254282898324966,6,2010
128.6236449450598,7,2010
145.21714856643544,8,2010
61.66129980589602,9,2010
91.02897612215617,10,2010
