error,month,year
112.32657070083759,6,2009
23.55451101053589,7,2009
8.248550537059877,8,2009
39.48151135014777,9,2009
0.5221519737973779,10,2009
78.04272173871817,11,2009
147.3435913063152,12,2009
238.80098799196992,1,2010
357.01792942602106,2,2010
187.22747552823864,3,2010
143.1736660605519,4,2010
114.34961934466894,5,2010
