error,month,year
86.73649428324491,1,2008
2.4496578682578156,2,2008
88.7769390503771,3,2008
113.92303606999556,4,2008
114.86805833256142,5,2008
93.71775183414982,6,2008
190.49435383720242,7,2008
193.847755722327,8,2008
194.58397371232203,9,2008
121.7538697888506,10,2008
110.57982004116622,11,2008
80.58734856591846,12,2008
