error,month,year
42.45141751477052,2,2013
61.746489282033956,3,2013
45.81789752491507,4,2013
17.34192664238873,5,2013
55.138402981707145,6,2013
129.56861297642382,7,2013
168.12753769324218,8,2013
52.70450057918589,9,2013
3.353694424665255,10,2013
30.74872203225131,11,2013
39.75203030662601,12,2013
80.75745073301037,1,2014
