error,month,year
86.4119725556909,5,2009
59.941743280606815,6,2009
34.66246561809622,7,2009
64.35599544035114,8,2009
22.55831960832775,9,2009
64.98644053214282,10,2009
138.15754368219575,11,2009
209.79584034291526,12,2009
308.70434965357066,1,2010
432.4289175464583,2,2010
269.79369756265805,3,2010
243.02760326080434,4,2010
