error,month,year
313.85532970093107,7,2013
350.2652915306324,8,2013
231.58100590285582,9,2013
179.56965965184756,10,2013
161.1030279308635,11,2013
170.1611075073329,12,2013
157.60646600299032,1,2014
162.33874407948056,2,2014
149.77715944599197,3,2014
204.17151837116901,4,2014
282.61792427170377,5,2014
311.0782053686558,6,2014
