error,month,year
30.336199125495753,4,2009
47.20173396684024,5,2009
16.57176759654834,6,2009
78.17354096510303,7,2009
104.72255487006402,8,2009
75.3541297220186,9,2009
112.70108884289985,10,2009
186.28935669254784,11,2009
254.88122488561248,12,2009
359.4765485620591,1,2010
487.471408789969,2,2010
344.81760674450084,3,2010
