error,month,year
74.34824133581002,5,2015
76.82247395197703,6,2015
119.31088890127405,7,2015
170.26024307365518,8,2015
94.6491440263126,9,2015
37.71362510203016,10,2015
11.958336880786215,11,2015
34.80974942308224,12,2015
102.89650590491772,1,2016
116.26880526872972,2,2016
59.88293131215538,3,2016
33.702268070207126,4,2016
