error,month,year
13.31187643034102,3,2009
23.095347587526284,4,2009
41.91496249601285,5,2009
19.127525884605266,6,2009
62.48310749079162,7,2009
107.004565856139,8,2009
57.320110866949456,9,2009
80.27257836296704,10,2009
144.45675996057474,11,2009
224.56227672005116,12,2009
340.99603486720656,1,2010
489.0540814020171,2,2010
