error,month,year
155.36781460705458,5,2010
141.78552151545887,6,2010
64.27490932467425,7,2010
71.76905133873375,8,2010
169.9709024310209,9,2010
157.84265442948768,10,2010
112.9767100867627,11,2010
69.32356185197891,12,2010
17.9637425493045,1,2011
129.1123075970763,2,2011
92.73041520715991,3,2011
153.10081446969062,4,2011
