error,month,year
193.39308934226437,12,2013
181.1470329187317,1,2014
190.98544899662917,2,2014
200.6521762566262,3,2014
261.1229355992386,4,2014
346.2525416873329,5,2014
384.9312871866117,6,2014
457.4904505015073,7,2014
512.4098141159113,8,2014
395.53057498152816,9,2014
346.8211131917772,10,2014
326.94455188336065,11,2014
