error,month,year
124.48956752891138,8,2012
21.185844378732103,9,2012
36.479530840982044,10,2012
77.80253619029934,11,2012
99.74931473228308,12,2012
120.69626563152865,1,2013
124.76921173436493,2,2013
152.7477342498655,3,2013
122.3404259817419,4,2013
55.16760188168988,5,2013
18.702132755317194,6,2013
39.62989293260264,7,2013
