error,month,year
31.30104168893177,11,2007
18.466223125410707,12,2007
71.29176969060906,1,2008
8.15811489428468,2,2008
108.89342581840808,3,2008
137.27074837697745,4,2008
142.07111298252727,5,2008
124.5690049523585,6,2008
220.40276057917447,7,2008
221.45880768967598,8,2008
219.56100871466725,9,2008
144.48519947144663,10,2008
