error,month,year
137.24260036908908,8,2015
66.19137072293103,9,2015
1.3743621682557148,10,2015
59.5489631576115,11,2015
77.12119185598561,12,2015
160.09606828983996,1,2016
172.14074174197745,2,2016
130.5227135391257,3,2016
78.57951495623455,4,2016
34.394892106387005,5,2016
11.766433551313824,6,2016
28.577109632666946,7,2016
