error,month,year
6.693952778345832,5,2012
48.798697247395246,6,2012
95.7656986473562,7,2012
115.99428604012316,8,2012
9.111132061906154,9,2012
48.95466833988049,10,2012
90.83509063647337,11,2012
116.175297982137,12,2012
137.51063499012602,1,2013
145.26752189445534,2,2013
173.64262508856606,3,2013
144.28085325638898,4,2013
