error,month,year
223.36875229896384,1,2014
236.04421430536289,2,2014
230.42538261234418,3,2014
245.3770030400792,4,2014
226.09347148808118,5,2014
298.8894823541935,6,2014
394.3404085453585,7,2014
432.5262508422162,8,2014
507.39782837220565,9,2014
568.1536335157882,10,2014
454.91254972824026,11,2014
409.5118302104181,12,2014
