error,month,year
48.813846251850755,2,2015
65.16984770621022,3,2015
4.171364963470239,4,2015
35.890353696993095,5,2015
86.789187575533,6,2015
96.40719428846418,7,2015
140.2085047247855,8,2015
188.93272129569058,9,2015
112.20287625784859,10,2015
57.770899155931694,11,2015
10.441800000472556,12,2015
13.362834028272431,1,2016
