error,month,year
58.86419819238266,3,2015
0.3179144402920713,4,2015
30.489911245375687,5,2015
82.25113141356418,6,2015
101.71560606293458,7,2015
150.0257133848395,8,2015
191.7365402187796,9,2015
109.40230267247013,10,2015
54.32385024958194,11,2015
9.697848628378377,12,2015
14.001487805255351,1,2016
68.08997184837285,2,2016
