error,month,year
150.9211724813313,5,2008
135.7822162714432,6,2008
231.8277384125446,7,2008
231.39251680489573,8,2008
231.0914498400993,9,2008
163.65944785222484,10,2008
160.53895872156215,11,2008
138.43153963284377,12,2008
148.2465519080531,1,2009
147.09739649912575,2,2009
275.7050099547115,3,2009
306.6165433041445,4,2009
