error,month,year
123.76625830951157,2,2016
37.63595668342065,3,2016
4.54867056610658,4,2016
44.11426756602108,5,2016
80.19439479842151,6,2016
121.80160031223969,7,2016
141.88967847927537,8,2016
78.58410833251844,9,2016
10.820028233549266,10,2016
7.046686410715433,11,2016
43.27543555168413,12,2016
86.94082861890617,1,2017
