error,month,year
233.77593873420258,2,2012
109.54685082892364,3,2012
77.45529781942294,4,2012
21.960833389190572,5,2012
2.6968025618264875,6,2012
37.95515258620912,7,2012
58.80927768780487,8,2012
30.084099199543942,9,2012
88.04621956771862,10,2012
134.18431950047412,11,2012
154.3407726571159,12,2012
182.5564652026344,1,2013
