error,month,year
152.18643429658073,3,2014
158.8312081849799,4,2014
179.7055370096457,5,2014
236.79018495229863,6,2014
321.40067050808625,7,2014
358.6539247300313,8,2014
430.3392498184179,9,2014
482.80094277873087,10,2014
364.50133211322566,11,2014
312.11707178004355,12,2014
287.17999432468037,1,2015
292.5932202922532,2,2015
