error,month,year
160.9825825936638,12,2011
232.8246005121232,1,2012
274.15553845771944,2,2012
195.36492214881,3,2012
188.789430749227,4,2012
150.58690694812475,5,2012
122.49198729738136,6,2012
86.26254140005665,7,2012
72.68216413675711,8,2012
175.22709244975638,9,2012
228.37832582905608,10,2012
267.33866865754555,11,2012
