error,month,year
204.91746864253136,1,2012
234.16896368342253,2,2012
158.41729612708582,3,2012
144.75875778053307,4,2012
100.82810266952451,5,2012
67.159297271992,6,2012
25.65589778502891,7,2012
11.164573432105216,8,2012
117.47863342858987,9,2012
174.8960805057499,10,2012
215.3712799672085,11,2012
240.65331840658538,12,2012
