error,month,year
344.1981389048974,11,2010
335.28411682894136,12,2010
280.19934904453913,1,2011
224.01880510615257,2,2011
368.59984398553945,3,2011
435.0182715922309,4,2011
488.3619309162021,5,2011
483.9684621718885,6,2011
626.7103299832147,7,2011
717.1616287768188,8,2011
596.743082623497,9,2011
516.7361522297068,10,2011
