error,month,year
111.20429209362013,4,2010
158.0586650138594,5,2010
141.2044272640384,6,2010
62.37535396927322,7,2010
68.66499521816274,8,2010
172.02024693341815,9,2010
159.12917947003697,10,2010
112.33724916656908,11,2010
71.0783757084974,12,2010
18.37787180599153,1,2011
133.61263669478666,2,2011
90.88717165858978,3,2011
