error,month,year
128.755815974751,7,2016
149.06022714930668,8,2016
85.13247573271906,9,2016
18.377858008323983,10,2016
1.5121155496360572,11,2016
32.9780597120362,12,2016
74.91174075517944,1,2017
77.0416282988342,2,2017
64.9506596880615,3,2017
22.517251483619233,4,2017
36.79193781638728,5,2017
79.38628385787408,6,2017
