error,month,year
62.73825991996581,5,2007
147.46749395171025,6,2007
90.78290849213172,7,2007
64.35867736087039,8,2007
1.5958303723426184,9,2007
0.6442424491811884,10,2007
8.893560496135743,11,2007
12.52370988957614,12,2007
13.638473982426175,1,2008
22.515402735950246,2,2008
12.470222115421754,3,2008
10.737631137312386,4,2008
