error,month,year
23.03012878131287,9,2007
50.800900179134864,10,2007
66.30876684060082,11,2007
69.93496386485694,12,2007
2.3623137799361587,1,2008
86.18902951178234,2,2008
17.48546617639378,3,2008
5.048000351534419,4,2008
15.929809412077114,5,2008
40.812765272605326,6,2008
65.001454076394,7,2008
76.65504795186651,8,2008
