error,month,year
181.85893008957802,7,2008
168.08220981666918,8,2008
153.74141708405838,9,2008
93.58306507373231,10,2008
105.4031142832687,11,2008
99.5386280444148,12,2008
125.85647297288624,1,2009
125.05189599422819,2,2009
185.1842017897331,3,2009
203.2075940614245,4,2009
214.16957194579223,5,2009
175.22500091722713,6,2009
