error,month,year
90.6228650236211,7,2015
130.98881309089177,8,2015
44.505877320842096,9,2015
18.133543302556454,10,2015
65.30767460415747,11,2015
82.75626422650515,12,2015
136.61776818671598,1,2016
149.392173612303,2,2016
137.53794761673296,3,2016
93.6275792797727,4,2016
49.369435995684064,5,2016
7.184289750529898,6,2016
