error,month,year
29.73624375909144,10,2009
41.891108415968226,11,2009
111.97853552467669,12,2009
203.9399191116813,1,2010
321.8174735062495,2,2010
159.68745412842756,3,2010
110.0385380259123,4,2010
73.72273750079209,5,2010
102.08538752324849,6,2010
211.22449885049855,7,2010
245.00034252712638,8,2010
164.96549893875098,9,2010
