error,month,year
42.258272394868825,10,2016
22.7288855944554,11,2016
15.108448396868859,12,2016
60.688489336245105,1,2017
65.85569216001302,2,2017
48.23060936853679,3,2017
7.101093443039591,4,2017
55.237253546329725,5,2017
102.37901661311292,6,2017
119.80936501486632,7,2017
119.73862556934027,8,2017
75.76423736002509,9,2017
