error,month,year
44.35961608231532,3,2008
65.7198713771479,4,2008
61.5423981790884,5,2008
29.484285093662834,6,2008
110.49756822534219,7,2008
98.48490084549765,8,2008
88.2764424366601,9,2008
12.788192738785238,10,2008
10.407502622293483,11,2008
10.841928628375891,12,2008
0.4892506893554369,1,2009
7.356725317012906,2,2009
