error,month,year
402.99758725526976,9,2008
364.1239008627875,10,2008
371.1750470357391,11,2008
345.2029714347003,12,2008
372.8683945327422,1,2009
386.28917451298935,2,2009
531.3511623196955,3,2009
574.7855555707865,4,2009
621.3134060354429,5,2009
633.2768499876033,6,2009
586.9638193532571,7,2009
643.0332504010597,8,2009
