error,month,year
316.55208100515114,8,2014
188.1677740646841,9,2014
122.16231787060279,10,2014
79.66859902626412,11,2014
59.36323274659075,12,2014
19.0591184545423,1,2015
8.851804131300725,2,2015
73.75006209547789,3,2015
110.01772217938931,4,2015
148.20513661589234,5,2015
161.39012756583858,6,2015
208.08611847254554,7,2015
