error,month,year
282.23425332593933,8,2008
300.8397006279489,9,2008
245.83503750362732,10,2008
249.8262407943616,11,2008
231.0372593531768,12,2008
260.88200102062336,1,2009
260.58982005000803,2,2009
396.9788735281975,3,2009
425.30451018834646,4,2009
453.7692975241592,5,2009
433.13032814682623,6,2009
357.9004507452394,7,2009
