error,month,year
74.03331653699338,1,2007
218.92962675870038,2,2007
287.8304811888571,3,2007
103.0320631296978,4,2007
495.6478612843403,5,2007
98.84478034387476,6,2007
96.23157783634888,7,2007
374.74658097824687,8,2007
43.53251932736845,9,2007
287.32749036218286,10,2007
389.3750392150899,11,2007
192.44895444049027,12,2007
