error,month,year
4.355097197622598,9,2012
53.06298548480782,10,2012
91.95143957555784,11,2012
113.28592109647468,12,2012
130.69398086505558,1,2013
134.26622335428016,2,2013
167.0922302669967,3,2013
138.927125778521,4,2013
73.73324161895002,5,2013
37.951625061946174,6,2013
17.742541611217717,7,2013
32.75416548805016,8,2013
