error,month,year
65.53351736916204,6,2012
117.25530275330424,7,2012
137.41600167120404,8,2012
26.187772257393323,9,2012
31.941958805703354,10,2012
71.99318001852123,11,2012
97.3998213910538,12,2012
116.05353642742527,1,2013
124.0500682757416,2,2013
142.42830018067812,3,2013
115.4828124536862,4,2013
49.01721346287361,5,2013
