error,month,year
43.43426613524947,11,2014
14.72491322619205,12,2014
22.1452821032688,1,2015
35.87243944715253,2,2015
16.050530253639586,3,2015
44.38987110035157,4,2015
96.023308117603,5,2015
126.20243820259412,6,2015
179.00979267700768,7,2015
215.1342051593146,8,2015
128.3779807157394,9,2015
74.0942592647403,10,2015
