error,month,year
154.77594610623711,4,2011
190.5100037678226,5,2011
218.7086548715029,6,2011
335.07965825979164,7,2011
388.2414479085887,8,2011
248.87717682930955,9,2011
182.7530582359974,10,2011
138.25412241869086,11,2011
143.32113996756732,12,2011
104.25747609203756,1,2012
87.3296893708086,2,2012
105.18129227196934,3,2012
