error,month,year
61.12039775257562,4,2012
5.560798905085164,5,2012
31.325265753270678,6,2012
75.20164123349588,7,2012
96.0340897793217,8,2012
1.7667967894927656,9,2012
60.64848040450242,10,2012
105.8542328014547,11,2012
131.11090496204162,12,2012
156.83451303251047,1,2013
163.86967085550552,2,2013
212.9239189185458,3,2013
