error,month,year
93.88421641555584,3,2012
64.60272673185864,4,2012
6.765241204001637,5,2012
32.300270855125646,6,2012
77.59136061955712,7,2012
100.76169542014412,8,2012
2.9554006565527833,9,2012
56.75619610263155,10,2012
102.96199705004555,11,2012
129.67441295884873,12,2012
157.58090022249382,1,2013
166.96258308104132,2,2013
