error,month,year
93.59484336213607,9,2016
28.615364790010325,10,2016
10.296861274006256,11,2016
26.56480493258551,12,2016
67.87584387541945,1,2017
72.8991162919732,2,2017
53.844815088267616,3,2017
17.333205415828203,4,2017
43.16712900043243,5,2017
90.39537138118428,6,2017
105.38947923687526,7,2017
105.84828167197722,8,2017
