error,month,year
271.26994646431035,12,2010
212.9584468097324,1,2011
155.80286108678388,2,2011
263.42417754217,3,2011
317.1301820344675,4,2011
365.08983220596986,5,2011
366.16895074161584,6,2011
512.0589414973437,7,2011
597.5142225093911,8,2011
479.13562278738175,9,2011
397.38331177108535,10,2011
330.09667424355604,11,2011
