error,month,year
271.18622633818933,10,2013
255.4389357319979,11,2013
276.4770084476198,12,2013
265.74080309132444,1,2014
284.08228285939566,2,2014
240.17519414867482,3,2014
332.39778598124803,4,2014
436.81660568067815,5,2014
469.3886118793498,6,2014
543.8372304922635,7,2014
616.4238514698218,8,2014
508.4493739541716,9,2014
