error,month,year
51.72476088615777,12,2012
72.86218098009176,1,2013
87.90074084100277,2,2013
109.30284647129798,3,2013
92.49917694585646,4,2013
30.425697537791805,5,2013
18.69262619452966,6,2013
90.96610140504849,7,2013
119.44420413198335,8,2013
6.484449548502454,9,2013
69.33784092148747,10,2013
104.69248977197769,11,2013
