error,month,year
107.6977890694944,6,2008
197.68676734408317,7,2008
193.67573778533432,8,2008
187.56518128229385,9,2008
120.94868363110388,10,2008
121.20400377555599,11,2008
103.66876286443264,12,2008
113.84344787699949,1,2009
113.66620454938513,2,2009
213.33407915948447,3,2009
237.6939930509267,4,2009
254.07113568653838,5,2009
