error,month,year
50.64633111068199,6,2015
93.2014055508604,7,2015
146.25963430383456,8,2015
68.91425719966877,9,2015
7.3694444340836265,10,2015
43.73516898176766,11,2015
61.26768021661437,12,2015
132.36406857174302,1,2016
146.7051893334589,2,2016
105.3437113770758,3,2016
66.62136411258345,4,2016
23.137067436014892,5,2016
