error,month,year
149.65165291772178,8,2016
79.65659770270369,9,2016
14.613701381150413,10,2016
2.602660148548999,11,2016
36.35267306460804,12,2016
73.01849405093155,1,2017
76.49768580103104,2,2017
66.8395038216474,3,2017
30.007001971918715,4,2017
27.439663662273286,5,2017
74.16674999314245,6,2017
93.5417128325284,7,2017
