error,month,year
98.11021934177408,6,2016
141.9541332678219,7,2016
160.47964919990798,8,2016
93.65376031803154,9,2016
26.83375988715325,10,2016
8.496765061680176,11,2016
28.365405280946174,12,2016
68.29052835420362,1,2017
71.10215816187994,2,2017
48.5587588710105,3,2017
9.869108569453346,4,2017
50.9628411454165,5,2017
