error,month,year
0.4405479271023225,12,2016
45.62376650809792,1,2017
53.79640716988839,2,2017
36.6382658181768,3,2017
0.6372425780511078,4,2017
62.38893774545214,5,2017
113.1422291238612,6,2017
135.2553836616396,7,2017
139.68093692887714,8,2017
97.66375496238079,9,2017
37.64416460219368,10,2017
23.274024338963645,11,2017
