error,month,year
330.48066685517233,9,2013
273.52253340427995,10,2013
258.1554381185826,11,2013
274.0343308187712,12,2013
261.6199832088581,1,2014
276.10510400259875,2,2014
242.36400596933188,3,2014
331.45379414241415,4,2014
432.6970048263183,5,2014
461.6583619000381,6,2014
538.6310527732619,7,2014
613.9611859047958,8,2014
