error,month,year
87.16868730408234,7,2010
92.14160731006788,8,2010
190.19187634492798,9,2010
190.24429024843948,10,2010
138.2796581720947,11,2010
99.9036917938027,12,2010
15.874146085250942,1,2011
94.3927586699873,2,2011
126.56868750287808,3,2011
187.86830766581699,4,2011
234.29845425029185,5,2011
233.0351469620369,6,2011
