error,month,year
90.58991247838385,10,2007
87.35725552560558,11,2007
67.75557592502639,12,2007
76.94314655849756,1,2008
27.31676351945749,2,2008
64.57136954909772,3,2008
88.95610035953999,4,2008
86.65571332692399,5,2008
65.18311516114048,6,2008
165.60504149341705,7,2008
172.7317256067868,8,2008
176.69206316673694,9,2008
