error,month,year
233.94656828166302,12,2008
270.4600933533084,1,2009
251.23978732117308,2,2009
470.41873219690666,3,2009
507.5318018269547,4,2009
544.9440862141445,5,2009
538.3926306871949,6,2009
465.91691245604585,7,2009
492.70350182912057,8,2009
620.132109663323,9,2009
694.466540389718,10,2009
752.1461649965526,11,2009
