error,month,year
73.63909247780252,5,2013
108.35239127808435,6,2013
180.88211520480357,7,2013
220.59776349303672,8,2013
103.65041154855874,9,2013
52.47459060519971,10,2013
32.990474704589914,11,2013
31.747607329465907,12,2013
1.3686505114865213,1,2014
10.131326942662296,2,2014
1.165775940061522,3,2014
11.235805936797263,4,2014
