error,month,year
52.77794171814743,11,2015
75.45851625598168,12,2015
129.8164020994632,1,2016
136.03474366563154,2,2016
89.03029977168352,3,2016
55.042807752248315,4,2016
11.560392444358287,5,2016
24.27491572227018,6,2016
68.78099186770703,7,2016
90.73851510735253,8,2016
28.4933614220485,9,2016
34.414252620704005,10,2016
