error,month,year
74.08036293127009,9,2011
33.12526655884041,10,2011
132.37285168099123,11,2011
159.08023211529894,12,2011
260.13027505696124,1,2012
320.31901070008087,2,2012
236.1376188291584,3,2012
228.80985585996467,4,2012
191.47094242503758,5,2012
173.83245130188897,6,2012
140.37373281445127,7,2012
112.02930776458544,8,2012
