error,month,year
127.78771259143716,5,2014
164.90148682721625,6,2014
241.379901897734,7,2014
298.8710767659767,8,2014
376.1562343183597,9,2014
412.25055179720187,10,2014
289.86729985759064,11,2014
233.95123331309642,12,2014
203.56140803528416,1,2015
191.70324396390308,2,2015
170.10188165487426,3,2015
161.57871402487498,4,2015
