error,month,year
138.39163011297364,1,2016
131.14758623214044,2,2016
43.093134563164774,3,2016
8.966919605929833,4,2016
38.126309550714225,5,2016
69.14989189099579,6,2016
107.33670906810295,7,2016
129.24672021106812,8,2016
70.0890576583011,9,2016
2.8531817040610923,10,2016
13.693444052104258,11,2016
50.105544612732906,12,2016
