error,month,year
1.304775907822183,1,2010
3.495889318234127,2,2010
4.080872659954744,3,2010
1.1403614466242509,4,2010
31.96046710934055,5,2010
54.06195893880846,6,2010
77.90622823399644,7,2010
49.937491182459624,8,2010
35.180822066762055,9,2010
21.06429276668119,10,2010
15.045811224492367,11,2010
1.6288690119890001,12,2010
