error,month,year
48.26415773509725,9,2014
26.79038409530945,10,2014
22.42752336992755,11,2014
10.775317312574254,12,2014
10.707890245703949,1,2015
8.73905213284451,2,2015
10.287252211790015,3,2015
14.940109957415945,4,2015
38.583971343395355,5,2015
77.33203995283986,6,2015
104.81379546047523,7,2015
75.55133349228996,8,2015
