error,month,year
64.05175233769953,8,2008
50.122360863296386,9,2008
25.674008513954984,10,2008
15.695688543625913,11,2008
1.1272621879268705,12,2008
2.935252202966712,1,2009
7.752785020751497,2,2009
11.354792778188518,3,2009
5.417421852805211,4,2009
26.305019640258518,5,2009
54.77422136468103,6,2009
77.69327116677529,7,2009
