error,month,year
5.386111713366919,12,2008
11.657108056477892,1,2009
15.549245990239726,2,2009
18.67557665568991,3,2009
12.361097763793662,4,2009
18.503803381165675,5,2009
45.63270634487471,6,2009
67.40450866183032,7,2009
33.91922111114945,8,2009
21.020855227780288,9,2009
2.6575977285968686,10,2009
5.66508021523251,11,2009
