error,month,year
10.768678058251496,11,2008
4.762153468168644,12,2008
10.273419179093294,1,2009
14.343501620800257,2,2009
16.144918156020402,3,2009
9.67017611617386,4,2009
21.295182252675442,5,2009
48.429675736441574,6,2009
70.46240126182194,7,2009
35.77931178946324,8,2009
23.10962543877807,9,2009
6.322511079807508,10,2009
