error,month,year
7.230604994388926,12,2012
7.739053354087424,1,2013
6.077913091555447,2,2013
8.423076515740558,3,2013
9.041880129314222,4,2013
36.72947652633179,5,2013
70.32527551303457,6,2013
101.44793916225815,7,2013
76.49590437648936,8,2013
44.930327833615344,9,2013
25.75796245554925,10,2013
21.561342851869732,11,2013
