error,month,year
10.894584526692677,2,2008
12.694071254466875,3,2008
21.29129978109518,4,2008
55.25063950445761,5,2008
87.04268244995686,6,2008
110.57085852382734,7,2008
81.45820902940648,8,2008
67.15590912668318,9,2008
42.42404205180903,10,2008
32.80641801444157,11,2008
17.84655088929081,12,2008
17.303435423064954,1,2009
