error,month,year
1.1663274008984104,12,2015
1.266828255781455,1,2016
0.8679886577297253,2,2016
3.0454374842596224,3,2016
5.862807261057282,4,2016
27.068322785245424,5,2016
61.28270153977638,6,2016
90.58568492409907,7,2016
65.03962999875293,8,2016
36.11681844691724,9,2016
17.895082139652022,10,2016
15.318377646336806,11,2016
