error,month,year
79.06663788853547,6,2008
102.43260890051813,7,2008
74.60441734969658,8,2008
60.97742527832791,9,2008
36.797344429901706,10,2008
27.00121618064607,11,2008
12.229366561065689,12,2008
8.617071235206653,1,2009
4.282915205262974,2,2009
3.3258806081896424,3,2009
10.285775036069673,4,2009
42.74820945950857,5,2009
