error,month,year
55.79130181794035,10,2010
50.545932883554194,11,2010
37.168719837833635,12,2010
42.264395162784254,1,2011
39.383096131619226,2,2011
39.55722036252086,3,2011
43.49913283944865,4,2011
77.95398932986542,5,2011
112.54075769954409,6,2011
153.4416929896471,7,2011
120.77955596869364,8,2011
83.42847525844594,9,2011
