error,month,year
12.434966283832846,3,2008
22.15435851913414,4,2008
55.698756334372405,5,2008
86.90133521207933,6,2008
109.61813542379576,7,2008
81.94465425006044,8,2008
67.86734001987476,9,2008
43.44631577248646,10,2008
33.01344790403821,11,2008
17.77468311251584,12,2008
17.19247880882376,1,2009
12.894798364893234,2,2009
