error,month,year
0.08553068964103971,3,2010
4.973244128071261,4,2010
35.99204064327085,5,2010
58.08642950085205,6,2010
82.10037367112388,7,2010
53.609394270504644,8,2010
38.69377003725414,9,2010
24.551991187795895,10,2010
18.85784463124868,11,2010
5.8142263070850895,12,2010
5.904784338468595,1,2011
2.8126751188782144,2,2011
