error,month,year
14.21449877322393,4,2012
43.887759610408466,5,2012
74.7448748644066,6,2012
109.16466526764299,7,2012
81.35649489006892,8,2012
48.62572828853939,9,2012
28.34124296136668,10,2012
22.865901714750986,11,2012
10.818524222156762,12,2012
11.73604976978013,1,2013
11.095540140106962,2,2013
12.721787867521055,3,2013
