error,month,year
37.61525536502028,11,2013
33.81469375230276,12,2013
20.416259063035152,1,2014
22.337050492956823,2,2014
21.772351617930866,3,2014
23.707191851244183,4,2014
24.98478197697203,5,2014
52.90443895181486,6,2014
96.0785669109535,7,2014
127.39913521603884,8,2014
95.59185383379628,9,2014
59.08163961347876,10,2014
