error,month,year
72.19186180142019,6,2012
105.85577897181696,7,2012
78.48495305724394,8,2012
45.88323244354756,9,2012
25.19843941299688,10,2012
19.207945189692303,11,2012
7.115934156621147,12,2012
8.043835072379885,1,2013
6.7652052468462776,2,2013
8.78674899480567,3,2013
9.554977622981859,4,2013
37.6648350006233,5,2013
