error,month,year
130.35650777887852,2,2007
310.7716719569211,3,2007
138.23389106902715,4,2007
51.30539993140421,5,2007
292.7323332855413,6,2007
80.73205224329081,7,2007
128.96986903028076,8,2007
267.0527150863589,9,2007
147.2330540795987,10,2007
78.49294667490751,11,2007
204.96960842411337,12,2007
0.18559471289802326,1,2008
