error,month,year
16.59843861801184,4,2014
19.09048739583471,5,2014
46.97751449999561,6,2014
90.25064266410062,7,2014
121.29680511342873,8,2014
88.99617507107807,9,2014
52.41369171198906,10,2014
31.308870416635173,11,2014
27.23604118349504,12,2014
16.021493247710563,1,2015
15.871846137374375,2,2015
14.159709821230583,3,2015
