error,month,year
14.610350241966279,10,2015
9.575104144531124,11,2015
1.049905986010085,12,2015
1.5271409092426858,1,2016
4.054804619256714,2,2016
0.022734535547396458,3,2016
2.5075819370426338,4,2016
23.948315926284078,5,2016
58.2285112410014,6,2016
87.63351233900019,7,2016
62.074305565753185,8,2016
33.151668549337245,9,2016
