error,month,year
8.076325413965144,11,2015
2.125453377014584,12,2015
2.9108252133494013,1,2016
5.340994191518182,2,2016
0.9387163741202044,3,2016
1.6062093083487987,4,2016
22.93862680388139,5,2016
56.912873024691706,6,2016
86.38180611583111,7,2016
61.137837890874174,8,2016
32.407953460188715,9,2016
14.03829042595067,10,2016
