error,month,year
69.8058356449958,6,2015
97.43184753924999,7,2015
68.42161176633252,8,2015
36.441814615678204,9,2015
17.454084542911815,10,2015
13.21517051746469,11,2015
2.6482135216478966,12,2015
2.41341916318968,1,2016
0.01320871109865607,2,2016
2.9318600674249136,3,2016
5.515924991229969,4,2016
26.989036444193104,5,2016
