error,month,year
38.35850103788906,6,2013
71.92076696462725,7,2013
103.1752302494763,8,2013
78.07969689194437,9,2013
46.44908471350079,10,2013
27.426954435349536,11,2013
23.610953696180072,12,2013
10.784119566478186,1,2014
11.800217927004164,2,2014
10.188794697993265,3,2014
12.718513504903234,4,2014
13.921718953256695,5,2014
