error,month,year
11.206315036871073,1,2009
15.273581106423324,2,2009
16.867991711247047,3,2009
10.758250881937508,4,2009
19.759533916926877,5,2009
46.554298982028,6,2009
68.30357108267631,7,2009
33.3938980688983,8,2009
20.815508295751126,9,2009
4.526002058751027,10,2009
3.5759533511532093,11,2009
15.500700795613193,12,2009
