error,month,year
20.290851700123397,1,2015
8.570887650900467,2,2015
8.610702551403982,3,2015
6.533683767255553,4,2015
8.11383129745192,5,2015
12.342597606147887,6,2015
36.04414210852516,7,2015
74.66338413921552,8,2015
102.21130436072157,9,2015
72.79994324965371,10,2015
40.887501622407505,11,2015
22.396170874317516,12,2015
