error,month,year
9.461533730139573,3,2012
13.843573925448863,4,2012
14.620915033830466,5,2012
44.04812820514517,6,2012
74.377342641077,7,2012
107.87498365141263,8,2012
80.63494261658279,9,2012
48.43947624435727,10,2012
28.212018673391984,11,2012
22.36831938670031,12,2012
10.340870991915995,1,2013
11.352547056878025,2,2013
