error,month,year
14.822496456000236,10,2009
7.6215354155949,11,2009
2.49197936903062,12,2009
5.201736459477694,1,2010
7.861282123957594,2,2010
9.833027429484735,3,2010
5.224697162785387,4,2010
25.460365296017464,5,2010
48.3919056755475,6,2010
71.46455963692497,7,2010
45.40829675368565,8,2010
30.409455244527273,9,2010
