error,month,year
19.434351370999746,10,2008
9.30622162070724,11,2008
5.991351668228983,12,2008
12.444915421921936,1,2009
16.569026478767547,2,2009
18.39892609160954,3,2009
12.150133198073776,4,2009
18.419877991065285,5,2009
45.27905135051821,6,2009
67.13690640503451,7,2009
32.55101953296066,8,2009
20.01026571572129,9,2009
