error,month,year
6.3367100687742814,4,2010
37.22265445107199,5,2010
59.41729210643435,6,2010
83.07511133888423,7,2010
55.638036545859286,8,2010
40.969651966438384,9,2010
26.335102378061237,10,2010
20.27950138161383,11,2010
7.274412847329504,12,2010
7.799265709303018,1,2011
4.515360605249113,2,2011
6.5337468508317045,3,2011
