error,month,year
18.756719189518027,11,2012
7.0440555059454635,12,2012
7.677347726808393,1,2013
5.974264945480758,2,2013
8.208939755714248,3,2013
8.964447752358351,4,2013
36.60310511337784,5,2013
70.09769123450849,6,2013
101.10777231778304,7,2013
76.08976558220971,8,2013
44.50187916447071,9,2013
25.326056770546614,10,2013
