error,month,year
11.797441860472373,2,2012
8.838697820890776,3,2012
13.048384415802632,4,2012
13.519264392613875,5,2012
42.871770519090454,6,2012
73.26945345438938,7,2012
106.94289824780027,8,2012
79.76478328492473,9,2012
47.62615618728408,10,2012
27.50546656804522,11,2012
21.827941733226105,12,2012
9.855081900201784,1,2013
