error,month,year
107.976063403761,8,2013
84.32002328895213,9,2013
52.64551153313657,10,2013
31.722543274894814,11,2013
27.034594175347,12,2013
15.205180574190855,1,2014
16.390986037029666,2,2014
15.216565233269108,3,2014
19.7132287067468,4,2014
19.380781785544688,5,2014
47.017106113940436,6,2014
87.32062757620984,7,2014
