error,month,year
44.51427543993458,8,2009
31.74745626289122,9,2009
13.240961179713914,10,2009
5.5334454105488025,11,2009
5.097405572794866,12,2009
7.702782423208773,1,2010
10.331723598231287,2,2010
11.642772722720814,3,2010
7.109694957260648,4,2010
23.27014485184975,5,2010
45.84876248946106,6,2010
68.45605424982722,7,2010
