error,month,year
20.722434503372906,1,2008
15.529086606304775,2,2008
17.333170110474185,3,2008
26.01161024022996,4,2008
59.53356658538675,5,2008
90.98674366936343,6,2008
114.4030006742053,7,2008
86.1654440040608,8,2008
72.43647869658024,9,2008
48.38383804339057,10,2008
38.93394198301353,11,2008
23.953635001887022,12,2008
