error,month,year
73.79142901405739,7,2013
104.90629623679644,8,2013
80.05135350386198,9,2013
48.48062516711778,10,2013
29.096171328634966,11,2013
24.84160662641212,12,2013
11.896632848892658,1,2014
13.035757315441591,2,2014
11.476718814149455,3,2014
14.459056501267659,4,2014
15.917925528586451,5,2014
43.2271714088535,6,2014
