error,month,year
3.5662820573965957,12,2016
4.772645936757783,1,2017
6.691041686561025,2,2017
4.069593446348557,3,2017
2.565402501468512,4,2017
17.434913744468695,5,2017
49.22783407754813,6,2017
78.03215219956441,7,2017
52.98930909721058,8,2017
26.435109326991487,9,2017
9.73769489114092,10,2017
7.518490024886872,11,2017
