error,month,year
96.56785447589355,7,2015
67.2907590433234,8,2015
35.18781913286064,9,2015
16.049347241085552,10,2015
11.655327736129825,11,2015
0.9344632363116928,12,2015
0.4861170846234977,1,2016
1.8819659973276583,2,2016
1.3766939905356992,3,2016
3.9416091093083767,4,2016
25.457223668003326,5,2016
60.160885897132,6,2016
