error,month,year
36.27455602948481,3,2011
35.82767854553684,4,2011
38.952163209952076,5,2011
73.11981324561707,6,2011
107.98196267712429,7,2011
149.2239847465101,8,2011
117.08206636423898,9,2011
79.65294383620731,10,2011
56.24683996311798,11,2011
51.61282678504445,12,2011
38.8312412907489,1,2012
43.004367693996045,2,2012
