error,month,year
98.6479441303198,7,2008
70.76054908172318,8,2008
57.1638633362206,9,2008
32.78452280167798,10,2008
22.97483525179586,11,2008
8.498978767457402,12,2008
4.81612629581576,1,2009
0.2133082813151077,2,2009
2.7637539368559563,3,2009
4.007387937041621,4,2009
36.91903110855153,5,2009
66.70129746305044,6,2009
