error,month,year
9.185186647539476,4,2013
10.893773532719985,5,2013
38.45523728443085,6,2013
71.5257135362282,7,2013
101.92371285621815,8,2013
77.08897149974061,9,2013
45.949910589667894,10,2013
27.000011916210976,11,2013
22.553604140611423,12,2013
9.393847525489583,1,2014
10.29685954043427,2,2014
8.240901124341171,3,2014
