error,month,year
4.25937453742926,3,2013
7.092273091769979,4,2013
8.286844708775076,5,2013
35.71590890446667,6,2013
68.8074483044818,7,2013
99.39836772839834,8,2013
74.5630153527028,9,2013
43.31006671255644,10,2013
24.3710901038362,11,2013
20.16399991701613,12,2013
7.209972755248708,1,2014
7.779320611442231,2,2014
