error,month,year
18.65145304979632,5,2014
46.5069045196324,6,2014
89.90463826592968,7,2014
121.02525871076769,8,2014
88.60116065251971,9,2014
51.9490031926755,10,2014
30.913749846417428,11,2014
26.918906018743424,12,2014
15.643374383491144,1,2015
15.434531242998707,2,2015
13.652552650033028,3,2015
14.570114488013475,4,2015
