error,month,year
62.63450959689128,4,2007
70.00459424014255,5,2007
49.97452339115923,6,2007
29.18197322106208,7,2007
65.12480200105038,8,2007
75.24069874718299,9,2007
84.63140768404594,10,2007
87.23657254796352,11,2007
132.2116149351435,12,2007
290.799490661799,1,2008
151.11604448345759,2,2008
140.76135487937796,3,2008
