error,month,year
33.4976651023549,12,2010
37.55289442862051,1,2011
34.69145509739482,2,2011
35.249096848828344,3,2011
39.754475371048066,4,2011
74.72173089400026,5,2011
109.33399825932388,6,2011
150.14870358281726,7,2011
117.26562279380936,8,2011
80.15288235981541,9,2011
57.42516981505347,10,2011
52.086545879102324,11,2011
