error,month,year
89.97891844776657,9,2013
58.46758363465378,10,2013
37.34748217483549,11,2013
32.56533942756546,12,2013
20.709516729971472,1,2014
22.2292470154755,2,2014
21.56858717816298,3,2014
26.217717569800268,4,2014
25.49140464566256,5,2014
53.50069675822007,6,2014
94.12761349828108,7,2014
125.90400991349478,8,2014
