error,month,year
16.197951069430932,2,2014
17.571771932807085,3,2014
16.35494651693995,4,2014
18.342788609189892,5,2014
20.54260194683472,6,2014
48.46787397954175,7,2014
91.85097300475886,8,2014
122.94510756728302,9,2014
90.60642508664505,10,2014
53.96798347248474,11,2014
32.829697410726155,12,2014
28.809365197254586,1,2015
