error,month,year
103.11248345503328,7,2012
76.75401033465096,8,2012
44.70683775634151,9,2012
24.034708286727323,10,2012
18.08389237907349,11,2012
6.267744989759848,12,2012
6.7102837527082535,1,2013
4.7741728678108535,2,2013
7.6287384092632555,3,2013
8.379558804987312,4,2013
36.08364007070705,5,2013
69.45621699887758,6,2013
