error,month,year
1.876250708922356,12,2009
4.563194968545371,1,2010
7.229674553122378,2,2010
8.67254004651727,3,2010
3.769620250336576,4,2010
26.975371861780488,5,2010
49.747673989471856,6,2010
73.14332744229166,7,2010
46.632136178174534,8,2010
31.816584433030435,9,2010
15.056238233603347,10,2010
8.939120605527698,11,2010
