error,month,year
67.17638524189886,8,2007
59.88774215580297,9,2007
53.3919435793026,10,2007
59.30077431732029,11,2007
35.137140056957485,12,2007
25.36556566316413,1,2008
21.024938468054195,2,2008
22.166211029085932,3,2008
30.8990695049732,4,2008
65.12891668731187,5,2008
96.55375381471646,6,2008
119.5798886517467,7,2008
