error,month,year
42.571239279921635,5,2012
72.90173152692466,6,2012
106.47502162603995,7,2012
79.32406122407696,8,2012
47.217131979009274,9,2012
27.11607967371069,10,2012
21.39263618700413,11,2012
9.363526967751568,12,2012
10.247836997007962,1,2013
9.177255897909474,2,2013
10.95501337984651,3,2013
11.803072592868169,4,2013
