error,month,year
57.881235336654434,10,2013
37.93736436842328,11,2013
33.516118686938874,12,2013
20.932391017423477,1,2014
22.703984219687587,2,2014
21.9943777282339,3,2014
25.31744633733202,4,2014
25.69611967236805,5,2014
53.683678067713316,6,2014
95.4295392669217,7,2014
126.98469203772936,8,2014
97.02236358266093,9,2014
