error,month,year
33.855401310984014,12,2007
22.8933112632216,1,2008
17.848471331098548,2,2008
19.350817110360914,3,2008
27.97240679570264,4,2008
61.8423693037499,5,2008
93.5972211107773,6,2008
117.34278711163134,7,2008
88.85505393791223,8,2008
75.0382372890023,9,2008
50.66668734451078,10,2008
41.14782285063184,11,2008
