error,month,year
642.282140078727,1,2007
627.1460100040122,2,2007
836.1438478741424,3,2007
582.2638381827388,4,2007
453.46924124669886,5,2007
652.9176341758439,6,2007
1017.409003203835,7,2007
667.915880107434,8,2007
688.1252001598651,9,2007
676.8480095996576,10,2007
546.2091131556791,11,2007
697.8821842359515,12,2007
