error,month,year
38.9842467310149,10,2007
72.7376118853163,11,2007
84.27370770192476,12,2007
99.99800575860607,1,2008
54.952396998833244,2,2008
37.59716326309458,3,2008
46.947026692531786,4,2008
100.02764839811749,5,2008
134.67894063227524,6,2008
155.5776087547944,7,2008
138.31029504412317,8,2008
105.57377048780904,9,2008
