error,month,year
32.41921837684145,5,2015
70.7776788314625,6,2015
98.14651588032213,7,2015
69.1007980451201,8,2015
37.335366511357506,9,2015
18.799874120594648,10,2015
14.720751581795795,11,2015
4.10587883842954,12,2015
3.904481074259916,1,2016
1.674874209798176,2,2016
4.3772787684109495,3,2016
7.0878531671249725,4,2016
