error,month,year
20.290851700123397,11,2014
8.570887650900467,12,2014
8.610702551403982,1,2015
6.533683767255553,2,2015
8.11383129745192,3,2015
12.342597606147887,4,2015
36.04414210852516,5,2015
74.66338413921552,6,2015
102.21130436072157,7,2015
72.79994324965371,8,2015
40.887501622407505,9,2015
22.396170874317516,10,2015
