error,month,year
33.79557889836971,9,2009
15.666940985327878,10,2009
8.023586700360774,11,2009
2.6385233724917114,12,2009
5.668683847324061,1,2010
8.241258646229127,2,2010
9.443534253179948,3,2010
4.624174602739291,4,2010
26.11256357590323,5,2010
48.9492012237897,6,2010
72.00401830611739,7,2010
45.71031664792993,8,2010
