error,month,year
35.98169813089453,2,2011
33.235331035804656,3,2011
34.08717011222465,4,2011
38.66122968118204,5,2011
73.49628402664055,6,2011
107.92981432025263,7,2011
148.45572653131399,8,2011
115.99278571892393,9,2011
79.45939140178325,10,2011
57.21901333984717,11,2011
51.811112085809974,12,2011
38.2557927050311,1,2012
