error,month,year
2.2156375077568526,3,2016
4.859702395348293,4,2016
26.47906636646063,5,2016
61.422919503523026,6,2016
90.68673727413014,7,2016
64.53871947138505,8,2016
35.25718280717897,9,2016
17.31555111004225,10,2016
14.89398391849567,11,2016
1.4345868578995535,12,2016
0.2779396767778728,1,2017
1.6960614328045125,2,2017
