error,month,year
30.938737113577595,12,2013
17.23908808937947,1,2014
19.012641621347647,2,2014
17.92797612234889,3,2014
19.61571132860636,4,2014
21.706431864888845,5,2014
49.50676921255988,6,2014
92.82503963865284,7,2014
123.87715402905637,8,2014
91.50911570682148,9,2014
54.930225759518365,10,2014
33.9445325656373,11,2014
