error,month,year
12.695521545240725,12,2011
12.674934149398789,1,2012
9.788788122834172,2,2012
14.44010354830569,3,2012
15.06451827464585,4,2012
44.5421506683035,5,2012
75.05668851358656,6,2012
108.50524193946808,7,2012
81.43638178088287,8,2012
49.3341511905145,9,2012
29.123187524961313,10,2012
23.195207685038298,11,2012
