error,month,year
86.86030689625879,8,2014
49.83747297347754,9,2014
28.61462997242179,10,2014
24.58984466439277,11,2014
13.334107516988473,12,2014
13.307500003382252,1,2015
11.521139304688951,2,2015
12.604335982538911,3,2015
17.09749297372199,4,2015
40.52930789341436,5,2015
79.62910992139695,6,2015
107.66594719712644,7,2015
