error,month,year
68.08650996358001,8,2015
36.03772929205175,9,2015
15.542210616472369,10,2015
10.23483453960101,11,2015
0.19596370317800904,12,2015
0.6071676889803186,1,2016
3.2115285065297776,2,2016
0.8450626863884061,3,2016
3.7475942799238635,4,2016
25.050568852604794,5,2016
59.13231277357139,6,2016
88.55021443950513,7,2016
