error,month,year
33.4976651023549,1,2011
37.55289442862051,2,2011
34.69145509739482,3,2011
35.249096848828344,4,2011
39.754475371048066,5,2011
74.72173089400026,6,2011
109.33399825932388,7,2011
150.14870358281726,8,2011
117.26562279380936,9,2011
80.15288235981541,10,2011
57.42516981505347,11,2011
52.086545879102324,12,2011
