error,month,year
65.75192567630853,5,2011
99.83785288610535,6,2011
140.49088867240212,7,2011
108.06138180040242,8,2011
70.43759146531008,9,2011
46.87601549849774,10,2011
41.77574413906437,11,2011
28.887369623909173,12,2011
32.968666511420345,1,2012
29.707065403897104,2,2012
35.581270107306835,3,2012
32.677065622180535,4,2012
