error,month,year
29.46106440549705,5,2009
56.50271966404911,6,2009
78.36527370365161,7,2009
44.22326184395564,8,2009
31.80784236507441,9,2009
15.272954503415248,10,2009
7.550980966256894,11,2009
3.596687225588166,12,2009
7.640469314386448,1,2010
9.865661208688842,2,2010
10.756592480513747,3,2010
5.665283914297402,4,2010
