error,month,year
11.122465368935902,2,2013
9.925840346896337,3,2013
11.680145568781452,4,2013
12.44751074830646,5,2013
39.85623707720769,6,2013
73.19455053140537,7,2013
103.90999120223977,8,2013
78.59280906232118,9,2013
47.1331268421765,10,2013
28.563759987736226,11,2013
24.720190934620792,12,2013
11.478646021958987,1,2014
