error,month,year
12.695521545240725,1,2012
12.674934149398789,2,2012
9.788788122834172,3,2012
14.44010354830569,4,2012
15.06451827464585,5,2012
44.5421506683035,6,2012
75.05668851358656,7,2012
108.50524193946808,8,2012
81.43638178088287,9,2012
49.3341511905145,10,2012
29.123187524961313,11,2012
23.195207685038298,12,2012
