error,month,year
77.09815228397791,8,2012
44.82735910731851,9,2012
24.023544833785692,10,2012
18.334201763908283,11,2012
6.7799200574938325,12,2012
7.237087911193949,1,2013
5.609114673178112,2,2013
8.2686382843548,3,2013
8.455891573934286,4,2013
36.14395366321856,5,2013
69.55336411178095,6,2013
100.72658669269676,7,2013
