error,month,year
74.82790951251765,7,2009
42.82602603488755,8,2009
30.047962846683603,9,2009
10.793624935572538,10,2009
3.170996667701329,11,2009
7.05743931566333,12,2009
10.561372475034846,1,2010
13.133235302536496,2,2010
14.949313451140988,3,2010
10.17013988414998,4,2010
20.35825162406654,5,2010
43.380491221879815,6,2010
