error,month,year
23.243682871015764,5,2007
48.65421986230482,6,2007
67.49892305431689,7,2007
31.327231030255213,8,2007
21.82519414517964,9,2007
13.522531460753319,10,2007
17.903205894066254,11,2007
8.373952642462223,12,2007
29.55739401095523,1,2008
33.13593324785544,2,2008
32.36524004816985,3,2008
13.777501927768828,4,2008
