error,month,year
50.22954646080633,9,2008
25.571298897536483,10,2008
15.727599008651652,11,2008
1.2911755222973902,12,2008
4.057933892155081,1,2009
7.926353034389508,2,2009
11.216382257901792,3,2009
4.647214386055332,4,2009
26.886321921487678,5,2009
54.75891293995332,6,2009
77.4653182044857,7,2009
45.36120124720664,8,2009
