error,month,year
8.335741359848065,2,2015
8.165595474322974,3,2015
6.124810872865576,4,2015
7.7387681837305,5,2015
11.811336817541635,6,2015
35.76255672452534,7,2015
74.5791922806958,8,2015
102.21142901472969,9,2015
72.67362445396634,10,2015
40.65157953032625,11,2015
22.095905242060553,12,2015
18.104746536337448,1,2016
