error,month,year
20.04913444173561,4,2008
53.34266137493862,5,2008
84.63288422022725,6,2008
107.88334846284997,7,2008
79.6976518046478,8,2008
65.96433448536915,9,2008
41.90672231296622,10,2008
32.39381738298495,11,2008
17.51651647820433,12,2008
15.311976121260741,1,2009
11.226321103352433,2,2009
11.00184127233492,3,2009
