error,month,year
121.0649063062482,7,2014
88.32649998518885,8,2014
51.56771271245442,9,2014
30.63113819895239,10,2014
26.71034478227435,11,2014
15.670946248061925,12,2014
14.864723883837115,1,2015
13.375685326052913,2,2015
14.475830682662716,3,2015
18.839032896847925,4,2015
42.59970779527582,5,2015
81.83891681161589,6,2015
