error,month,year
93.6504321458046,3,2007
109.05199739250715,4,2007
107.02525752347826,5,2007
102.84280500234527,6,2007
105.65654569882709,7,2007
163.17897528945213,8,2007
186.8663508450002,9,2007
206.08838896344326,10,2007
208.26950291914451,11,2007
243.0880736731912,12,2007
362.2779010939476,1,2008
124.54162453213681,2,2008
