error,month,year
34.04729040240138,9,2007
44.23041869218712,10,2007
72.1605547853023,11,2007
78.95690850531,12,2007
99.07041886194513,1,2008
57.039422503797425,2,2008
37.19315338697611,3,2008
46.4965177772023,4,2008
99.67664048208714,5,2008
134.50105955113528,6,2008
155.59148003845925,7,2008
138.5553209945974,8,2008
