error,month,year
45.46880427147415,9,2012
24.73933695799419,10,2012
18.992846815328967,11,2012
7.382041829858341,12,2012
8.06875021298345,1,2013
6.388680398230267,2,2013
9.011334800617043,3,2013
9.43003407395778,4,2013
37.09415352916079,5,2013
70.46067596106286,6,2013
101.55390883051606,7,2013
76.87806430782545,8,2013
