error,month,year
5.627369679191481,4,2016
26.87799186180269,5,2016
61.59035690581659,6,2016
90.82276316447886,7,2016
64.8449912593666,8,2016
35.732806617570674,9,2016
17.82255283007007,10,2016
15.432229841019428,11,2016
2.1734606561968413,12,2016
1.1782138159610618,1,2017
0.7987327193623344,2,2017
1.6755196872889897,3,2017
