error,month,year
7.634375549892407,3,2015
5.452619498874449,4,2015
6.874133185559241,5,2015
11.220029025758123,6,2015
34.90909786191433,7,2015
73.85145261162289,8,2015
101.68620804424694,9,2015
71.94078995832514,10,2015
39.78463820359266,11,2015
21.18397978088188,12,2015
17.247022168056844,1,2016
6.722197733022952,2,2016
