error,month,year
0.5414529126984391,2,2016
3.300013622394541,3,2016
5.610360737738191,4,2016
27.41332958846655,5,2016
62.431196928999675,6,2016
91.73912207934609,7,2016
65.66970027141323,8,2016
36.37345726977614,9,2016
18.325114507154296,10,2016
15.799888247890545,11,2016
2.2026817277571595,12,2016
1.149678155023608,1,2017
