error,month,year
94.40037958274695,6,2011
134.7357181482833,7,2011
101.45092078899981,8,2011
64.43102238248184,9,2011
42.27692972416607,10,2011
36.76780147448189,11,2011
22.751860838266047,12,2011
24.60035787330008,1,2012
21.65283042300369,2,2012
27.04805906078675,3,2012
26.136482403886767,4,2012
55.58995280478384,5,2012
