error,month,year
90.71604385701431,7,2010
64.62455104092979,8,2010
50.36336559697956,9,2010
34.95754781314415,10,2010
29.37259162676568,11,2010
16.975274253855176,12,2010
18.914273605791994,1,2011
15.251809464330163,2,2011
17.52176235029752,3,2011
20.173829465470625,4,2011
54.115343047095564,5,2011
89.51063793839594,6,2011
