error,month,year
63.255546833881006,6,2010
87.05212872204515,7,2010
59.72192924489929,8,2010
45.04027918416782,9,2010
30.060392881743002,10,2010
24.275307622109548,11,2010
11.481585982297394,12,2010
12.733970511178944,1,2011
9.415301779494524,2,2011
11.76424528203234,3,2011
14.62447221004034,4,2011
48.05096281926043,5,2011
