error,month,year
51.624979344970576,5,2008
83.29259772964309,6,2008
106.75017884382059,7,2008
78.58717576998272,8,2008
64.60041068621344,9,2008
40.089804328322,10,2008
29.961312375276407,11,2008
14.644108920307836,12,2008
12.704178337972937,1,2009
8.495236966859025,2,2009
8.106859528339832,3,2009
15.407135720267346,4,2009
