error,month,year
1.8382745750658067,1,2016
0.3977708780672309,2,2016
2.9184865254575065,3,2016
5.751039113854059,4,2016
26.98827681972222,5,2016
61.73462080993011,6,2016
91.075335259626,7,2016
65.08664822938971,8,2016
35.952299197724976,9,2016
17.997609777241195,10,2016
15.602109051240394,11,2016
2.3284544823346605,12,2016
