error,month,year
10.53042749961362,5,2013
38.38348370025846,6,2013
71.956671757394,7,2013
102.88579317886072,8,2013
77.8066163853629,9,2013
46.25729453891192,10,2013
27.11566863156473,11,2013
22.8012947361172,12,2013
9.587500510178929,1,2014
10.412386548536343,2,2014
8.508807898004862,3,2014
11.373155055305025,4,2014
