error,month,year
12.646121874068832,2,2009
14.1075200809917,3,2009
8.046859779377883,4,2009
22.60275301849997,5,2009
49.644973060307606,6,2009
71.77153910968276,7,2009
37.02197422958412,8,2009
24.755009739120744,9,2009
8.78593639372388,10,2009
1.0026586836357438,11,2009
10.68530048935274,12,2009
16.379759757711877,1,2010
