error,month,year
28.703235818639584,11,2011
14.458248178359476,12,2011
14.797953208682962,1,2012
11.990128508885816,2,2012
16.685574676376724,3,2012
16.513464009890672,4,2012
45.9751264075022,5,2012
76.53311166789052,6,2012
110.40110479165705,7,2012
83.00410655100741,8,2012
50.66289629143475,9,2012
30.515486710131693,10,2012
