error,month,year
35.48492555502942,10,2011
29.948796079266263,11,2011
15.875247308671305,12,2011
16.59656385018546,1,2012
13.814359820568502,2,2012
18.876454575500663,3,2012
17.742553877047428,4,2012
47.44979080368481,5,2012
78.36546693177421,6,2012
112.7998920934054,7,2012
84.8520768237852,8,2012
51.98393049506604,9,2012
