error,month,year
9.797997139787107,3,2009
3.56993638631873,4,2009
27.232522615661715,5,2009
54.47083581505292,6,2009
76.376640757379,7,2009
42.903224993222345,8,2009
30.410630810750646,9,2009
12.978506265849495,10,2009
5.294577117612549,11,2009
5.693699952216762,12,2009
9.735411003031363,1,2010
12.3300671413457,2,2010
