error,month,year
23.53076427330228,10,2012
17.68283616253914,11,2012
5.870070924070627,12,2012
6.223929279684429,1,2013
4.327235695444556,2,2013
6.942234489516236,3,2013
7.799259584765714,4,2013
35.56288795021082,5,2013
69.10433713236273,6,2013
100.18177877465672,7,2013
75.20659266758473,8,2013
43.51936060645257,9,2013
