error,month,year
48.59509980380702,11,2010
34.6295602281286,12,2010
38.56077752524094,1,2011
35.825054781822026,2,2011
36.80863944525487,3,2011
41.42814832884767,4,2011
75.8279014307598,5,2011
109.84971375406911,6,2011
149.62674429793503,7,2011
117.24136623540456,8,2011
81.023599320506,9,2011
59.225859413488514,10,2011
