error,month,year
0.8017352585173647,2,2010
0.7262188184431828,3,2010
6.139405398237822,4,2010
36.72721855035695,5,2010
58.648644716367095,6,2010
82.10417415015664,7,2010
54.25175894587176,8,2010
39.49659966282885,9,2010
25.47793580551168,10,2010
19.500852310457226,11,2010
6.310514139897673,12,2010
6.457922887601222,1,2011
