error,month,year
41.947526288124656,5,2010
64.19776240344855,6,2010
88.04484684162445,7,2010
59.5618461826911,8,2010
44.530894745376116,9,2010
30.523225601915456,10,2010
24.4780510423168,11,2010
10.963082194672156,12,2010
12.27089719753022,1,2011
9.378022459886019,2,2011
11.528785254818118,3,2011
14.927451311371632,4,2011
