error,month,year
2.963055479291484,4,2009
27.92083412951807,5,2009
54.945116207548686,6,2009
76.89695851253062,7,2009
42.121184865511715,8,2009
29.7048376561414,9,2009
13.56502863601932,10,2009
5.801060376637517,11,2009
5.633769735465982,12,2009
9.952257914625893,1,2010
12.266244702657115,2,2010
13.258511516603301,3,2010
