error,month,year
136.48669897037303,7,2011
103.05335113168495,8,2011
66.26433194710458,9,2011
44.112758957452925,10,2011
38.18230736583519,11,2011
24.004353833807784,12,2011
26.218584645916003,1,2012
23.40525689751691,2,2012
29.172519683225822,3,2012
27.92286147441332,4,2012
57.39417260362445,5,2012
87.8893115881597,6,2012
