error,month,year
62.12391861683782,11,2007
37.23381489147021,12,2007
28.466381560442947,1,2008
23.84508096519567,2,2008
25.316204663766065,3,2008
34.19958234980338,4,2008
68.03391373796914,5,2008
99.55713220052796,6,2008
122.86922099958929,7,2008
94.85494602580354,8,2008
80.90845045058799,9,2008
56.27436158540775,10,2008
