error,month,year
30.919609671904745,9,2016
12.866664929796007,10,2016
10.407254993031495,11,2016
2.852318464161943,12,2016
4.135345031032198,1,2017
6.294608336189356,2,2017
3.4454643501933973,3,2017
1.6316871655703018,4,2017
18.22985153046202,5,2017
49.711889438682135,6,2017
78.70261270860061,7,2017
53.97078681647071,8,2017
