error,month,year
68.83400334389054,9,2010
55.37431518880643,10,2010
50.858734428999995,11,2010
39.24381408699261,12,2010
44.469080521199004,1,2011
41.17630010646849,2,2011
41.9355481296604,3,2011
45.00604066302521,4,2011
78.97160723725706,5,2011
114.80220376716856,6,2011
156.6258234376874,7,2011
125.44635975838163,8,2011
