error,month,year
10.927783913876652,11,2009
0.08955297010570362,12,2009
3.3953412898070847,1,2010
5.795188716304248,2,2010
6.7459104773603045,3,2010
1.6907308666488667,4,2010
29.135862626053147,5,2010
51.5778198101329,6,2010
75.15513440942856,7,2010
47.93737091898893,8,2010
33.090770449157986,9,2010
17.339976766823195,10,2010
