error,month,year
34.66455745434532,9,2015
14.32942760384715,10,2015
9.14400075846432,11,2015
1.4436139390792952,12,2015
2.088379122616182,1,2016
4.6471222299522355,2,2016
0.42709452305923534,3,2016
2.0738906758545568,4,2016
23.441899685744374,5,2016
57.64436377930178,6,2016
87.03217413086159,7,2016
61.548373019410114,8,2016
