error,month,year
7.230604994388926,1,2013
7.739053354087424,2,2013
6.077913091555447,3,2013
8.423076515740558,4,2013
9.041880129314222,5,2013
36.72947652633179,6,2013
70.32527551303457,7,2013
101.44793916225815,8,2013
76.49590437648936,9,2013
44.930327833615344,10,2013
25.75796245554925,11,2013
21.561342851869732,12,2013
