error,month,year
10.855155188998454,11,2016
2.500712798437945,12,2016
3.701850756431135,1,2017
5.788344996126237,2,2017
2.984198825727418,3,2017
1.3092792529142656,4,2017
18.78509608708044,5,2017
50.365579469189136,6,2017
79.2386538598205,7,2017
54.46070390765802,8,2017
27.91630474259028,9,2017
11.038300896149137,10,2017
