error,month,year
87.71677565931594,7,2016
61.813590187529705,8,2016
32.801433813306254,9,2016
14.963796300867982,10,2016
12.496348193801927,11,2016
0.9637074023467099,12,2016
2.2518494794529644,1,2017
4.3308404618390846,2,2017
1.6331648741047433,3,2017
0.3418376747459746,4,2017
20.534221206515433,5,2017
52.47172124129215,6,2017
