error,month,year
11.479375546149152,4,2015
35.46185701460916,5,2015
74.51386036036001,6,2015
102.16895104986534,7,2015
72.43258405164099,8,2015
40.334119908025116,9,2015
21.83492144419708,10,2015
17.80470848568045,11,2015
7.0794310871871735,12,2015
7.380035630353872,1,2016
5.2129995865369265,2,2016
7.254965867619706,3,2016
