error,month,year
61.383629883162286,9,2011
38.69240729544932,10,2011
32.71862699311011,11,2011
18.504817836769966,12,2011
19.841776101545,1,2012
17.11128291680173,2,2012
22.407279505861517,3,2012
21.82318272000426,4,2012
51.32149056652619,5,2012
81.83383568626589,6,2012
115.55725607099673,7,2012
88.24653286093155,8,2012
