error,month,year
99.25005996780642,7,2007
65.8748764973264,8,2007
58.37402798786561,9,2007
51.628307164090394,10,2007
57.32425590400162,11,2007
32.779161617430226,12,2007
22.003118537188143,1,2008
17.730391292102638,2,2008
19.33963611783895,3,2008
28.12554351936832,4,2008
62.13361967601421,5,2008
93.55221380644305,6,2008
