error,month,year
24.917063614418996,10,2014
20.530196584050017,11,2014
8.978489064878906,12,2014
8.55176479860092,1,2015
6.766279936753082,2,2015
8.4440157861189,3,2015
12.683589724454004,4,2015
36.368574729883115,5,2015
75.05602675835823,6,2015
102.53070618156949,7,2015
73.20645442992483,8,2015
41.395610426851285,9,2015
