error,month,year
26.809212495253266,5,2016
61.446498810436744,6,2016
90.56423123327262,7,2016
64.58915558168732,8,2016
35.49955887898793,9,2016
17.726085390690027,10,2016
15.439147724956069,11,2016
2.1936725551702843,12,2016
1.410662451698201,1,2017
0.7320038027839963,2,2017
1.7087988163565164,3,2017
3.9680286610894195,4,2017
