error,month,year
12.817857411849115,10,2016
10.494032746156186,11,2016
2.797431465954638,12,2016
4.091659191127608,1,2017
6.138054527983883,2,2017
3.2828162213613155,3,2017
1.7457673806234697,4,2017
18.302316043840705,5,2017
49.634934976035545,6,2017
78.47650256522442,7,2017
53.93893733833208,8,2017
27.525727511358856,9,2017
