error,month,year
31.726229695889486,4,2011
35.10005292056102,5,2011
69.260489851619,6,2011
103.86935021837523,7,2011
144.78573594547862,8,2011
112.46120016993191,9,2011
75.0172111379806,10,2011
51.631530779115366,11,2011
46.63281962330686,12,2011
33.56899968480457,1,2012
36.96212532318491,2,2012
33.967138622784425,3,2012
