error,month,year
88.32701580257563,6,2014
119.29570603845372,7,2014
86.877769338532,8,2014
50.30145391858491,9,2014
29.32099395198786,10,2014
25.39039400595841,11,2014
14.374630048249486,12,2014
13.922472170757347,1,2015
12.284271131096954,2,2015
12.9845820460183,3,2015
17.629833522760173,4,2015
41.093359970579044,5,2015
