error,month,year
82.76518888405408,8,2010
70.43266621510556,9,2010
55.34629422845456,10,2010
51.221342197616394,11,2010
40.87521940161591,12,2010
44.16353464246515,1,2011
41.02699805081771,2,2011
42.7036647362376,3,2011
45.45743536863215,4,2011
79.9315305606217,5,2011
117.53726320633194,6,2011
160.2208793145829,7,2011
