error,month,year
17.654841920051418,3,2014
19.66696487728294,4,2014
21.458868986235412,5,2014
49.60585173650485,6,2014
92.89892102674166,7,2014
124.19028979724018,8,2014
92.19424478322641,9,2014
55.62708025726025,10,2014
34.002432982188786,11,2014
29.65458543948413,12,2014
19.192067113110333,1,2015
18.162890386043845,2,2015
