error,month,year
75.24456362442821,6,2007
97.08976790765873,7,2007
63.59725154495007,8,2007
55.97693285876571,9,2007
49.05400605089736,10,2007
54.52701119949565,11,2007
29.802628928659768,12,2007
18.13650575502829,1,2008
13.834834847073658,2,2008
15.551001654271259,3,2008
24.381169802240553,4,2008
58.3337065427941,5,2008
