error,month,year
100.6818084807767,8,2011
63.37188435465778,9,2011
41.101710134925256,10,2011
35.277041031153345,11,2011
21.18273153889335,12,2011
22.91947173564488,1,2012
20.16410726897491,2,2012
25.595363289056788,3,2012
24.660899420293852,4,2012
54.07524165927336,5,2012
84.52531837619219,6,2012
118.26381582260977,7,2012
