error,month,year
57.05751393947357,6,2009
78.95701045884421,7,2009
45.303735009103825,8,2009
32.748954159809955,9,2009
15.41210112381644,10,2009
7.6186802707761965,11,2009
3.442962389579339,12,2009
7.011640563090588,1,2010
9.399929769741373,2,2010
10.19044470162248,3,2010
5.118396589131368,4,2010
25.710244259815035,5,2010
