error,month,year
60.98834584590068,8,2016
31.933033121660493,9,2016
13.946564085733971,10,2016
11.567785516126524,11,2016
1.7598247853252929,12,2016
3.017317253185947,1,2017
5.0604950146819485,2,2017
2.3753781650994306,3,2017
0.6847790200677899,4,2017
19.39389884551061,5,2017
50.9868926024944,6,2017
80.03356619670419,7,2017
