error,month,year
60.996240634141216,6,2016
90.54033218433321,7,2016
64.1059482728098,8,2016
34.61900220591945,9,2016
16.81494841248079,10,2016
14.819434395875067,11,2016
1.69181155899145,12,2016
0.7143849538645632,1,2017
1.1118305541752491,2,2017
0.8883027798558132,3,2017
2.5976667236007778,4,2017
22.814877374059467,5,2017
