error,month,year
859.9046784262188,9,2009
21.98497908175932,10,2009
353.1354897514109,11,2009
16.105016367509197,12,2009
51.13000562532115,1,2010
201.74601176833502,2,2010
419.71216659137167,3,2010
602.8047978240419,4,2010
18.79437622139392,5,2010
78.86529564832955,6,2010
185.85059928144423,7,2010
437.4776182886357,8,2010
