error,month,year
1006.646783878783,7,2016
958.5745136353364,8,2016
1177.1903587027584,9,2016
1054.6346274984733,10,2016
1891.8811131205425,11,2016
1253.6222470775156,12,2016
962.1502676125986,1,2017
826.9470990781036,2,2017
1072.3277440943707,3,2017
1037.1294831804853,4,2017
1548.7944714012085,5,2017
1464.2615299270306,6,2017
