error,month,year
17.43196577018341,2,2008
197.3471476261061,3,2008
365.0446508514328,4,2008
78.1983444586496,5,2008
313.42212488158816,6,2008
196.16810060811082,7,2008
266.7607319891323,8,2008
208.79668911090454,9,2008
174.80869921999908,10,2008
463.5789631638163,11,2008
250.22658302945072,12,2008
64.11953288615004,1,2009
