error,month,year
28.223524232263685,6,2007
63.13891589123671,7,2007
300.63954877629175,8,2007
378.63238860017856,9,2007
415.3842235393744,10,2007
605.6487237013046,11,2007
223.02880209564162,12,2007
67.91193378888494,1,2008
754.7965614271867,2,2008
616.1996736555486,3,2008
491.3372055636758,4,2008
721.2258960944878,5,2008
