error,month,year
800.5641276262409,5,2011
808.7390014997188,6,2011
699.8122959765652,7,2011
621.4472748329966,8,2011
1829.861152930419,9,2011
484.14178299072614,10,2011
1081.5371871443583,11,2011
598.7093450985616,12,2011
930.5784940596387,1,2012
680.2390572500262,2,2012
506.51939849371036,3,2012
458.29360350106555,4,2012
