error,month,year
93.83252619878499,1,2016
868.9689555979633,2,2016
935.5646910086466,3,2016
1094.345517092824,4,2016
1616.1132523009626,5,2016
1752.7666037575077,6,2016
1637.639616861803,7,2016
1550.385452890623,8,2016
1732.7029077736647,9,2016
1583.426812596643,10,2016
2382.345934496961,11,2016
1741.0640031557446,12,2016
