error,month,year
135.16561616987252,5,2015
392.4285460870668,6,2015
257.9978058526968,7,2015
155.30695149424432,8,2015
832.758357875348,9,2015
100.43774422234993,10,2015
466.58540938872,11,2015
96.01335355972543,12,2015
120.1281433233926,1,2016
3.153919496603692,2,2016
164.6677951393826,3,2016
310.1690952299422,4,2016
