error,month,year
792.0389633018095,7,2013
770.0055629085479,8,2013
1097.470287434223,9,2013
775.5698893266757,10,2013
1062.2908437971373,11,2013
752.9331349234686,12,2013
707.7302761423158,1,2014
627.8592937772133,2,2014
427.37013493677694,3,2014
151.27602479841494,4,2014
709.2725234780509,5,2014
951.5621917802125,6,2014
