error,month,year
923.1663072763116,9,2014
339.3181925799156,10,2014
665.9180630151616,11,2014
293.15793225276894,12,2014
249.97253496757446,1,2015
154.1090599019046,2,2015
64.56271967789439,3,2015
419.612047149058,4,2015
223.86753113602143,5,2015
429.3421213240648,6,2015
237.816405117855,7,2015
90.33492595353589,8,2015
