error,month,year
5825.84485185282,1,2007
3983.937002974766,2,2007
3742.980301977293,3,2007
3236.810918578244,4,2007
4698.987498809827,5,2007
5063.562246678854,6,2007
2935.869107098163,7,2007
2016.9371271858145,8,2007
5866.948388941955,9,2007
4018.8739344620976,10,2007
4659.144546590718,11,2007
1802.6765181756516,12,2007
