error,month,year
1177.646783878783,7,2016
1246.5745136353364,8,2016
1504.1903587027584,9,2016
1452.6346274984733,10,2016
2610.8811131205425,11,2016
1613.6222470775156,12,2016
1152.1502676125986,1,2017
949.9470990781036,2,2017
1165.3277440943707,3,2017
1142.1294831804853,4,2017
1660.7944714012085,5,2017
1822.2615299270306,6,2017
