error,month,year
517.8449546184579,5,2014
715.1404466545763,6,2014
496.92304369710666,7,2014
454.55879214863114,8,2014
796.609087059996,9,2014
242.17788305997965,10,2014
513.2444935837993,11,2014
357.8873732841048,12,2014
276.49498738469845,1,2015
302.0175742319311,2,2015
19.02222873371292,3,2015
302.597320072986,4,2015
