error,month,year
339.97068731875413,6,2012
81.57759698537888,7,2012
253.4998497812358,8,2012
39.43326430780883,9,2012
856.0779817141058,10,2012
936.296670231039,11,2012
943.3178038559134,12,2012
768.559216957398,1,2013
438.14800372459155,2,2013
533.6177519849653,3,2013
641.9803726843857,4,2013
121.62832952116031,5,2013
