error,month,year
516.8866974795102,11,2009
181.45408249749678,12,2009
225.76212890928474,1,2010
26.937971596801127,2,2010
275.2193532726067,3,2010
427.8190598008637,4,2010
191.91663085747925,5,2010
313.87762377415277,6,2010
72.46130526624295,7,2010
164.79091553036136,8,2010
692.1893155453067,9,2010
427.38938765652017,10,2010
