error,month,year
287.5944578245335,9,2013
65.64726877535838,10,2013
236.37362284353185,11,2013
365.8753888614758,12,2013
626.3864356473238,1,2014
610.4598394790511,2,2014
407.75046859582426,3,2014
196.14551744776145,4,2014
784.014295301537,5,2014
998.3800226632011,6,2014
786.1730461612477,7,2014
758.0578443379003,8,2014
