error,month,year
532.3137577057142,2,2013
341.2877741519447,3,2013
109.94592102520744,4,2013
605.1854313380206,5,2013
848.4377069639429,6,2013
795.4020418340563,7,2013
760.3367708251387,8,2013
1123.202292878918,9,2013
731.9795655326169,10,2013
1033.681317922166,11,2013
713.2724198263885,12,2013
668.6367011655299,1,2014
