error,month,year
260.2378773207086,10,2015
695.5145824437518,11,2015
469.3028860836197,12,2015
543.9740484527014,1,2016
498.2766070935518,2,2016
208.1878265820509,3,2016
57.31273641459052,4,2016
403.53692191615255,5,2016
541.4125234932167,6,2016
595.8291452465453,7,2016
709.8208796614077,8,2016
987.1846670253592,9,2016
