error,month,year
528.0053907856957,5,2010
559.4876210192696,6,2010
126.59400311744128,7,2010
404.1298627985087,8,2010
308.92755087107366,9,2010
750.2645330698294,10,2010
68.73237322288162,11,2010
126.76440558428283,12,2010
425.6345764974934,1,2011
404.80012034340757,2,2011
286.37473711089365,3,2011
39.85075483132732,4,2011
