error,month,year
322.02819187502706,3,2010
177.2200483860463,4,2010
802.580634054146,5,2010
953.281018744384,6,2010
785.0227717301392,7,2010
605.4939760824718,8,2010
1516.0497218697278,9,2010
494.3391556814412,10,2010
1052.8539940969729,11,2010
764.7108401414553,12,2010
950.6638100383512,1,2011
713.5858391518401,2,2011
