error,month,year
39.42297601408427,3,2013
175.6560754833414,4,2013
280.8507215466375,5,2013
261.46391586081813,6,2013
313.1080904627463,7,2013
407.11974384013354,8,2013
195.5480873942638,9,2013
154.01495834256673,10,2013
138.07393521517542,11,2013
273.9005472733337,12,2013
522.5806777767949,1,2014
504.16483596894636,2,2014
