error,month,year
757.3717350858624,7,2008
867.3468095027432,8,2008
893.8928607330415,9,2008
832.8958099208465,10,2008
1076.0776737468852,11,2008
468.34386394195496,12,2008
786.0727956514093,1,2009
794.8593781844535,2,2009
580.8241875478999,3,2009
455.679368019877,4,2009
924.1347312420964,5,2009
1042.8380523391859,6,2009
