error,month,year
141.19918257019765,7,2009
466.4366396825186,8,2009
234.4072794430258,9,2009
735.2013387638808,10,2009
528.3467143057569,11,2009
737.2682547085847,12,2009
466.2368621470281,1,2010
758.9045730219641,2,2010
931.5144877862895,3,2010
953.6109150640448,4,2010
396.819187925291,5,2010
434.6285799378188,6,2010
