error,month,year
371.4579687936827,2,2010
198.27747211403283,3,2010
43.90649897080698,4,2010
675.1787433031361,5,2010
822.0540755916976,6,2010
632.4356286359322,7,2010
458.3360933552807,8,2010
1346.15396380707,9,2010
310.1688043673314,10,2010
860.5202018177873,11,2010
561.4766998895228,12,2010
731.5982953304881,1,2011
