error,month,year
540.6255260603068,12,2015
944.7232791077355,1,2016
1202.2853769129906,2,2016
1079.0556772451382,3,2016
1011.3635762294526,4,2016
1414.2902948552207,5,2016
1554.1493903483993,6,2016
1566.6339027522854,7,2016
1609.1027283264498,8,2016
1841.39707640756,9,2016
1784.8419909946024,10,2016
2899.5078628899573,11,2016
