error,month,year
860.5469788000853,1,2012
571.2674455852148,2,2012
244.48516655069753,3,2012
176.53053461449684,4,2012
603.940246312362,5,2012
803.9452031648121,6,2012
771.8291079790978,7,2012
698.1312027793207,8,2012
914.0644990712007,9,2012
594.7321198195285,10,2012
899.2272573094174,11,2012
490.01675013987136,12,2012
