error,month,year
93.01396233354694,3,2008
157.13719164333486,4,2008
248.1810033583934,5,2008
260.73793476239507,6,2008
464.12556405317196,7,2008
498.3229229487341,8,2008
220.535154798514,9,2008
668.5446668297519,10,2008
25.041524354083208,11,2008
488.7088915016859,12,2008
39.329463334720856,1,2009
171.7758468764536,2,2009
