error,month,year
85.62681166471629,4,2007
323.0634495900367,5,2007
123.85985856205866,6,2007
23.43404510957339,7,2007
179.39673887330065,8,2007
201.97118973109048,9,2007
173.8545248899809,10,2007
314.83048933362534,11,2007
126.02068542064558,12,2007
349.38025829860715,1,2008
397.841744798838,2,2008
326.6941772303025,3,2008
