error,month,year
684.5094151188359,2,2011
512.6289404459484,3,2011
280.5939072809336,4,2011
858.9315543985557,5,2011
905.8383618107764,6,2011
817.8680481144776,7,2011
772.9337039197942,8,2011
1998.3125272596521,9,2011
608.7686309528971,10,2011
1205.4028838290214,11,2011
704.6079839393589,12,2011
1019.2271506806495,1,2012
