error,month,year
886.2955160075971,1,2011
714.9047221522769,2,2011
548.3087274906019,3,2011
324.0717979039898,4,2011
913.3841781415628,5,2011
968.9106517163248,6,2011
884.5996189979209,7,2011
841.3862212422553,8,2011
2065.2669078456584,9,2011
671.9299842593011,10,2011
1262.4541082699627,11,2011
761.1651979489725,12,2011
