error,month,year
699.8687994901599,6,2014
489.3291969127789,7,2014
457.45082513533544,8,2014
749.3472535122098,9,2014
233.6993178753272,10,2014
482.37000964593517,11,2014
337.0455417516416,12,2014
250.21015916005547,1,2015
280.4121376948663,2,2015
36.92134716998288,3,2015
287.0575259318406,4,2015
37.576692950790175,5,2015
