error,month,year
346.90306140886213,8,2010
1244.6207965217238,9,2010
186.8625924807964,10,2010
710.2010499210652,11,2010
387.12425834139486,12,2010
552.6679470581855,1,2011
306.0549238432841,2,2011
208.02113424055386,3,2011
48.60926665284553,4,2011
534.5934990875434,5,2011
580.5493212065243,6,2011
529.5704188162284,7,2011
