error,month,year
906.1813850407897,10,2013
1200.4696649902464,11,2013
899.5724770986135,12,2013
860.0772013042811,1,2014
793.1702730337172,2,2014
559.3812390119217,3,2014
315.5651539766621,4,2014
911.709095300446,5,2014
1170.1467908576606,6,2014
1060.9912594095424,7,2014
1023.6891790102313,8,2014
1499.9830841402506,9,2014
