error,month,year
318.4527399874802,8,2007
452.4248562220626,9,2007
549.7264225822012,10,2007
768.4748218060474,11,2007
334.9702958047191,12,2007
59.54055337127238,1,2008
679.8528991742926,2,2008
705.5945867366526,3,2008
611.2938398747099,4,2008
854.2480063126892,5,2008
715.4603918626411,6,2008
774.3905620549382,7,2008
