error,month,year
644.4132103292072,5,2007
700.1536122758175,6,2007
546.97972144518,7,2007
370.45837139121176,8,2007
390.2287359036557,9,2007
407.20835945663146,10,2007
376.11019100387807,11,2007
481.68237342941734,12,2007
718.6073513145938,1,2008
235.46997673361994,2,2008
40.358288544173654,3,2008
108.627696134412,4,2008
