error,month,year
1861.5869888432007,9,2011
537.0149968270837,10,2011
1157.7129896584872,11,2011
704.5432984442825,12,2011
1028.1428404435546,1,2012
795.6648181197065,2,2012
541.3911680515465,3,2012
487.0330428576357,4,2012
919.3472657287554,5,2012
1107.4718884998347,6,2012
1054.4008683847958,7,2012
951.9832435769915,8,2012
