error,month,year
359.7680491737991,10,2007
430.48182576937575,11,2007
141.88501024064828,12,2007
801.5694943916619,1,2008
63.94929068429201,2,2008
157.80041874098777,3,2008
338.3130733130722,4,2008
152.51614149474472,5,2008
215.75090630623367,6,2008
77.18285498692694,7,2008
94.28991856303651,8,2008
849.891710287591,9,2008
