error,month,year
180.50755078764598,12,2014
116.04686827499974,1,2015
2.4781927846961764,2,2015
230.419848507892,3,2015
572.9354879794543,4,2015
44.135480105912244,5,2015
245.98378060169398,6,2015
68.05221708493711,7,2015
67.95685222675186,8,2015
585.5171204906667,9,2015
129.9371240371687,10,2015
250.7259854851319,11,2015
