error,month,year
160.4131908381127,2,2007
221.53641194390633,3,2007
127.31802086528847,4,2007
573.7653565254947,5,2007
439.41707120538194,6,2007
390.40774382641416,7,2007
223.6534002293281,8,2007
218.53917911729627,9,2007
268.02529600659807,10,2007
133.62433869027439,11,2007
545.4891793537004,12,2007
399.3038838780226,1,2008
