error,month,year
388.42297601408427,3,2013
169.3439245166586,4,2013
641.8507215466375,5,2013
875.4639158608181,6,2013
824.8919095372537,7,2013
801.8802561598665,8,2013
1132.5480873942638,9,2013
785.9850416574333,10,2013
1078.0739352151754,11,2013
773.9005472733337,12,2013
729.5806777767949,1,2014
661.1648359689464,2,2014
