error,month,year
1071.5029693756403,8,2015
691.0842962419232,9,2015
1793.5081564687764,10,2015
4229.596391922821,11,2015
2193.9884982476647,12,2015
700.1105390428049,1,2016
193.6967778944924,2,2016
342.21628789709064,3,2016
299.7792162554056,4,2016
150.02837570771956,5,2016
298.3903271097294,6,2016
261.36553115526686,7,2016
