error,month,year
311.6345937722275,12,2013
568.7855498577827,1,2014
555.6876560352409,2,2014
365.3487217397004,3,2014
162.52614702448082,4,2014
736.6192481897057,5,2014
945.8877240114114,6,2014
734.8387390618042,7,2014
704.643945675065,8,2014
1070.6867477375877,9,2014
525.6332086074933,10,2014
828.3614182930535,11,2014
