error,month,year
585.170229553456,9,2008
315.68174316207774,10,2008
348.4097618771384,11,2008
52.45507729821918,12,2008
551.4203568040264,1,2009
655.3835451577896,2,2009
611.0104308504013,3,2009
511.957808617148,4,2009
933.6207229572615,5,2009
772.8232656437344,6,2009
641.4229487012342,7,2009
402.9764094218274,8,2009
