error,month,year
29.408691704373155,4,2009
511.4810852350378,5,2009
644.8301631571356,6,2009
431.646494456435,7,2009
249.4819931238559,8,2009
857.7673667417447,9,2009
7.825398771305458,10,2009
392.30116485346815,11,2009
65.16140350399643,12,2009
104.6877682731163,1,2010
155.59606891016497,2,2010
366.45331353145417,3,2010
