error,month,year
731.6472707082747,8,2016
938.0244146842203,9,2016
841.2941844785241,10,2016
1655.9935747428776,11,2016
1050.0651407892954,12,2016
790.8441248493702,1,2017
667.1810715470021,2,2017
802.2372672377036,3,2017
730.7471641443465,4,2017
1218.7353459026888,5,2017
1116.6607406404598,6,2017
819.916644123595,7,2017
