error,month,year
395.29551600759714,1,2011
437.9047221522769,2,2011
288.3087274906019,3,2011
8.928202096010182,4,2011
139.38417814156276,5,2011
85.08934828367524,6,2011
115.40038100207914,7,2011
25.38622124225526,8,2011
1576.2669078456584,9,2011
113.92998425930114,10,2011
454.4541082699627,11,2011
373.1651979489725,12,2011
