error,month,year
227.22173003306125,6,2013
335.99111273609685,7,2013
423.6178412203403,8,2013
152.44302527956916,9,2013
148.52288461682497,10,2013
126.18500104382201,11,2013
260.0775026787993,12,2013
497.63510466377727,1,2014
467.464941071196,2,2014
305.54280940197935,3,2014
94.2003877785686,4,2014
623.2045235586645,5,2014
