error,month,year
1103.6442237786657,4,2016
1521.2237639501593,5,2016
1670.6016839824595,6,2016
1688.6514532600486,7,2016
1726.5930334661075,8,2016
1945.1815551724094,9,2016
1884.4948166604972,10,2016
2988.549589460461,11,2016
2022.0094882725587,12,2016
1598.7865414662344,1,2017
1460.5335000725158,2,2017
1945.6128436321012,3,2017
