error,month,year
493.8359132418129,2,2009
487.84959492037046,3,2009
415.31589508408285,4,2009
963.3257254977373,5,2009
1128.8224163958114,6,2009
915.5496852403047,7,2009
744.4295429708487,8,2009
1404.9759275246947,9,2009
601.372297482328,10,2009
1056.0271155911844,11,2009
816.9074182606461,12,2009
953.9096333081804,1,2010
