error,month,year
370.4815348997535,6,2015
270.47528232456983,7,2015
200.7196447997176,8,2015
825.772154230152,9,2015
186.976246959828,10,2015
531.8782816734587,11,2015
173.2147297309656,12,2015
175.85666495317622,1,2016
42.143198187175706,2,2016
134.47819284943202,3,2016
276.35662253020575,4,2016
102.28427862007126,5,2016
