error,month,year
20.574652913032992,7,2012
307.14989076386917,8,2012
123.98097389211364,9,2012
905.1773432514265,10,2012
1008.8357107604988,11,2012
1000.5106292098477,12,2012
832.3642968165966,1,2013
499.53695847209957,2,2013
637.7677778078382,3,2013
745.722251884148,4,2013
239.9078888009513,5,2013
276.3798887997914,6,2013
