error,month,year
1611.586917400089,1,2008
659.5824109447542,2,2008
686.2967407798033,3,2008
950.0717767723472,4,2008
787.0962762069089,5,2008
1168.2216580500533,6,2008
1165.3476677739245,7,2008
1358.5305453978965,8,2008
1408.9632533146762,9,2008
1315.2945035730386,10,2008
1515.7062402172892,11,2008
724.2223842437393,12,2008
