error,month,year
977.6442237786657,4,2016
1475.2237639501593,5,2016
1610.6016839824595,6,2016
1517.6514532600486,7,2016
1438.5930334661075,8,2016
1618.1815551724094,9,2016
1486.4948166604972,10,2016
2269.549589460461,11,2016
1662.0094882725587,12,2016
1408.7865414662344,1,2017
1337.5335000725158,2,2017
1852.6128436321012,3,2017
