error,month,year
259.0439924515614,12,2007
794.6488491638668,1,2008
160.4024100685483,2,2008
309.43063133228486,3,2008
513.7484107013979,4,2008
348.0889939153267,5,2008
475.434131566637,6,2008
319.1424313857385,7,2008
312.2110817493717,8,2008
1043.7775580389296,9,2008
66.35605726573272,10,2008
672.6451735065655,11,2008
