error,month,year
642.199106372755,5,2013
880.2584829369832,6,2013
833.989529522578,7,2013
811.9768330423012,8,2013
1140.9688485739744,9,2013
806.1124130406678,10,2013
1098.5832571762253,11,2013
790.761548215421,12,2013
744.0932704423227,1,2014
670.7610797611108,2,2014
477.0913062201889,3,2014
204.81996446873143,4,2014
