error,month,year
807.6682734826989,11,2012
803.7558373838638,12,2012
674.8367612496847,1,2013
376.4745003417399,2,2013
474.7872780995793,3,2013
603.0794596803147,4,2013
66.83924149956766,5,2013
72.5890841983911,6,2013
705.6450451872727,7,2013
913.8744324136187,8,2013
396.76459994472157,9,2013
891.3387998498624,10,2013
