error,month,year
319.1190527108828,8,2014
593.6224901485921,9,2014
70.7181206577585,10,2014
297.7010259031183,11,2014
127.21464814367692,12,2014
20.110630655394345,1,2015
34.218488277869994,2,2015
215.17411710282352,3,2015
476.70202763853825,4,2015
245.20673698134595,5,2015
114.80320802238998,6,2015
521.2722981593857,7,2015
