error,month,year
273.33121822847204,7,2015
224.3367823678549,8,2015
839.9740182449759,9,2015
234.9082915591037,10,2015
583.6644399129932,11,2015
237.3406606169329,12,2015
238.3980092051569,1,2016
105.78813701277102,2,2016
90.70475429864544,3,2016
235.92979688165627,4,2016
143.05025244014172,5,2016
311.13049655866695,6,2016
