error,month,year
1828.1315624473175,11,2016
952.1473623927683,12,2016
597.6122083191201,1,2017
460.39486001730086,2,2017
480.0222974375434,3,2017
405.4305214291628,4,2017
838.8052900648038,5,2017
906.789694984059,6,2017
795.4553418099058,7,2017
778.5794316565991,8,2017
986.9155633741153,9,2017
932.2882224930715,10,2017
