error,month,year
103.1043523379974,12,2010
437.4521987081207,1,2011
487.3889456714255,2,2011
353.2298832837424,3,2011
69.44332892256091,4,2011
227.51415783395703,5,2011
0.7784510713388499,6,2011
14.19993103478373,7,2011
113.95492496154964,8,2011
1668.8535965132933,9,2011
208.24803757298832,10,2011
547.9823762295182,11,2011
