error,month,year
52.78845193190102,3,2009
27.794056021938445,4,2009
434.876350281438,5,2009
315.8934144472447,6,2009
193.44783026262894,7,2009
104.61791176665417,8,2009
610.8716276518601,9,2009
325.8224716798125,10,2009
64.97234917552578,11,2009
224.99344785654785,12,2009
98.6989133805589,1,2010
138.1570055309179,2,2010
