error,month,year
506.9044710965236,12,2016
337.83095004204824,1,2017
280.6427995841024,2,2017
322.78344708862073,3,2017
248.60708509334745,4,2017
690.8395158043143,5,2017
507.35871847784733,6,2017
111.5084776439578,7,2017
51.47908456965433,8,2017
295.91298866460147,9,2017
244.87390494526562,10,2017
1473.6602642646858,11,2017
