error,month,year
839.8687994901599,6,2014
726.3291969127789,7,2014
673.4508251353354,8,2014
1068.3472535122098,9,2014
620.6993178753272,10,2014
929.3700096459352,11,2014
608.0455417516416,12,2014
578.2101591600555,1,2015
511.4121376948663,2,2015
206.07865283001712,3,2015
69.05752593184059,4,2015
521.4233070492098,5,2015
