error,month,year
312.47875186080364,12,2009
364.3233810016443,1,2010
128.3378514565463,2,2010
129.5341136694929,3,2010
291.62534219389715,4,2010
322.0603841105676,5,2010
456.81930621525316,6,2010
265.6857609062796,7,2010
56.34907026055679,8,2010
895.3387453735298,9,2010
176.5933895432531,10,2010
313.50086303599636,11,2010
