error,month,year
986.625749107938,4,2008
725.4883115715062,5,2008
1038.8148424603323,6,2008
1014.9990329285312,7,2008
1190.2750318336055,8,2008
1239.2120621468405,9,2008
1209.669203221277,10,2008
1473.6547870884333,11,2008
724.4350679311167,12,2008
874.1016862981153,1,2009
896.646011889842,2,2009
1167.8288355358845,3,2009
