error,month,year
345.96103669819047,7,2013
438.99443709145214,8,2013
160.4702874342231,9,2013
164.4301106733243,10,2013
122.29084379713731,11,2013
252.93313492346863,12,2013
500.7302761423158,1,2014
470.85929377721334,2,2014
297.37013493677694,3,2014
71.27602479841494,4,2014
617.2725234780509,5,2014
811.5621917802125,6,2014
