error,month,year
407.50941511883593,2,2011
252.6289404459484,3,2011
52.40609271906641,4,2011
84.9315543985557,5,2011
148.1616381892236,6,2011
182.13195188552243,7,2011
43.0662960802058,8,2011
1509.3125272596521,9,2011
50.76863095289707,10,2011
397.40288382902145,11,2011
316.60798393935886,12,2011
811.2271506806495,1,2012
