error,month,year
374.2754051660628,11,2007
198.85170489588972,12,2007
869.0715530976606,1,2008
190.36816673806823,2,2008
281.0792899277782,3,2008
474.85021670847664,4,2008
306.150466594534,5,2008
420.09012815403435,6,2008
270.28207084055066,7,2008
274.3120757318859,8,2008
1017.1256458286648,9,2008
44.2714939092109,10,2008
