error,month,year
657.2903993408223,12,2011
888.3583295306865,1,2012
564.7789536395458,2,2012
298.7871045921874,3,2012
239.54508643983345,4,2012
676.5766856214143,5,2012
883.791086873111,6,2012
852.3806392092175,7,2012
771.5361676332062,8,2012
991.1876693208313,9,2012
659.4801716374011,10,2012
965.221883527334,11,2012
