error,month,year
322.3949665665249,7,2011
191.95621650360135,8,2011
1380.686382840604,9,2011
41.90484621413373,10,2011
336.0777568171575,11,2011
283.6957647647306,12,2011
802.3818492857686,1,2012
569.954525572378,2,2012
355.79346804440706,3,2012
306.5725130121914,4,2012
764.3845357141263,5,2012
876.4051064927864,6,2012
