error,month,year
482.11186016037425,6,2010
22.313343923612933,7,2010
530.4426418505354,8,2010
185.88906391627347,9,2010
892.5316235329649,10,2010
221.5651970104035,11,2010
42.48239195659505,12,2010
244.53083765659665,1,2011
216.02586595126633,2,2011
113.1298840426087,3,2011
214.48276051091284,4,2011
74.80252932132419,5,2011
