error,month,year
930.167473801215,1,2016
1262.9689555979633,2,2016
1254.5646910086466,3,2016
1220.345517092824,4,2016
1662.1132523009626,5,2016
1812.7666037575077,6,2016
1808.639616861803,7,2016
1838.385452890623,8,2016
2059.7029077736647,9,2016
1981.426812596643,10,2016
3101.345934496961,11,2016
2101.0640031557446,12,2016
