error,month,year
90.49244921235402,12,2014
211.95313172500028,1,2015
228.52180721530382,2,2015
473.41984850789197,3,2015
790.9354879794543,4,2015
514.8645198940877,5,2015
379.016219398306,6,2015
812.9477829150629,7,2015
1363.9568522267518,8,2015
965.4828795093333,9,2015
2191.937124037169,10,2015
4617.274014514868,11,2015
