error,month,year
1395.5831167194754,5,2016
1561.3625358777856,6,2016
1572.0746470471204,7,2016
1628.8815366636475,8,2016
1880.5712243543921,9,2016
1811.2172982294967,10,2016
2959.9840357978264,11,2016
1923.6345677970498,12,2016
1482.4529579068287,1,2017
1310.7945897344125,2,2017
1778.2277150354907,3,2017
1753.6727789983975,4,2017
