error,month,year
1201.0151378965688,3,2007
3419.2357574525195,4,2007
254.46133001143528,5,2007
4301.3617684224055,6,2007
1729.8223059661022,7,2007
1927.1486271953129,8,2007
661.6974605716557,9,2007
3704.977822230346,10,2007
3528.621033217733,11,2007
3316.0307220951518,12,2007
2863.776428347929,1,2008
2170.25207344608,2,2008
