error,month,year
296.6282649141376,7,2008
360.6531904972568,8,2008
385.8928607330415,9,2008
522.1041900791535,10,2008
162.07767374688524,11,2008
211.65613605804504,12,2008
432.07279565140925,1,2009
569.8593781844535,2,2009
361.8241875478999,3,2009
247.67936801987702,4,2009
637.1347312420964,5,2009
458.8380523391859,6,2009
