error,month,year
1224.5944578245335,9,2013
874.3527312246416,10,2013
1176.3736228435318,11,2013
865.8753888614758,12,2013
833.3864356473238,1,2014
767.4598394790511,2,2014
537.7504685958243,3,2014
276.14551744776145,4,2014
876.014295301537,5,2014
1138.380022663201,6,2014
1023.1730461612477,7,2014
974.0578443379003,8,2014
