error,month,year
342.2680706450267,1,2013
76.432234313464,2,2013
148.904097487738,3,2013
333.50952743922494,4,2013
143.15092752398562,5,2013
143.5969153420856,6,2013
425.07784796610906,7,2013
536.9914812945048,8,2013
38.33082207322525,9,2013
333.659150796332,10,2013
82.37274092302187,11,2013
24.00743370122791,12,2013
