error,month,year
336.2319508262009,10,2007
375.51817423062425,11,2007
614.8850102406483,12,2007
1275.569494391662,1,2008
504.949290684292,2,2008
658.8004187409878,3,2008
899.3130733130722,4,2008
747.5161414947447,5,2008
1115.7509063062337,6,2008
1131.182854986927,7,2008
1322.2899185630365,8,2008
1357.891710287591,9,2008
