error,month,year
143.37318833528371,4,2007
694.0634495900367,5,2007
746.8598585620587,6,2007
624.4340451095734,7,2007
471.60326112669935,8,2007
513.0288102689095,9,2007
522.1454751100191,10,2007
491.16951066637466,11,2007
599.0206854206456,12,2007
823.3802582986071,1,2008
43.15825520116198,2,2008
174.3058227696975,3,2008
