error,month,year
321.24952319990837,3,2014
67.3305245411965,4,2014
672.6684720702177,5,2014
926.629974523914,6,2014
802.1281021880733,7,2014
746.5853298918464,8,2014
1210.941484506075,9,2014
695.1232974490154,10,2014
1039.1541564186618,11,2014
713.7474139027901,12,2014
697.1921265196668,1,2015
628.9369518695228,2,2015
