error,month,year
522.0296038801529,7,2007
317.3662680358675,8,2007
283.70991932230567,9,2007
212.36768953213124,10,2007
121.54491503866863,11,2007
175.06082934805244,12,2007
389.8364659459524,1,2008
352.98789879914324,2,2008
227.77166358166699,3,2008
47.124324651223624,4,2008
242.39894120365403,5,2008
221.47188966132612,6,2008
