error,month,year
850.1118601603742,6,2010
649.3133439236129,7,2010
455.5573581494645,8,2010
1363.8890639162735,9,2010
320.46837646703517,10,2010
868.4348029895965,11,2010
562.517608043405,12,2010
735.5308376565966,1,2011
493.0258659512663,2,2011
373.1298840426087,3,2011
118.51723948908716,4,2011
699.1974706786758,5,2011
