error,month,year
33.81861495921032,10,2013
260.46966499024643,11,2013
399.5724770986135,12,2013
653.0772013042811,1,2014
636.1702730337172,2,2014
429.3812390119217,3,2014
235.5651539766621,4,2014
819.709095300446,5,2014
1030.1467908576606,6,2014
823.9912594095424,7,2014
807.6891790102313,8,2014
1180.9830841402506,9,2014
