error,month,year
778.9599343652446,10,2012
888.0728526400752,11,2012
894.6585223219428,12,2012
743.24315894949,1,2013
431.38893731295843,2,2013
537.1097540433032,3,2013
652.9372193778065,4,2013
137.0335824588787,5,2013
148.77804565599882,6,2013
793.084728316288,7,2013
1027.7472100455977,8,2013
542.7420436181975,9,2013
