error,month,year
281.19910637275495,5,2013
266.2584829369832,6,2013
304.010470477422,7,2013
397.0231669576988,8,2013
203.96884857397436,9,2013
133.88758695933222,10,2013
158.5832571762253,11,2013
290.76154821542104,12,2013
537.0932704423227,1,2014
513.7610797611108,2,2014
347.0913062201889,3,2014
124.81996446873143,4,2014
