error,month,year
209.840424955741,2,2015
476.3200195784157,3,2015
819.2689205306508,4,2015
476.8144671568472,5,2015
336.69693337566366,6,2015
803.425702255108,7,2015
1374.6449644618244,8,2015
890.425222180519,9,2015
2233.3561814465434,10,2015
4621.938310543003,11,2015
2604.3899795501206,12,2015
1045.545662661307,1,2016
