error,month,year
802.4196412528528,12,2008
1059.495801678753,1,2009
1025.3556229622454,2,2009
896.6550287060498,3,2009
800.2674338996727,4,2009
1331.8837030183468,5,2009
1498.22016302272,6,2009
1329.799543508512,7,2009
1232.640644367654,8,2009
2007.925965137946,9,2009
1316.7205219540836,10,2009
1904.2790987383692,11,2009
