error,month,year
593.7319293549733,1,2013
400.567765686536,2,2013
200.095902512262,3,2013
11.49047256077506,4,2013
504.1509275239856,5,2013
757.5969153420856,6,2013
712.9221520338909,7,2013
672.0085187054952,8,2013
975.3308220732252,9,2013
606.340849203668,10,2013
857.6272590769781,11,2013
524.0074337012279,12,2013
