error,month,year
943.2955818681148,3,2016
1071.8048909961435,4,2016
1572.132082651411,5,2016
1684.2525229779828,6,2016
1554.2138329495074,7,2016
1460.969733770841,8,2016
1658.1354959905161,9,2016
1513.8026616940333,10,2016
2361.343163785474,11,2016
1723.8607358132708,12,2016
1484.1814260022709,1,2017
1435.1929833946606,2,2017
