error,month,year
425.779169529079,7,2014
390.8626910151013,8,2014
642.7536468888952,9,2014
152.16844446500272,10,2014
377.07409087482927,11,2014
227.84808881974897,12,2014
127.94693211471008,1,2015
153.79975966956505,2,2015
137.40765138739516,3,2015
371.302167179093,4,2015
148.59422938165972,5,2015
22.064141778146904,6,2015
