error,month,year
64.5302211418965,4,2010
551.5056193092895,5,2010
593.6593334160472,6,2010
167.7846648523116,7,2010
370.1577235585904,8,2010
358.8509285764933,9,2010
713.3974366892246,10,2010
26.695040856273863,11,2010
170.48664950659668,12,2010
473.3668407460956,1,2011
453.05747052823074,2,2011
333.0627480219558,3,2011
