error,month,year
593.6307187572478,12,2012
479.1482239780754,1,2013
298.36400944422456,2,2013
82.38833626672852,3,2013
80.3894945805772,4,2013
453.6725769745523,5,2013
712.4800642482018,6,2013
648.5335691662133,7,2013
576.2144931872427,8,2013
867.839689285295,9,2013
432.4123471668772,10,2013
668.1956339128818,11,2013
