error,month,year
112.49778868370254,5,2008
79.78421576550704,6,2008
155.16698109572178,7,2008
230.70971671982875,8,2008
507.0031382923828,9,2008
402.15967123571977,10,2008
292.44193041128347,11,2008
79.47483436306572,12,2008
579.6665943765187,1,2009
675.8333485129676,2,2009
654.1909260341353,3,2009
519.2361191008272,4,2009
