error,month,year
131.4900822709933,10,2009
535.7491500999965,11,2009
195.48621844187375,12,2009
240.1412166095984,1,2010
13.846967158997188,2,2010
259.0498725193333,3,2010
418.7438332491333,4,2010
214.11898498695115,5,2010
332.1363202881837,6,2010
84.17240074413773,7,2010
158.29933852623196,8,2010
735.6837039374474,9,2010
