error,month,year
708.1043523379974,12,2010
928.4521987081207,1,2011
764.3889456714255,2,2011
613.2298832837424,3,2011
402.4433289225609,4,2011
1001.514157833957,5,2011
1053.2215489286612,6,2011
985.8000689652163,7,2011
929.9549249615496,8,2011
2157.8535965132933,9,2011
766.2480375729883,10,2011
1355.9823762295182,11,2011
