error,month,year
269.2903993408223,12,2011
680.3583295306865,1,2012
374.77895363954576,2,2012
117.7871045921874,3,2012
62.545086439833455,4,2012
534.5766856214143,5,2012
663.791086873111,6,2012
424.3806392092175,7,2012
105.53616763320622,8,2012
294.18766932083133,9,2012
492.5198283625989,10,2012
603.778116472666,11,2012
