error,month,year
607.668781771528,7,2015
1071.663217632145,8,2015
711.0259817550241,9,2015
1827.0917084408964,10,2015
4284.335560087007,11,2015
2266.659339383067,12,2015
785.6019907948431,1,2016
288.211862987229,2,2016
409.7047542986454,3,2016
361.9297968816563,4,2016
97.05025244014172,5,2016
251.13049655866695,6,2016
