error,month,year
337.49738508081225,2,2012
9.915718610114737,3,2012
93.75759819177534,4,2012
352.3695323350338,5,2012
461.7256711866985,6,2012
213.1746678004082,7,2012
110.40843844052677,8,2012
80.62621423679423,9,2012
694.0256997559782,10,2012
796.6573330149174,11,2012
787.3120956204227,12,2012
618.9654561519862,1,2013
