error,month,year
332.5472600125198,8,2007
262.5751437779374,9,2007
146.2735774177988,10,2007
37.525178193952605,11,2007
138.02970419528089,12,2007
533.5405533712724,1,2008
238.85289917429253,2,2008
204.59458673665253,3,2008
50.29383987470993,4,2008
259.2480063126892,5,2008
184.5396081373589,6,2008
279.6094379450618,7,2008
