error,month,year
772.8921671699521,1,2009
717.9650155455223,2,2009
726.4447092499466,3,2009
640.2032746848996,4,2009
1172.0884865210578,5,2009
1326.6902945613506,6,2009
1125.366743077335,7,2009
973.6485177218401,8,2009
1668.4332031607541,9,2009
907.1591495814047,10,2009
1422.329293908771,11,2009
1236.4824977601002,12,2009
