error,month,year
1019.6472707082747,8,2016
1265.0244146842203,9,2016
1239.2941844785241,10,2016
2374.9935747428776,11,2016
1410.0651407892954,12,2016
980.8441248493702,1,2017
790.1810715470021,2,2017
895.2372672377036,3,2017
835.7471641443465,4,2017
1330.7353459026888,5,2017
1474.6607406404598,6,2017
1437.916644123595,7,2017
