error,month,year
656.9873818627441,9,2015
1802.668139038069,10,2015
4170.218915653997,11,2015
2089.666985846128,12,2015
548.2590025192651,1,2016
8.198468407627388,2,2016
220.93908981065772,3,2016
194.0951563866468,4,2016
265.4936518559012,5,2016
401.0355897991867,6,2016
353.3729060639406,7,2016
362.7156902869069,8,2016
