error,month,year
543.3107759436018,7,2010
354.1168310822508,8,2010
1229.644339727989,9,2010
185.84571744492183,10,2010
707.9236548702148,11,2010
385.3838832732636,12,2010
548.4016844168282,1,2011
294.5807874954263,2,2011
198.62718663282268,3,2011
48.079265453638975,4,2011
523.0808000600757,5,2011
587.4807602592814,6,2011
