error,month,year
1298.0130184395614,9,2010
247.17850744656758,10,2010
782.7218704548652,11,2010
473.16996009396684,12,2010
652.2403780992738,1,2011
421.85783928605116,2,2011
309.7051573254011,3,2011
54.64163748251087,4,2011
636.4115525842421,5,2011
677.9825566295532,6,2011
625.8230820898606,7,2011
573.5524523317215,8,2011
