error,month,year
535.1190527108828,8,2014
912.6224901485921,9,2014
457.7181206577585,10,2014
744.7010259031183,11,2014
398.2146481436769,12,2014
348.11063065539435,1,2015
265.21848827787,2,2015
27.825882897176484,3,2015
258.70202763853825,4,2015
313.79326301865405,5,2015
510.19679197761,6,2015
359.72770184061426,7,2015
