error,month,year
729.5133708928736,9,2016
638.5371196993424,10,2016
1459.3203908060732,11,2016
866.5173371522815,12,2016
634.2938529382834,1,2017
529.6069087157033,2,2017
611.8670037624623,3,2017
508.67582887465505,4,2017
989.8023271309082,5,2017
846.4056323413135,6,2017
511.00343282454946,7,2017
399.6978980968531,8,2017
