error,month,year
771.6685161452085,4,2015
416.3615784255365,5,2015
244.44006706912648,6,2015
672.1466966463048,7,2015
1223.6436564327357,8,2015
761.9287017121247,9,2015
2071.9415356373697,10,2015
4492.366546034188,11,2015
2493.9334587277212,12,2015
957.9554717468078,1,2016
436.08617611319124,2,2016
538.0333175130996,3,2016
