error,month,year
1173.4705866917673,11,2011
655.008881329794,12,2011
890.7136380822974,1,2012
587.3571608875641,2,2012
339.25879076852607,3,2012
282.27028912552777,4,2012
722.3463860863527,5,2012
930.1925468339875,6,2012
896.7920090801132,7,2012
812.8006440389253,8,2012
1033.8216515270956,9,2012
694.6604910089418,10,2012
