error,month,year
423.5680342298166,2,2008
303.6528523738939,3,2008
195.95534914856722,4,2008
516.8016555413504,5,2008
586.5778751184118,6,2008
857.8318993918892,7,2008
961.2392680108677,8,2008
299.20331088909546,9,2008
1180.1913007800008,10,2008
450.4210368361837,11,2008
930.2265830294507,12,2008
418.11953288615007,1,2009
