error,month,year
1137.586917400089,1,2008
218.5824109447542,2,2008
185.29674077980326,3,2008
389.0717767723472,4,2008
192.0962762069089,5,2008
268.2216580500533,6,2008
111.34766777392451,7,2008
130.5305453978965,8,2008
900.9632533146762,9,2008
39.70549642696142,10,2008
601.7062402172892,11,2008
44.22238424373927,12,2008
