error,month,year
473.0809861840422,10,2016
1349.745790627277,11,2016
755.2190333047247,12,2016
531.335064711477,1,2017
440.79274116715624,2,2017
508.5831126236594,3,2017
412.422951217688,4,2017
870.741160164784,5,2017
703.9488744083869,6,2017
350.4775935412159,7,2017
219.03707494170703,8,2017
638.4719778194656,9,2017
