error,month,year
542.8536643375859,9,2012
232.4716245410393,10,2012
529.5356714039244,11,2012
120.29533635918945,12,2012
67.6476049402944,1,2013
61.933609826694976,2,2013
325.4996220044826,3,2013
449.2202257204392,4,2013
76.40278591175766,5,2013
291.24699564180645,6,2013
137.95979675756058,7,2013
47.9148010242808,8,2013
