error,month,year
335.2605441547312,8,2008
412.5972000222861,9,2008
495.4156133195503,10,2008
212.36998894925523,11,2008
209.03457376630632,12,2008
475.3759241753064,1,2009
561.4983908694685,2,2009
409.4913138630733,3,2009
287.98314010107424,4,2009
715.9932392278246,5,2009
518.5610971356627,6,2009
356.0531870700355,7,2009
