error,month,year
18.205330006387605,4,2014
533.5593489284324,5,2014
734.9180398997348,6,2014
526.0546359552748,7,2014
490.4661795973401,8,2014
821.5757504918965,9,2014
283.8790906051404,10,2014
548.642829402332,11,2014
394.5850147898443,12,2014
310.0961014116158,1,2015
333.9001896055727,2,2015
2.411280202330005,3,2015
