error,month,year
410.4131908381127,2,2007
474.53641194390633,3,2007
356.3180208652885,4,2007
944.7653565254947,5,2007
1062.417071205382,6,2007
991.4077438264142,7,2007
874.6534002293281,8,2007
933.5391791172963,9,2007
964.0252960065981,10,2007
939.6243386902744,11,2007
1018.4891793537004,12,2007
873.3038838780226,1,2008
