error,month,year
120.01301843956139,9,2010
965.8214925534324,10,2010
307.2781295451348,11,2010
131.83003990603316,12,2010
161.2403780992738,1,2011
144.85783928605116,2,2011
49.7051573254011,3,2011
278.3583625174891,4,2011
137.58844741575786,5,2011
376.0174433704468,6,2011
374.1769179101394,7,2011
242.4475476682785,8,2011
