error,month,year
652.5469788000853,1,2012
381.2674455852148,2,2012
63.48516655069753,3,2012
0.4694653855031561,4,2012
461.940246312362,5,2012
583.9452031648121,6,2012
343.8291079790978,7,2012
32.13120277932069,8,2012
217.06449907120066,9,2012
557.2678801804715,10,2012
669.7727426905826,11,2012
658.9832498601286,12,2012
