error,month,year
406.2253316984321,2,2014
233.97408947117754,3,2014
16.312910161069,4,2014
608.7777662590962,5,2014
816.252588470242,6,2014
590.9254322966619,7,2014
547.6353639970455,8,2014
925.0838627483686,9,2014
334.9828209511876,10,2014
629.3491794878796,11,2014
480.42652122266134,12,2014
414.18369604143663,1,2015
