error,month,year
26.56412762624086,5,2011
245.26099850028118,6,2011
300.1877040234348,7,2011
194.55272516700336,8,2011
1340.861152930419,9,2011
73.85821700927386,10,2011
273.5371871443583,11,2011
210.70934509856158,12,2011
722.5784940596387,1,2012
490.23905725002624,2,2012
325.51939849371036,3,2012
281.29360350106555,4,2012
