error,month,year
154.14633566241412,9,2012
919.5283754589607,10,2012
1039.4643285960756,11,2012
1028.7046636408106,12,2012
868.3523950597056,1,2013
538.9336098266949,2,2013
674.4996220044826,3,2013
794.2202257204392,4,2013
284.59721408824237,5,2013
322.75300435819355,6,2013
1000.0402032424395,7,2013
1256.914801024281,8,2013
