error,month,year
1056.5133708928736,9,2016
1036.5371196993424,10,2016
2178.320390806073,11,2016
1226.5173371522815,12,2016
824.2938529382834,1,2017
652.6069087157033,2,2017
704.8670037624623,3,2017
613.675828874655,4,2017
1101.8023271309082,5,2017
1204.4056323413135,6,2017
1129.0034328245495,7,2017
1146.6978980968531,8,2017
