error,month,year
198.01933546160285,8,2011
1380.248376994435,9,2011
41.943629205162324,10,2011
354.38662216884927,11,2011
318.40743377860827,12,2011
841.8697675524234,1,2012
626.5995282916306,2,2012
380.8983164257943,3,2012
328.06026891359323,4,2012
788.77828779054,5,2012
894.8729940883036,6,2012
630.5562576457198,7,2012
