error,month,year
1372.5869888432007,9,2011
20.985003172916322,10,2011
349.71298965848723,11,2011
316.5432984442825,12,2011
820.1428404435546,1,2012
605.6648181197065,2,2012
360.3911680515465,3,2012
310.0330428576357,4,2012
777.3472657287554,5,2012
887.4718884998347,6,2012
626.4008683847958,7,2012
285.9832435769915,8,2012
