error,month,year
563.6527087109532,6,2009
323.1203404532514,7,2009
131.97676723940015,8,2009
753.8194315587185,9,2009
146.18781387819226,10,2009
230.96759836769772,11,2009
105.30087360867321,12,2009
74.02307014448391,1,2010
340.0676152301866,2,2010
552.776477571311,3,2010
764.7793548465179,4,2010
203.0270365030997,5,2010
