error,month,year
527.4973850808123,2,2012
171.08428138988526,3,2012
83.24240180822466,4,2012
494.3695323350338,5,2012
681.7256711866985,6,2012
641.1746678004082,7,2012
555.5915615594732,8,2012
777.6262142367942,9,2012
457.9743002440218,10,2012
772.3426669850826,11,2012
361.6879043795773,12,2012
317.03454384801375,1,2013
