error,month,year
1262.2955818681148,3,2016
1197.8048909961435,4,2016
1618.132082651411,5,2016
1744.2525229779828,6,2016
1725.2138329495074,7,2016
1748.969733770841,8,2016
1985.1354959905161,9,2016
1911.8026616940333,10,2016
3080.343163785474,11,2016
2083.860735813271,12,2016
1674.1814260022709,1,2017
1558.1929833946606,2,2017
