error,month,year
818.0193732431758,8,2013
1169.5001505668058,9,2013
820.3458082954905,10,2013
1118.5616912129144,11,2013
806.2207308864804,12,2013
771.9175744446331,1,2014
697.1729107512242,2,2014
487.4302594678497,3,2014
210.56940472575548,4,2014
796.0420990626297,5,2014
1051.2324596593337,6,2014
932.4303325380253,7,2014
