error,month,year
267.00462356569983,10,2014
583.376905460391,11,2014
203.3433332762169,12,2014
161.5248120668874,1,2015
47.47395316588853,2,2015
186.40918221167598,3,2015
537.4916815891106,4,2015
97.88675795030204,5,2015
306.28877927293996,6,2015
119.20814758268976,7,2015
38.16831465209839,8,2015
650.2616106346577,9,2015
