error,month,year
153.87856000902434,4,2012
293.4108816256183,5,2012
398.619593206599,6,2012
142.68007645113153,7,2012
178.26213077084634,8,2012
8.679638982937263,9,2012
773.6963493636185,10,2012
877.8490538774837,11,2012
868.0363494679716,12,2012
698.9245145713201,1,2013
361.7027120888035,2,2013
397.2069916677387,3,2013
