error,month,year
892.7394558452688,8,2008
920.5972000222861,9,2008
859.5843866804497,10,2008
1126.3699889492552,11,2008
470.9654262336937,12,2008
829.3759241753064,1,2009
786.4983908694685,2,2009
628.4913138630733,3,2009
495.98314010107424,4,2009
1002.9932392278246,5,2009
1102.5610971356627,6,2009
869.0531870700355,7,2009
