error,month,year
271.788451931901,3,2009
180.20594397806155,4,2009
721.876350281438,5,2009
899.8934144472447,6,2009
706.4478302626289,7,2009
517.3820882333458,8,2009
1158.87162765186,9,2009
318.1775283201875,10,2009
728.0276508244742,11,2009
433.00655214345215,12,2009
516.6989133805589,1,2010
311.8429944690821,2,2010
