error,month,year
960.4408759640816,11,2010
676.816989284411,12,2010
906.9039765335283,1,2011
721.7842873834253,2,2011
581.8298263539667,3,2011
353.03234657854085,4,2011
962.0718762316912,5,2011
1009.3827287544573,6,2011
922.9912036464349,7,2011
869.5476658870027,8,2011
2148.0392491056773,9,2011
701.8181658856784,10,2011
