error,month,year
200.70473331818272,3,2015
520.9448563929377,4,2015
118.99113949460217,5,2015
335.17157517056285,6,2015
162.20581569214056,7,2015
21.046065036382803,8,2015
677.5729347567076,9,2015
54.14497194618434,10,2015
316.22742835063804,11,2015
31.404235260373202,12,2015
29.142296231721392,1,2016
64.90647824472491,2,2016
