error,month,year
443.7047333181827,3,2015
738.9448563929377,4,2015
440.0088605053978,5,2015
289.82842482943715,6,2015
718.7941843078595,7,2015
1274.9539349636173,8,2015
873.4270652432924,9,2015
2116.1449719461843,10,2015
4551.772571649362,11,2015
2535.4042352603733,12,2015
994.8577037682786,1,2016
458.9064782447249,2,2016
