error,month,year
371.80081742980235,7,2009
155.5633603174814,8,2009
782.4072794430258,9,2009
91.20133876388084,10,2009
264.65328569424304,11,2009
79.26825470858465,12,2009
48.23686214702811,1,2010
308.9045730219641,2,2010
516.5144877862895,3,2010
707.6109150640448,4,2010
137.81918792529098,5,2010
66.62857993781884,6,2010
