error,month,year
707.4977886837025,5,2008
979.784215765507,6,2008
898.8330189042782,7,2008
997.2902832801713,8,2008
1015.0031382923828,9,2008
952.8403287642802,10,2008
1206.4419304112835,11,2008
600.5251656369343,12,2008
933.6665943765187,1,2009
900.8333485129676,2,2009
873.1909260341353,3,2009
727.2361191008272,4,2009
