error,month,year
1382.3269926131995,6,2016
1417.8537133661434,7,2016
1495.128696512683,8,2016
1740.3086017948176,9,2016
1702.4223060966333,10,2016
2807.2664240601707,11,2016
1811.315450710826,12,2016
1364.737899489774,1,2017
1168.9437142717861,2,2017
1512.6199854838685,3,2017
1482.005770803311,4,2017
2050.909555338472,5,2017
