error,month,year
866.9044710965236,12,2016
527.8309500420482,1,2017
403.6427995841024,2,2017
415.78344708862073,3,2017
353.60708509334745,4,2017
802.8395158043143,5,2017
865.3587184778473,6,2017
729.5084776439578,7,2017
695.5209154303457,8,2017
888.9129886646015,9,2017
821.8739049452656,10,2017
2106.660264264686,11,2017
