error,month,year
425.62574910793796,4,2008
130.4883115715062,5,2008
138.81484246033233,6,2008
39.000967071468835,7,2008
37.72496816639455,8,2008
731.2120621468405,9,2008
145.33079677872297,10,2008
559.6547870884333,11,2008
44.43506793111669,12,2008
520.1016862981153,1,2009
671.646011889842,2,2009
948.8288355358845,3,2009
