error,month,year
5303.84485185282,1,2007
3733.937002974766,2,2007
3489.980301977293,3,2007
3007.810918578244,4,2007
4327.987498809827,5,2007
4440.562246678854,6,2007
2334.869107098163,7,2007
1365.9371271858145,8,2007
5151.948388941955,9,2007
3322.8739344620976,10,2007
3853.1445465907177,11,2007
1329.6765181756516,12,2007
