error,month,year
639.0969385911378,8,2010
66.62079652172383,9,2010
1026.1374075192036,10,2010
379.7989500789348,11,2010
217.87574165860514,12,2010
61.66794705818552,1,2011
29.054923843284087,2,2011
51.97886575944614,3,2011
381.6092666528455,4,2011
239.40650091245664,5,2011
473.45067879347573,6,2011
470.4295811837716,7,2011
