error,month,year
217.84386200258655,11,2013
355.2648196455583,12,2013
606.3177970430639,1,2014
586.6124310301343,2,2014
398.8248476798349,3,2014
214.8256259396885,4,2014
764.744986915563,5,2014
973.4411429125478,6,2014
781.6362811596643,7,2014
764.9518896979379,8,2014
1094.0829364219378,9,2014
599.6323940170648,10,2014
