error,month,year
787.0053907856957,5,2010
927.4876210192696,6,2010
753.5940031174413,7,2010
581.8701372014913,8,2010
1486.9275508710737,9,2010
462.7354669301705,10,2010
1021.2676267771184,11,2010
731.7644055842828,12,2010
916.6345764974934,1,2011
681.8001203434076,2,2011
546.3747371108936,3,2011
293.1492451686727,4,2011
