error,month,year
100.16695061815449,4,2011
15.459124824168725,5,2011
249.44626957481023,6,2011
301.6792231678137,7,2011
189.25820107470702,8,2011
1316.8543585758123,9,2011
104.4181613229403,10,2011
244.66291196592192,11,2011
203.79779803754718,12,2011
707.5383398141316,1,2012
515.5817289839285,2,2012
290.61112248379004,3,2012
