error,month,year
327.298223931748,10,2010
894.2471993900197,11,2010
600.1844683347623,12,2010
819.1616647927369,1,2011
619.6260164254253,2,2011
477.0977624189714,3,2011
236.08237598228425,4,2011
831.9886707207878,5,2011
877.2481400279936,6,2011
802.3359799441364,7,2011
752.5854082320567,8,2011
2029.5168447374772,9,2011
