error,month,year
186.9755233716653,8,2009
788.6066979233537,9,2009
73.53862097083241,10,2009
289.4879712896181,11,2009
53.955451466312844,12,2009
25.904759765186917,1,2010
287.29912068392963,2,2010
499.9966325273144,3,2010
684.9264209292153,4,2010
110.98129912224272,5,2010
40.50089355498136,6,2010
301.5500021932588,7,2010
