error,month,year
732.0439924515614,12,2007
1268.6488491638668,1,2008
601.4024100685483,2,2008
810.4306313322849,3,2008
1074.748410701398,4,2008
943.0889939153267,5,2008
1375.434131566637,6,2008
1373.1424313857385,7,2008
1540.2110817493717,8,2008
1551.7775580389296,9,2008
1421.3560572657327,10,2008
1586.6451735065655,11,2008
