error,month,year
448.574652913033,7,2012
358.85010923613083,8,2012
573.0190261078864,9,2012
246.82265674857356,10,2012
560.1642892395012,11,2012
148.48937079015232,12,2012
103.63570318340344,1,2013
22.53695847209957,2,2013
288.76777780783823,3,2013
400.722251884148,4,2013
121.09211119904872,5,2013
337.6201112002086,6,2013
