error,month,year
20.34729128904678,6,2009
189.8796595467486,7,2009
490.02323276059985,8,2009
205.81943155871852,9,2009
790.1878138781923,10,2009
562.0324016323023,11,2009
763.3008736086732,12,2009
492.0230701444839,1,2010
790.0676152301867,2,2010
967.776477571311,3,2010
1010.7793548465179,4,2010
462.0270365030997,5,2010
