error,month,year
1278.874005717873,2,2016
1287.6023824061538,3,2016
1245.2067670698711,4,2016
1661.5355733116,5,2016
1810.4388869705926,6,2016
1827.9657926762302,7,2016
1857.109097896497,8,2016
2079.131787142944,9,2016
2008.2479345338406,10,2016
3128.7655245231654,11,2016
2147.788391402812,12,2016
1709.0823894061675,1,2017
