error,month,year
651.2235242322637,6,2007
537.8610841087633,7,2007
350.36045122370825,8,2007
336.36761139982144,9,2007
280.6157764606256,10,2007
200.35127629869538,11,2007
249.97119790435838,12,2007
406.08806621111506,1,2008
313.7965614271867,2,2008
115.1996736555486,3,2008
69.66279443632418,4,2008
126.22589609448777,5,2008
