error,month,year
884.8740057178729,2,2016
968.6023824061538,3,2016
1119.2067670698711,4,2016
1615.5355733116,5,2016
1750.4388869705926,6,2016
1656.9657926762302,7,2016
1569.109097896497,8,2016
1752.1317871429442,9,2016
1610.2479345338406,10,2016
2409.7655245231654,11,2016
1787.788391402812,12,2016
1519.0823894061675,1,2017
