error,month,year
647.3125330463753,11,2015
470.16923169364736,12,2015
643.4525933746887,1,2016
685.2423494461991,2,2016
386.47916177655736,3,2016
237.82234628787398,4,2016
596.045592658362,5,2016
719.6404040434212,6,2016
746.6210599304329,7,2016
839.0585913372665,8,2016
1122.6366673646214,9,2016
1104.6289772738837,10,2016
