error,month,year
894.0126181372559,9,2015
259.33186096193094,10,2015
697.7810843460027,11,2015
414.33301415387206,12,2015
475.74099748073485,1,2016
385.8015315923726,2,2016
98.0609101893423,3,2016
68.09515638664679,4,2016
311.4936518559012,5,2016
461.0355897991867,6,2016
524.3729060639406,7,2016
650.7156902869069,8,2016
