error,month,year
176.98562994476828,5,2009
4.754895773434214,6,2009
170.9094639257574,7,2009
474.8435179664551,8,2009
213.5259751553598,9,2009
768.7554998095953,10,2009
545.0387391173532,11,2009
743.0639212916715,12,2009
473.62690432656245,1,2010
766.5634164996029,2,2010
946.869590491882,3,2010
979.2769998206711,4,2010
