error,month,year
210.3070669788114,1,2015
228.69060422735137,2,2015
488.7968765494597,3,2015
833.1148946174902,4,2015
512.1483971507395,5,2015
379.22913361183873,6,2015
839.3445198554834,7,2015
1397.2404911737094,8,2015
938.3591138395029,9,2015
2247.2681257492663,10,2015
4643.297326817893,11,2015
2621.6201966678336,12,2015
