error,month,year
609.8449546184579,5,2014
855.1404466545763,6,2014
733.9230436971067,7,2014
670.5587921486311,8,2014
1115.609087059996,9,2014
629.1778830599796,10,2014
960.2444935837993,11,2014
628.8873732841048,12,2014
604.4949873846984,1,2015
533.0175742319311,2,2015
223.97777126628708,3,2015
84.59732007298601,4,2015
