error,month,year
842.1211378199298,6,2008
789.2629364232159,7,2008
894.4576054986966,8,2008
918.3674191395346,9,2008
852.0694889026041,10,2008
1088.5103416407612,11,2008
480.93060874095283,12,2008
811.2268336802492,1,2009
817.8259933380352,2,2009
618.2534949231951,3,2009
500.2988970747145,4,2009
960.5909811970587,5,2009
