error,month,year
418.89216716995213,1,2009
492.9650155455223,2,2009
507.44470924994664,3,2009
432.2032746848996,4,2009
885.0884865210578,5,2009
742.6902945613506,6,2009
612.3667430773351,7,2009
351.6485177218401,8,2009
1120.4332031607541,9,2009
263.1591495814047,10,2009
629.329293908771,11,2009
578.4824977601002,12,2009
