error,month,year
1349.5831167194754,5,2016
1501.3625358777856,6,2016
1401.0746470471204,7,2016
1340.8815366636475,8,2016
1553.5712243543921,9,2016
1413.2172982294967,10,2016
2240.9840357978264,11,2016
1563.6345677970498,12,2016
1292.4529579068287,1,2017
1187.7945897344125,2,2017
1685.2277150354907,3,2017
1648.6727789983975,4,2017
