error,month,year
79.11781354522782,1,2010
189.4842342408105,2,2010
325.3306364389961,3,2010
332.11531700205836,4,2010
261.3932350235916,5,2010
302.3433469620786,6,2010
152.89370641961034,7,2010
711.4295037272404,8,2010
11.371627747648972,9,2010
1085.2308032554786,10,2010
437.5585630731015,11,2010
278.3189885188987,12,2010
