error,month,year
555.3692812427522,12,2012
456.8517760219246,1,2013
178.63599055577544,2,2013
266.6116637332715,3,2013
425.3894945805772,4,2013
92.67257697455233,5,2013
98.48006424820176,6,2013
489.4664308337867,7,2013
632.7855068127573,8,2013
69.16031071470502,9,2013
507.5876528331228,10,2013
271.8043660871182,11,2013
