error,month,year
485.45848570806425,3,2011
241.63360689437042,4,2011
811.611940136709,5,2011
842.8599089756826,6,2011
750.6139522357597,7,2011
689.1875303325369,8,2011
1918.8110659390427,9,2011
531.6989674280974,10,2011
1138.3964495045288,11,2011
645.6210252752048,12,2011
963.5534464244605,1,2012
712.8603708817,2,2012
