error,month,year
129.55912403591844,11,2010
71.81698928441097,12,2010
415.9039765335283,1,2011
444.7842873834253,2,2011
321.8298263539667,3,2011
20.032346578540853,4,2011
188.07187623169125,5,2011
44.617271245542725,6,2011
77.00879635356512,7,2011
53.54766588700272,8,2011
1659.0392491056773,9,2011
143.81816588567835,10,2011
