error,month,year
811.6345937722275,12,2013
775.7855498577827,1,2014
712.6876560352409,2,2014
495.3487217397004,3,2014
242.52614702448082,4,2014
828.6192481897057,5,2014
1085.8877240114114,6,2014
971.8387390618042,7,2014
920.643945675065,8,2014
1389.6867477375877,9,2014
912.6332086074933,10,2014
1275.3614182930535,11,2014
