error,month,year
500.7486516918734,1,2014
481.777345704515,2,2014
301.92587947394526,3,2014
113.34620717760762,4,2014
672.7551491682742,5,2014
875.7294344551693,6,2014
669.1415505881515,7,2014
643.418641261232,8,2014
972.8529434438656,9,2014
448.6188861446219,10,2014
727.1242341788247,11,2014
593.2685155228032,12,2014
