error,month,year
390.9806267568242,8,2013
232.50015056680581,9,2013
119.65419170450946,10,2013
178.5616912129144,11,2013
306.2207308864804,12,2013
564.9175744446331,1,2014
540.1729107512242,2,2014
357.4302594678497,3,2014
130.56940472575548,4,2014
704.0420990626297,5,2014
911.2324596593337,6,2014
695.4303325380253,7,2014
