error,month,year
557.3917567355047,11,2014
170.98804010345256,12,2014
126.36711516718461,1,2015
4.408661433240893,2,2015
223.88879865684385,3,2015
585.9397303692657,4,2015
51.49532500218972,5,2015
261.68955196682265,6,2015
73.26905491699023,7,2015
91.69191236491535,8,2015
612.5279457492027,9,2015
147.0163327664851,10,2015
