error,month,year
162.43677370144158,4,2013
278.530022139146,5,2013
260.1798709108241,6,2013
307.5982928083977,7,2013
397.04637678224515,8,2013
187.1902617508597,9,2013
129.9642307767316,10,2013
149.66917096340921,11,2013
284.10957152713763,12,2013
527.325561544625,1,2014
502.108174965716,2,2014
341.8454715697725,3,2014
