error,month,year
421.56045434765565,10,2008
256.6927624841894,11,2008
159.42235883849537,12,2008
497.07120869404446,1,2009
583.5035260905693,2,2009
513.3407672441606,3,2009
404.41755586167005,4,2009
829.2432608827633,5,2009
647.0176519374472,6,2009
487.9736669028099,7,2009
224.2151882736191,8,2009
1028.2391805369361,9,2009
