error,month,year
707.7486516918734,1,2014
638.777345704515,2,2014
431.92587947394526,3,2014
193.34620717760762,4,2014
764.7551491682742,5,2014
1015.7294344551693,6,2014
906.1415505881515,7,2014
859.418641261232,8,2014
1291.8529434438656,9,2014
835.6188861446219,10,2014
1174.1242341788247,11,2014
864.2685155228032,12,2014
