error,month,year
1157.8438620025865,11,2013
855.2648196455583,12,2013
813.3177970430639,1,2014
743.6124310301343,2,2014
528.8248476798349,3,2014
294.8256259396885,4,2014
856.744986915563,5,2014
1113.4411429125478,6,2014
1018.6362811596643,7,2014
980.9518896979379,8,2014
1413.0829364219378,9,2014
986.6323940170648,10,2014
