error,month,year
803.0951350850885,6,2011
695.8702014623727,7,2011
638.1669239041449,8,2011
1857.0878484770042,9,2011
480.8105397264905,10,2011
1099.5543444126524,11,2011
630.7151901054416,12,2011
964.4304268041805,1,2012
736.8365608688325,2,2012
500.9192806265992,3,2012
454.72542163530267,4,2012
895.5692048406377,5,2012
