error,month,year
1454.0151378965688,3,2007
3648.2357574525195,4,2007
625.4613300114353,5,2007
3678.3617684224055,6,2007
2330.8223059661022,7,2007
1276.1486271953129,8,2007
53.30253942834429,9,2007
4400.977822230347,10,2007
2722.621033217733,11,2007
3789.0307220951518,12,2007
2389.776428347929,1,2008
1729.25207344608,2,2008
