error,month,year
512.5099177290067,10,2009
257.25084990000346,11,2009
462.51378155812625,12,2009
177.8587833904016,1,2010
463.8469671589972,2,2010
674.0498725193333,3,2010
664.7438332491333,4,2010
44.88101501304885,5,2010
35.8636797118163,6,2010
542.8275992558623,7,2010
1144.299338526232,8,2010
442.3162960625526,9,2010
