error,month,year
225.45848570806425,3,2011
91.36639310562958,4,2011
37.611940136708995,5,2011
211.14009102431737,6,2011
249.3860477642403,7,2011
126.81246966746312,8,2011
1429.8110659390427,9,2011
26.301032571902624,10,2011
330.39644950452885,11,2011
257.62102527520483,12,2011
755.5534464244605,1,2012
522.8603708817,2,2012
