error,month,year
250.9048649149115,6,2011
304.12979853762727,7,2011
177.83307609585506,8,2011
1368.0878484770042,9,2011
77.1894602735095,10,2011
291.5543444126524,11,2011
242.7151901054416,12,2011
756.4304268041805,1,2012
546.8365608688325,2,2012
319.9192806265992,3,2012
277.72542163530267,4,2012
753.5692048406377,5,2012
