error,month,year
1801.7621226792915,10,2015
4172.485417556249,11,2015
2034.6971139163802,12,2015
480.02595154729863,1,2016
104.27660709355177,2,2016
110.81217341794911,3,2016
68.68726358540948,4,2016
357.53692191615255,5,2016
481.41252349321667,6,2016
424.8291452465453,7,2016
421.82087966140773,8,2016
660.1846670253592,9,2016
