error,month,year
373.0400656347553,10,2012
680.9271473599248,11,2012
254.34147767805726,12,2012
192.7568410505101,1,2013
45.61106268704157,2,2013
188.10975404330318,3,2013
307.93721937780657,4,2013
223.9664175411213,5,2013
465.2219543440012,6,2013
344.9152716837121,7,2013
181.25278995440223,8,2013
394.2579563818025,9,2013
