error,month,year
181.4697788581035,4,2010
810.5056193092895,5,2010
961.6593334160472,6,2010
794.7846648523116,7,2010
615.8422764414096,8,2010
1536.8509285764933,9,2010
499.6025633107754,10,2010
1063.3049591437261,11,2010
775.4866495065967,12,2010
964.3668407460956,1,2011
730.0574705282307,2,2011
593.0627480219558,3,2011
