error,month,year
497.1178135452278,1,2010
260.5157657591895,2,2010
89.66936356100388,3,2010
86.11531700205835,4,2010
520.3932350235916,5,2010
670.3433469620786,6,2010
474.10629358038966,7,2010
274.5704962727596,8,2010
1166.628372252351,9,2010
127.76919674452135,10,2010
652.4414369268985,11,2010
326.6810114811013,12,2010
