error,month,year
4220.687466953625,11,2015
2033.8307683063526,12,2015
380.5474066253113,1,2016
291.2423494461991,2,2016
67.47916177655736,3,2016
111.82234628787398,4,2016
550.045592658362,5,2016
659.6404040434212,6,2016
575.6210599304329,7,2016
551.0585913372665,8,2016
795.6366673646214,9,2016
706.6289772738837,10,2016
