error,month,year
435.83326212759334,11,2008
17.65021368618352,12,2008
618.8197969457096,1,2009
701.4389314233557,2,2009
608.8955673981166,3,2009
514.5000793447111,4,2009
955.7636524169018,5,2009
806.57661196702,6,2009
686.9082156796705,7,2009
466.99994675359403,8,2009
1284.4211050821673,9,2009
483.2746523569758,10,2009
