error,month,year
604.1663072763116,9,2014
47.6818074200844,10,2014
218.91806301516158,11,2014
22.157932252768944,12,2014
78.02746503242554,1,2015
76.8909400980954,2,2015
307.5627196778944,3,2015
637.6120471490581,4,2015
335.1324688639786,5,2015
195.6578786759352,6,2015
643.183594882145,7,2015
1205.665074046464,8,2015
