error,month,year
408.760565758188,5,2012
593.4427642886069,6,2012
547.3207791665893,7,2012
463.9526955063409,8,2012
681.7781740315868,9,2012
354.0160145701109,10,2012
665.4702729134876,11,2012
252.5058055317543,12,2012
206.13040681025882,1,2013
81.58201357166172,2,2013
99.61548088805391,3,2013
212.59661430249602,4,2013
