error,month,year
191.24952319990837,3,2014
12.669475458803504,4,2014
580.6684720702177,5,2014
786.629974523914,6,2014
565.1281021880733,7,2014
530.5853298918464,8,2014
891.9414845060751,9,2014
308.12329744901535,10,2014
592.1541564186618,11,2014
442.7474139027901,12,2014
369.1921265196668,1,2015
397.9369518695228,2,2015
