error,month,year
365.47058669176727,11,2011
267.008881329794,12,2011
682.7136380822974,1,2012
397.3571608875641,2,2012
158.25879076852607,3,2012
105.27028912552777,4,2012
580.3463860863527,5,2012
710.1925468339875,6,2012
468.7920090801132,7,2012
146.80064403892527,8,2012
336.8216515270956,9,2012
457.3395089910582,10,2012
