error,month,year
677.6050334334751,7,2011
624.0437834963986,8,2011
1869.686382840604,9,2011
516.0951537858663,10,2011
1144.0777568171575,11,2011
671.6957647647306,12,2011
1010.3818492857686,1,2012
759.954525572378,2,2012
536.7934680444071,3,2012
483.5725130121914,4,2012
906.3845357141263,5,2012
1096.4051064927864,6,2012
