error,month,year
761.3317265173011,11,2012
345.2441626161362,12,2012
261.16323875031526,1,2013
100.52549965826012,2,2013
125.78727809957928,3,2013
258.0794596803147,4,2013
294.16075850043234,5,2013
541.4109158016089,6,2013
432.3549548127273,7,2013
295.1255675863813,8,2013
540.2354000552784,9,2013
48.66120015013752,10,2013
