error,month,year
92.97180812497294,3,2010
68.7799516139537,4,2010
543.580634054146,5,2010
585.281018744384,6,2010
158.0227717301392,7,2010
380.5060239175282,8,2010
338.0497218697278,9,2010
718.6608443185588,10,2010
37.14600590302712,11,2010
159.71084014145526,12,2010
459.66381003835124,1,2011
436.5858391518401,2,2011
