error,month,year
311.90467842621877,9,2009
665.9849790817593,10,2009
439.8645102485891,11,2009
641.8949836324908,12,2009
366.86999437467887,1,2010
651.746011768335,2,2010
834.7121665913717,3,2010
848.8047978240419,4,2010
277.7943762213939,5,2010
289.13470435167045,6,2010
812.8505992814443,7,2010
1423.4776182886358,8,2010
