error,month,year
885.701776068252,10,2010
195.75280060998034,11,2010
4.8155316652377,12,2010
328.16166479273693,1,2011
342.6260164254253,2,2011
217.0977624189714,3,2011
96.91762401771575,4,2011
57.98867072078781,5,2011
176.7518599720064,6,2011
197.6640200558636,7,2011
63.41459176794331,8,2011
1540.5168447374772,9,2011
