error,month,year
1322.3269926131995,6,2016
1246.8537133661434,7,2016
1207.128696512683,8,2016
1413.3086017948176,9,2016
1304.4223060966333,10,2016
2088.2664240601707,11,2016
1451.315450710826,12,2016
1174.737899489774,1,2017
1045.9437142717861,2,2017
1419.6199854838685,3,2017
1377.005770803311,4,2017
1938.9095553384718,5,2017
