error,month,year
594.0139623335469,3,2008
718.1371916433349,4,2008
346.8189966416066,5,2008
639.2620652376049,6,2008
589.874435946828,7,2008
729.6770770512659,8,2008
728.535154798514,9,2008
686.4553331702481,10,2008
939.0415243540832,11,2008
191.2911084983141,12,2008
314.67053666527914,1,2009
396.7758468764536,2,2009
