error,month,year
333.779779288146,8,2012
156.56624903826037,9,2012
930.9659624626349,10,2012
1041.9470760215183,11,2012
1030.76182041485,12,2012
867.8822988575031,1,2013
535.8193180842201,2,2013
674.1579382528384,3,2013
799.3052251861889,4,2013
285.04799693094577,5,2013
324.8551788877569,6,2013
1003.3762623289207,7,2013
