error,month,year
273.41321032920723,5,2007
77.15361227581752,6,2007
54.02027855482004,7,2007
280.54162860878824,8,2007
324.7712640963443,9,2007
288.79164054336854,10,2007
429.88980899612193,11,2007
8.68237342941734,12,2007
244.60735131459376,1,2008
676.4699767336199,2,2008
541.3582885441737,3,2008
452.372303865588,4,2008
