error,month,year
871.0809861840422,10,2016
2068.745790627277,11,2016
1115.2190333047247,12,2016
721.335064711477,1,2017
563.7927411671562,2,2017
601.5831126236594,3,2017
517.422951217688,4,2017
982.741160164784,5,2017
1061.948874408387,6,2017
968.4775935412159,7,2017
966.037074941707,8,2017
1231.4719778194656,9,2017
