error,month,year
662.779169529079,7,2014
606.8626910151013,8,2014
961.7536468888952,9,2014
539.1684444650027,10,2014
824.0740908748293,11,2014
498.84808881974897,12,2014
455.9469321147101,1,2015
384.79975966956505,2,2015
105.59234861260485,3,2015
153.30216717909295,4,2015
410.4057706183403,5,2015
602.9358582218531,6,2015
