error,month,year
841.2217300330612,6,2013
802.0088872639031,7,2013
785.3821587796597,8,2013
1089.4430252795692,9,2013
791.477115383175,10,2013
1066.185001043822,11,2013
760.0775026787993,12,2013
704.6351046637773,1,2014
624.464941071196,2,2014
435.54280940197935,3,2014
174.2003877785686,4,2014
715.2045235586645,5,2014
