error,month,year
61.794669993612395,4,2014
625.5593489284324,5,2014
874.9180398997348,6,2014
763.0546359552748,7,2014
706.4661795973401,8,2014
1140.5757504918965,9,2014
670.8790906051404,10,2014
995.642829402332,11,2014
665.5850147898443,12,2014
638.0961014116158,1,2015
564.9001896055727,2,2015
245.41128020233,3,2015
