error,month,year
345.52124813919636,12,2009
53.67661899835571,1,2010
321.66214854345367,2,2010
544.5341136694929,3,2010
537.6253421938972,4,2010
63.06038411056761,5,2010
88.81930621525316,6,2010
361.3142390937204,7,2010
929.6509297394432,8,2010
282.66125462647017,9,2010
1389.5933895432531,10,2010
776.4991369640036,11,2010
