error,month,year
178.59130829562685,4,2009
224.48108523503782,5,2009
60.830163157135644,6,2009
81.353505543565,7,2009
372.5180068761441,8,2009
309.7673667417447,9,2009
636.1746012286945,10,2009
400.69883514653185,11,2009
592.8385964960036,12,2009
313.3122317268837,1,2010
605.596068910165,2,2010
781.4533135314541,3,2010
