error,month,year
78.54203120631729,2,2010
216.72252788596717,3,2010
202.09350102919302,4,2010
416.1787433031361,5,2010
454.0540755916976,6,2010
5.435628635932176,7,2010
527.6639066447193,8,2010
168.1539638070701,9,2010
902.8311956326686,10,2010
229.47979818221268,11,2010
43.52330011047718,12,2010
240.5982953304881,1,2011
