error,month,year
553.6685161452085,4,2015
142.6384215744635,5,2015
380.5599329308735,6,2015
208.8533033536952,7,2015
72.35634356726436,8,2015
789.0712982878753,9,2015
9.941535637369752,10,2015
375.63345396581184,11,2015
10.066541272278755,12,2015
66.04452825319217,1,2016
42.086176113191264,2,2016
219.03331751309963,3,2016
