error,month,year
52.96452443339035,10,2011
293.3228509425751,11,2011
277.9277461324507,12,2011
684.9408839331452,1,2012
493.8457432755498,2,2012
213.00091081160662,3,2012
172.49255672270755,4,2012
651.1540244726527,5,2012
773.7711469488761,6,2012
521.4112029295779,7,2012
198.38037906244335,8,2012
366.18784232722555,9,2012
