error,month,year
423.8343838301275,5,2015
232.57145391293318,6,2015
623.0021941473033,7,2015
1140.6930485057558,8,2015
718.241642124652,9,2015
1961.56225577765,10,2015
4401.41459061128,11,2015
2407.9866464402744,12,2015
903.8718566766074,1,2016
397.1539194966037,2,2016
483.66779513938263,3,2016
436.1690952299422,4,2016
