error,month,year
254.5184651002465,6,2015
610.5247176754301,7,2015
1095.2803552002824,8,2015
725.227845769848,9,2015
1875.023753040172,10,2015
4336.121718326542,11,2015
2330.7852702690343,12,2015
848.1433350468237,1,2016
351.8568018128243,2,2016
453.47819284943205,3,2016
402.35662253020575,4,2016
56.28427862007126,5,2016
