error,month,year
1093.170229553456,9,2008
1039.3182568379223,10,2008
1262.4097618771384,11,2008
627.5449227017808,12,2008
905.4203568040264,1,2009
880.3835451577896,2,2009
830.0104308504013,3,2009
719.957808617148,4,2009
1220.6207229572615,5,2009
1356.8232656437344,6,2009
1154.4229487012342,7,2009
1024.9764094218274,8,2009
