error,month,year
933.4395456523443,10,2008
1170.6927624841894,11,2008
520.5776411615046,12,2008
851.0712086940445,1,2009
808.5035260905693,2,2009
732.3407672441606,3,2009
612.41755586167,4,2009
1116.2432608827633,5,2009
1231.0176519374472,6,2009
1000.9736669028099,7,2009
846.2151882736191,8,2009
1576.2391805369361,9,2009
