error,month,year
23.121439990975663,4,2012
435.4108816256183,5,2012
618.619593206599,6,2012
570.6800764511315,7,2012
487.73786922915366,8,2012
705.6796389829373,9,2012
378.3036506363815,10,2012
691.1509461225163,11,2012
280.96365053202834,12,2012
237.07548542867997,1,2013
115.29728791119652,2,2013
48.206991667738684,3,2013
