error,month,year
1963.3744739396932,12,2015
79.2767208922645,1,2016
808.2853769129906,2,2016
760.0556772451382,3,2016
885.3635762294526,4,2016
1368.2902948552207,5,2016
1494.1493903483993,6,2016
1395.6339027522854,7,2016
1321.1027283264498,8,2016
1514.39707640756,9,2016
1386.8419909946024,10,2016
2180.5078628899573,11,2016
