error,month,year
78.97039611984712,7,2007
333.6337319641325,8,2007
431.29008067769433,9,2007
483.63231046786876,10,2007
684.4550849613314,11,2007
297.93917065194756,12,2007
84.1635340540476,1,2008
793.9878987991433,2,2008
728.771663581667,3,2008
608.1243246512237,4,2008
837.398941203654,5,2008
678.5281103386739,6,2008
