error,month,year
1349.8332621275933,11,2008
662.3497863138165,12,2008
972.8197969457096,1,2009
926.4389314233557,2,2009
827.8955673981166,3,2009
722.5000793447111,4,2009
1242.7636524169018,5,2009
1390.57661196702,6,2009
1199.9082156796705,7,2009
1088.999946753594,8,2009
1832.4211050821673,9,2009
1127.2746523569758,10,2009
