error,month,year
83.68922405639819,7,2010
631.8831689177491,8,2010
51.64433972798906,9,2010
1027.1542825550782,10,2010
382.0763451297852,11,2010
219.61611672673638,12,2010
57.401684416828175,1,2011
17.580787495426307,2,2011
61.372813367177315,3,2011
381.079265453639,4,2011
250.91919993992428,5,2011
466.5192397407186,6,2011
