error,month,year
617.9806645383971,8,2011
1869.248376994435,9,2011
516.0563707948377,10,2011
1162.3866221688493,11,2011
706.4074337786083,12,2011
1049.8697675524234,1,2012
816.5995282916306,2,2012
561.8983164257943,3,2012
505.06026891359323,4,2012
930.77828779054,5,2012
1114.8729940883036,6,2012
1058.5562576457198,7,2012
