error,month,year
463.9856299447683,5,2009
579.2451042265658,6,2009
342.0905360742426,7,2009
147.1564820335449,8,2009
761.5259751553598,9,2009
124.75549980959529,10,2009
247.96126088264683,11,2009
85.06392129167153,12,2009
55.62690432656243,1,2010
316.5634164996029,2,2010
531.869590491882,3,2010
733.2769998206711,4,2010
