error,month,year
266.760565758188,5,2012
373.4427642886069,6,2012
119.32077916658932,7,2012
202.0473044936591,8,2012
15.221825968413214,9,2012
797.9839854298891,10,2012
903.5297270865124,11,2012
896.4941944682457,12,2012
729.8695931897412,1,2013
395.4179864283383,2,2013
448.6154808880539,3,2013
557.596614302496,4,2013
