error,month,year
119.99537643430017,10,2014
136.37690546039096,11,2014
67.6566667237831,12,2014
166.4751879331126,1,2015
183.52604683411147,2,2015
429.409182211676,3,2015
755.4916815891106,4,2015
461.113242049698,5,2015
318.71122072706004,6,2015
761.7918524173102,7,2015
1334.1683146520984,8,2015
900.7383893653423,9,2015
