error,month,year
563.2253316984321,2,2014
363.97408947117754,3,2014
96.312910161069,4,2014
700.7777662590962,5,2014
956.252588470242,6,2014
827.9254322966619,7,2014
763.6353639970455,8,2014
1244.0838627483686,9,2014
721.9828209511876,10,2014
1076.3491794878796,11,2014
751.4265212226613,12,2014
742.1836960414366,1,2015
