error,month,year
332.220220711854,8,2012
540.4337509617396,9,2012
221.03403753736512,10,2012
527.0529239784817,11,2012
118.23817958514992,12,2012
68.11770114249687,1,2013
58.819318084220065,2,2013
325.15793825283845,3,2013
454.30522518618886,4,2013
75.95200306905423,5,2013
289.1448211122431,6,2013
134.62373767107928,7,2013
