error,month,year
55.31375770571424,2,2013
7.712225848055311,3,2013
235.05407897479256,4,2013
244.18543133802063,5,2013
234.4377069639429,6,2013
342.59795816594374,7,2013
448.66322917486127,8,2013
186.2022928789179,9,2013
208.0204344673831,10,2013
93.68131792216604,11,2013
213.2724198263885,12,2013
461.63670116552987,1,2014
