error,month,year
32.50652346083814,3,2012
122.04847355947885,4,2012
328.84509764170735,5,2012
430.8305020151022,6,2012
173.15407915810476,7,2012
157.54494871807788,8,2012
48.2329491646168,9,2012
750.5353186783112,10,2012
832.1383497926352,11,2012
826.9086008616028,12,2012
646.7514195811309,1,2013
306.2600728205423,2,2013
