error,month,year
559.9706873187541,6,2012
509.5775969853789,7,2012
412.5001502187642,8,2012
657.5667356921912,9,2012
295.92201828589424,10,2012
632.703329768961,11,2012
205.68219614408656,12,2012
167.44078304260196,1,2013
38.851996275408474,2,2013
184.61775198496525,3,2013
296.98037268438566,4,2013
239.3716704788397,5,2013
