error,month,year
276.1133025204898,11,2009
476.54591750250324,12,2009
192.23787109071526,1,2010
476.9379715968011,2,2010
690.2193532726067,3,2010
673.8190598008637,4,2010
67.08336914252075,5,2010
54.12237622584723,6,2010
554.5386947337571,7,2010
1150.7909155303614,8,2010
485.8106844546933,9,2010
1640.3893876565203,10,2010
