error,month,year
182.56322629855842,4,2013
639.530022139146,5,2013
874.1798709108241,6,2013
830.4017071916023,7,2013
811.9536232177549,8,2013
1124.1902617508597,9,2013
810.0357692232684,10,2013
1089.6691709634092,11,2013
784.1095715271376,12,2013
734.325561544625,1,2014
659.108174965716,2,2014
471.8454715697725,3,2014
