error,month,year
232.8330493818455,4,2011
789.4591248241687,5,2011
804.5537304251898,6,2011
698.3207768321863,7,2011
626.741798925293,8,2011
1805.8543585758123,9,2011
453.5818386770597,10,2011
1052.662911965922,11,2011
591.7977980375472,12,2011
915.5383398141316,1,2012
705.5817289839285,2,2012
471.61112248379004,3,2012
