error,month,year
57.8788621800702,6,2008
264.73706357678407,7,2008
333.5423945013034,8,2008
410.3674191395346,9,2008
502.9305110973959,10,2008
174.51034164076123,11,2008
199.06939125904717,12,2008
457.22683368024923,1,2009
592.8259933380352,2,2009
399.25349492319515,3,2009
292.2988970747145,4,2009
673.5909811970587,5,2009
