error,month,year
122.41964125285278,12,2008
705.495801678753,1,2009
800.3556229622454,2,2009
677.6550287060498,3,2009
592.2674338996727,4,2009
1044.8837030183468,5,2009
914.22016302272,6,2009
816.799543508512,7,2009
610.640644367654,8,2009
1459.925965137946,9,2009
672.7205219540836,10,2009
1111.2790987383692,11,2009
