error,month,year
363.2970987404368,9,2007
241.3820775334668,10,2007
197.65916764038295,11,2007
368.12614549778885,12,2007
957.4554580569287,1,2008
86.8108903708903,2,2008
152.45279878560038,3,2008
334.71018548778375,4,2008
133.57133821482338,5,2008
531.0410353458165,6,2008
569.2215673069159,7,2008
792.6133047291855,8,2008
