error,month,year
431.7245948339372,11,2007
671.8517048958897,12,2007
1343.0715530976606,1,2008
631.3681667380682,2,2008
782.0792899277782,3,2008
1035.8502167084766,4,2008
901.150466594534,5,2008
1320.0901281540343,6,2008
1324.2820708405507,7,2008
1502.312075731886,8,2008
1525.1256458286648,9,2008
1399.271493909211,10,2008
