error,month,year
117.69293302118861,1,2015
2.309395772648628,2,2015
245.79687654945968,3,2015
615.1148946174902,4,2015
46.851602849260566,5,2015
245.77086638816124,6,2015
41.655480144516616,7,2015
101.24049117370932,8,2015
612.6408861604971,9,2015
185.2681257492664,10,2015
224.7026731821066,11,2015
117.62019666783348,12,2015
