error,month,year
224.49703062435975,8,2015
859.9157037580768,9,2015
268.49184353122365,10,2015
638.4036080771797,11,2015
310.01150175233545,12,2015
323.88946095719507,1,2016
200.3032221055076,2,2016
23.21628789709064,3,2016
173.77921625540554,4,2016
196.02837570771956,5,2016
358.3903271097294,6,2016
432.36553115526686,7,2016
