error,month,year
435.0244766283347,8,2009
240.60669792335375,9,2009
717.5386209708324,10,2009
503.5120287103819,11,2009
711.9554514663129,12,2009
443.9047597651869,1,2010
737.2991206839297,2,2010
914.9966325273144,3,2010
930.9264209292153,4,2010
369.9812991222427,5,2010
408.50089355498136,6,2010
928.5500021932588,7,2010
