error,month,year
610.9645244333904,10,2011
1101.322850942575,11,2011
665.9277461324507,12,2011
892.9408839331452,1,2012
683.8457432755498,2,2012
394.0009108116066,3,2012
349.49255672270755,4,2012
793.1540244726527,5,2012
993.7711469488761,6,2012
949.4112029295779,7,2012
864.3803790624434,8,2012
1063.1878423272256,9,2012
