error,month,year
110.39175673550471,11,2014
100.01195989654744,12,2014
201.6328848328154,1,2015
226.5913385667591,2,2015
466.88879865684385,3,2015
803.9397303692657,4,2015
507.5046749978103,5,2015
363.31044803317735,6,2015
807.7309450830098,7,2015
1387.6919123649154,8,2015
938.4720542507973,9,2015
2209.016332766485,10,2015
