error,month,year
21.159575044258986,2,2015
233.32001957841572,3,2015
601.2689205306508,4,2015
82.1855328431528,5,2015
288.30306662433634,6,2015
77.57429774489195,7,2015
78.64496446182443,8,2015
660.574777819481,9,2015
171.35618144654342,10,2015
246.06168945699662,11,2015
100.38997955012043,12,2015
21.54566266130692,1,2016
