error,month,year
148.49347653916186,3,2012
54.95152644052114,4,2012
470.84509764170735,5,2012
650.8305020151022,6,2012
601.1540791581048,7,2012
508.4550512819221,8,2012
745.2329491646168,9,2012
401.4646813216888,10,2012
736.8616502073648,11,2012
322.09139913839715,12,2012
289.24858041886904,1,2013
170.73992717945768,2,2013
