error,month,year
1109.1315624473175,11,2016
592.1473623927683,12,2016
407.6122083191201,1,2017
337.39486001730086,2,2017
387.0222974375434,3,2017
300.4305214291628,4,2017
726.8052900648038,5,2017
548.789694984059,6,2017
177.4553418099058,7,2017
31.579431656599127,8,2017
393.9155633741153,9,2017
355.28822249307154,10,2017
