error,month,year
268.8359132418129,2,2009
268.84959492037046,3,2009
207.31589508408285,4,2009
676.3257254977373,5,2009
544.8224163958114,6,2009
402.5496852403047,7,2009
122.42954297084873,8,2009
856.9759275246947,9,2009
42.62770251767199,10,2009
263.0271155911844,11,2009
158.90741826064607,12,2009
535.9096333081804,1,2010
