error,month,year
351.7029012595632,9,2007
454.6179224665332,10,2007
608.340832359617,11,2007
104.87385450221115,12,2007
483.4554580569287,1,2008
354.1891096291097,2,2008
348.5472012143996,3,2008
226.28981451221625,4,2008
461.4286617851766,5,2008
368.95896465418355,6,2008
484.77843269308414,7,2008
435.38669527081447,8,2008
