province,year,monthly_case_rmse,year_total_error,peak_error,peak_month_error
10.0,2013.0,563.5450927374501,5740.350039659387,817.7466756534452,2.0
41.0,2013.0,NaN,550.4608672067386,174.26717339142715,0.0
50.0,2013.0,283.3168112590269,2378.309356137221,585.1527255214141,1.0
70.0,2013.0,26.87846177554605,244.0084185556334,37.52390267961591,1.0
90.0,2013.0,343.1908624195831,3265.8308374254602,662.0545204235705,6.0
