error,month,year
158.85362066991925,6,2013
237.56470415620132,7,2013
262.52894997311654,8,2013
141.9226035473839,9,2013
96.52095978841767,10,2013
72.27588601554294,11,2013
47.93530828327864,12,2013
44.65089143209181,1,2014
35.069215145498106,2,2014
38.05826780755353,3,2014
54.018719755658005,4,2014
115.43415612906328,5,2014
