error,month,year
18.901310604918198,3,2015
17.024627416952256,4,2015
35.419412959317505,5,2015
90.63611590063492,6,2015
175.7530563940239,7,2015
253.4902582356164,8,2015
250.7396420405053,9,2015
134.83308251045088,10,2015
79.75280423451103,11,2015
54.70644556390903,12,2015
32.07765810999132,1,2016
27.570562073130816,2,2016
