error,month,year
53.40940118935147,11,2016
27.542292520193143,12,2016
15.324942272673681,1,2017
9.832482218608817,2,2017
10.22522086371508,3,2017
23.111279461790772,4,2017
72.27047027843052,5,2017
144.58822107832086,6,2017
222.54764869435158,7,2017
234.46241273636102,8,2017
133.2844005442814,9,2017
74.61728308882624,10,2017
