error,month,year
30.725314669905053,12,2012
27.600480284779053,1,2013
20.33000198262775,2,2013
17.785843223534087,3,2013
22.996130899862443,4,2013
67.98597285504661,5,2013
146.04003572425347,6,2013
225.56499463392535,7,2013
250.47489095348863,8,2013
126.99895856144377,9,2013
82.15556258242162,10,2013
58.77122339788848,11,2013
