error,month,year
108.28637161637873,4,2009
152.12379903424124,5,2009
248.0598252162284,6,2009
288.1089353138947,7,2009
282.49100014095376,8,2009
202.55130589764624,9,2009
165.90689284199473,10,2009
147.13544448996083,11,2009
120.7837175359423,12,2009
132.16384269681922,1,2010
121.58442704955222,2,2010
121.05193154162,3,2010
