error,month,year
317.645308427592,9,2008
140.10433334275672,10,2008
53.989841037091416,11,2008
4.105218658685317,12,2008
22.08269625807442,1,2009
64.7275655994193,2,2009
222.87814104829383,3,2009
229.37116481288356,4,2009
229.18774223522675,5,2009
170.13585338994028,6,2009
46.63327432062327,7,2009
17.277332483810284,8,2009
