error,month,year
164.0677423475715,6,2012
251.5984933012571,7,2012
276.23770864284154,8,2012
136.9525302617395,9,2012
84.98554291005486,10,2012
62.52829459536434,11,2012
39.61260426659005,12,2012
36.87508281965813,1,2013
29.65694396221936,2,2013
26.690594229498767,3,2013
32.78604797654056,4,2013
78.11870269306908,5,2013
