error,month,year
107.36413291233141,6,2008
96.78736465448674,7,2008
84.52989766889908,8,2008
42.39268360651839,9,2008
26.636596811672455,10,2008
20.564848284142357,11,2008
13.008367056779989,12,2008
16.562681119634814,1,2009
17.6595893065014,2,2009
16.913453055656387,3,2009
29.27674068416906,4,2009
70.4333191728154,5,2009
