error,month,year
48.78553820029417,11,2015
25.797215597473418,12,2015
18.810397351014927,1,2016
12.072437647743994,2,2016
16.038927096360467,3,2016
29.19261982871312,4,2016
79.74438800559486,5,2016
157.58600336725698,6,2016
230.1811921433586,7,2016
234.43929457576968,8,2016
133.54452246157402,9,2016
74.5455705843786,10,2016
