error,month,year
63.656992293008564,3,2014
53.055009732919935,4,2014
52.48370029362997,5,2014
70.04575254762742,6,2014
134.9794765314302,7,2014
227.87530018875628,8,2014
314.43518915015966,9,2014
314.62198722025346,10,2014
182.01806878007199,11,2014
121.68479837028768,12,2014
94.65218986199505,1,2015
70.22129617321406,2,2015
