error,month,year
91.81911638121895,5,2010
178.1232694467999,6,2010
206.04110121437944,7,2010
200.14492359267413,8,2010
124.12333104866887,9,2010
95.16162950181898,10,2010
80.0615619574232,11,2010
47.294244523149594,12,2010
46.560013644619296,1,2011
36.52950602998835,2,2011
35.354198180924456,3,2011
45.63245415423285,4,2011
