error,month,year
72.1733237738806,10,2012
50.245579216242504,11,2012
28.541010675461017,12,2012
24.659895951476113,1,2013
18.68875304647265,2,2013
15.208145450569475,3,2013
19.935644763642728,4,2013
64.40757033180275,5,2013
141.3268738571712,6,2013
220.0952575423665,7,2013
244.73190656689758,8,2013
122.16948783131446,9,2013
