error,month,year
133.9341569821067,10,2013
110.11009668551011,11,2013
84.53828099886087,12,2013
86.39763151664118,1,2014
73.99006674644656,2,2014
76.65961792309685,3,2014
94.10865309484144,4,2014
158.70644704710088,5,2014
250.55321960127785,6,2014
336.9425259614552,7,2014
338.2826040040584,8,2014
206.16850044046646,9,2014
