error,month,year
258.46130687391843,8,2008
235.7377690079751,9,2008
143.41407406948642,10,2008
120.16619871583865,11,2008
90.31266616824036,12,2008
129.37528362326995,1,2009
127.19669709631162,2,2009
250.7262991189048,3,2009
259.633519515356,4,2009
266.83787495134214,5,2009
225.50401304210428,6,2009
128.3424115134383,7,2009
