error,month,year
275.4987334002797,7,2009
268.4224754431731,8,2009
181.44820067736384,9,2009
144.09160469753178,10,2009
127.37516187776377,11,2009
102.35895917664158,12,2009
112.35521151257362,1,2010
104.74795832506796,2,2010
101.60499163305849,3,2010
110.40947674305978,4,2010
159.78188167385474,5,2010
244.97618233593067,6,2010
