error,month,year
186.73368723361477,6,2015
265.2353170455502,7,2015
262.8098392102513,8,2015
145.705045574055,9,2015
90.48496075294649,10,2015
65.93599866609391,11,2015
43.37642363824868,12,2015
39.729706971219024,1,2016
31.41965914565948,2,2016
38.494900956599714,3,2016
48.147567886957226,4,2016
97.09758973726528,5,2016
