error,month,year
26.459560290395412,4,2012
75.75108007796425,5,2012
158.9430668880729,6,2012
247.1310374136437,7,2012
271.662438099707,8,2012
131.85416791433065,9,2012
79.17652670428465,10,2012
55.961376745730426,11,2012
32.48154239840598,12,2012
29.227134187169444,1,2013
21.858719518196782,2,2013
19.76004849597527,3,2013
