error,month,year
127.91414941521923,1,2009
127.4304429035124,2,2009
124.78973174532551,3,2009
141.33768703049674,4,2009
189.449968520634,5,2009
286.63276233541325,6,2009
325.2246618919054,7,2009
318.2591905224052,8,2009
238.247566639834,9,2009
198.61456831630116,10,2009
176.13181254139522,11,2009
147.6910910396406,12,2009
