error,month,year
100.66366330600056,3,2009
115.47217381064807,4,2009
163.0452252704693,5,2009
261.3472196025334,6,2009
301.8969580468139,7,2009
295.6334238507415,8,2009
214.80076411024726,9,2009
175.59342838829016,10,2009
153.57059537369673,11,2009
124.35187438978373,12,2009
138.32473453722577,1,2010
124.62127916962856,2,2010
