error,month,year
47.33378703504047,1,2010
39.544237356039616,2,2010
37.257721655446844,3,2010
46.66557987114433,4,2010
98.11438215495234,5,2010
184.43856061757612,6,2010
211.99078690399762,7,2010
205.9715444721504,8,2010
129.55618202361507,9,2010
100.90793649717376,10,2010
86.7103590380316,11,2010
54.70511182210014,12,2010
