error,month,year
91.84261149612878,5,2015
177.75949903672299,6,2015
255.8785513465685,7,2015
252.93865282086185,8,2015
136.30105551002188,9,2015
80.51482421368996,10,2015
54.72779833574623,11,2015
31.42561440623446,12,2015
27.192946671567196,1,2016
18.57337247190981,2,2016
22.769874264348232,3,2016
36.756124479276366,4,2016
