error,month,year
92.268100610338,4,2011
146.54529589356622,5,2011
243.41341404079532,6,2011
354.9845750605277,7,2011
379.77379200495375,8,2011
218.2371003286429,9,2011
161.32924012451863,10,2011
134.0501312701073,11,2011
107.71255192745886,12,2011
110.49468693686548,1,2012
94.0488120750654,2,2012
99.28483792478785,3,2012
