error,month,year
101.32944334296342,10,2011
73.30758100137967,11,2011
47.322647809598074,12,2011
42.66814080841391,1,2012
31.89243354993148,2,2012
32.512345488182035,3,2012
38.294330264142154,4,2012
87.51912431598736,5,2012
171.22969416533388,6,2012
260.68814104527934,7,2012
285.70406798117426,8,2012
144.0322284975524,9,2012
