error,month,year
111.45289957402912,10,2009
91.49504517425119,11,2009
64.88276223050372,12,2009
68.7993128342907,1,2010
60.07204364894943,2,2010
58.71892568660506,3,2010
67.85652899980663,4,2010
118.41029717791132,5,2010
204.02243320954102,6,2010
231.33477330425399,7,2010
225.82273929389163,8,2010
150.68356784187034,9,2010
