error,month,year
294.0969693093344,8,2014
161.15123636985325,9,2014
100.35947683892785,10,2014
73.21230681463994,11,2014
49.008851238838226,12,2014
47.16891587056664,1,2015
37.273055715474655,2,2015
37.76975854180172,3,2015
55.58726948472268,4,2015
108.2251916000544,5,2015
194.11264806542718,6,2015
273.3968309638977,7,2015
