error,month,year
16.704118340360633,4,2015
34.790684622347825,5,2015
90.27862564564184,6,2015
176.38773376072254,7,2015
254.93240394849258,8,2015
252.1577259575127,9,2015
134.8905792415962,10,2015
79.25278948986818,11,2015
54.0236060792753,12,2015
31.114069939492694,1,2016
26.83610318109838,2,2016
18.64256049220684,3,2016
