error,month,year
245.24273840004275,7,2013
270.574080629928,8,2013
150.1258908292374,9,2013
104.26229046041244,10,2013
79.87681926959276,11,2013
55.69858405244636,12,2013
51.97208406091213,1,2014
42.24805685529074,2,2014
47.619670376384924,3,2014
63.640088119483146,4,2014
126.10436830523756,5,2014
211.5002778499396,6,2014
