error,month,year
133.5518643239478,9,2015
76.83269613210884,10,2015
49.82845831812686,11,2015
26.210042922314955,12,2015
18.518286597895948,1,2016
11.375622019824336,2,2016
17.561029830711707,3,2016
30.51943535578589,4,2016
81.30147195606034,5,2016
158.8085770132966,6,2016
230.95311728102538,7,2016
235.6641415584156,8,2016
