error,month,year
23.008314042263976,2,2013
22.194419411235277,3,2013
29.361693209327388,4,2013
74.26668293346263,5,2013
151.09972505578145,6,2013
227.76598869180233,7,2013
250.8138371855743,8,2013
131.62593407625835,9,2013
87.09081703049755,10,2013
62.74117658670864,11,2013
37.639271122261185,12,2013
36.19342299231708,1,2014
