error,month,year
75.71827870415527,10,2015
49.49260248501357,11,2015
26.367496809264146,12,2015
18.489920574476738,1,2016
11.660917346511114,2,2016
16.432970159643105,3,2016
29.11159961575599,4,2016
79.51045062873507,5,2016
156.94943380160714,6,2016
229.27991410648133,7,2016
234.01149637072947,8,2016
133.72697219171386,9,2016
