error,month,year
71.24669180315233,7,2007
48.666278272785476,8,2007
11.616111441525742,9,2007
9.208158014894234,10,2007
17.42362719123777,11,2007
22.51849605742317,12,2007
42.55070258698775,1,2008
57.653527414304065,2,2008
40.472443106286136,3,2008
34.30901213774728,4,2008
2.9906311003556265,5,2008
55.510275100283955,6,2008
