error,month,year
27.214232237729373,2,2012
27.001578359260392,3,2012
32.92081747066803,4,2012
82.50178614139939,5,2012
166.5598663892377,6,2012
256.0276567556967,7,2012
280.9035631608753,8,2012
138.9412707714607,9,2012
85.69001530104619,10,2012
62.67073702302495,11,2012
39.39439787497527,12,2012
36.55856579742688,1,2013
