error,month,year
49.95128525314624,5,2014
67.20892091304533,6,2014
132.92055864411765,7,2014
227.07406483958655,8,2014
315.4676311178696,9,2014
315.9328733270129,10,2014
182.06373331395,11,2014
120.61098157232443,12,2014
92.77675950532532,1,2015
67.25430725548316,2,2015
64.21504406547577,3,2015
54.78485712854024,4,2015
