error,month,year
70.84396478394763,11,2011
43.913871236095886,12,2011
38.40135543579525,1,2012
27.781425167902103,2,2012
28.997932320962967,3,2012
35.55860044706695,4,2012
84.82656372535993,5,2012
167.77208862504156,6,2012
255.82417358925844,7,2012
280.25686808777897,8,2012
140.97958189305075,9,2012
88.33888898448456,10,2012
