error,month,year
11.947253856485018,1,2008
16.316454258604075,2,2008
11.633266062531712,3,2008
6.850533831069527,4,2008
23.42605986017002,5,2008
81.64289789865386,6,2008
70.05848733457928,7,2008
57.82268802208824,8,2008
15.617534961221224,9,2008
0.9184985812425168,10,2008
3.8743925837795,11,2008
10.364116221092168,12,2008
