error,month,year
128.74527209068867,9,2016
70.23110320663451,10,2016
52.15778380871409,11,2016
25.72044679656793,12,2016
11.05416717388519,1,2017
5.56605137219087,2,2017
8.281264733139523,3,2017
22.227446481697232,4,2017
72.14625482725376,5,2017
142.58849284846227,6,2017
215.84404156221748,7,2017
227.35972497500646,8,2017
