error,month,year
163.782634554233,7,2008
156.5055370899622,8,2008
150.30919209170426,9,2008
75.77782723017316,10,2008
69.45634513948538,11,2008
51.18870968209366,12,2008
89.71800379993752,1,2009
88.0769907395553,2,2009
145.6071579151467,3,2009
146.81289952604848,4,2009
147.5825889525379,5,2009
103.39167182366724,6,2009
