error,month,year
99.20313301714005,11,2013
72.3378094576879,12,2013
74.06905597736156,1,2014
62.934735583798634,2,2014
62.34329371515753,3,2014
80.24490055682779,4,2014
146.33787821666573,5,2014
241.9975348980555,6,2014
329.91856227715175,7,2014
329.4626254601486,8,2014
194.93476067789624,9,2014
133.58509641933182,10,2014
