error,month,year
62.6982246563319,12,2009
66.25450951225764,1,2010
57.15699013226814,2,2010
57.632786139854296,3,2010
67.73993210544218,4,2010
118.60463588704022,5,2010
203.86438109595517,6,2010
230.9096481083656,7,2010
225.07418198222516,8,2010
150.04061697572163,9,2010
121.66317044926886,10,2010
107.37183010249466,11,2010
