error,month,year
58.75850637888848,5,2007
143.21733182531912,6,2007
88.36535575361101,7,2007
63.93990439938612,8,2007
2.239495485110286,9,2007
1.889646989621156,10,2007
8.160786064967999,11,2007
13.8879020218711,12,2007
14.849864313666572,1,2008
20.229156463934228,2,2008
17.545576331835782,3,2008
12.76015376010035,4,2008
