error,month,year
23.511969241433192,3,2012
29.585130563760448,4,2012
78.99348579524741,5,2012
162.623243371017,6,2012
251.55921188874592,7,2012
276.2453297257587,8,2012
135.01734556477265,9,2012
81.91383870723148,10,2012
58.81687644544207,11,2012
35.520932525612544,12,2012
32.91161013579749,1,2013
25.438841308825218,2,2013
