error,month,year
156.43980726050137,2,2007
167.63349917229334,3,2007
190.46765606538648,4,2007
201.68475769881812,5,2007
249.15044089761955,6,2007
344.7756771551147,7,2007
298.9365093269749,8,2007
278.482055955863,9,2007
215.2179840136071,10,2007
204.11799423553703,11,2007
197.12453308964362,12,2007
195.9357751214117,1,2008
