error,month,year
81.49070915644528,12,2008
103.88131271161627,1,2009
103.6273773946438,2,2009
98.2150749971772,3,2009
111.93307012390352,4,2009
157.33315589541112,5,2009
255.1599932892473,6,2009
296.62867200380185,7,2009
289.39823931801067,8,2009
204.40689428737286,9,2009
165.16484944709597,10,2009
145.87976940911315,11,2009
