error,month,year
128.19804151021646,9,2012
75.61624160879093,10,2012
52.59525901502908,11,2012
29.84848903782225,12,2012
25.69133910602777,1,2013
18.60557694362895,2,2013
16.68983048121592,3,2013
22.74317683877585,4,2013
68.23952319589795,5,2013
145.18979928801886,6,2013
223.70645579644128,7,2013
248.38060782638362,8,2013
