error,month,year
27.786474281403684,1,2016
20.34701100095577,2,2016
26.668417635186586,3,2016
38.31451537358775,4,2016
88.2601457073321,5,2016
167.01254928655243,6,2016
240.2889287644349,7,2016
244.35411162285828,8,2016
142.13958839378006,9,2016
82.77059287165841,10,2016
64.1368321914329,11,2016
38.33753488466945,12,2016
