error,month,year
72.75539638186058,5,2013
149.156802053874,6,2013
226.94871785566647,7,2013
250.94687316751538,8,2013
131.23990998785362,9,2013
86.4818723880674,10,2013
62.483546598216115,11,2013
38.11074645127272,12,2013
34.99810450215879,1,2014
26.996823782863274,2,2014
25.438879859268425,3,2014
40.773563491598466,4,2014
