error,month,year
137.04301494662758,5,2011
232.89932528220237,6,2011
344.32493960612226,7,2011
368.14419984507464,8,2011
206.19427419471108,9,2011
149.11129880705647,10,2011
122.20335429053048,11,2011
97.02899039669563,12,2011
97.91300167917377,1,2012
84.59570168937887,2,2012
86.9049005567041,3,2012
92.823862482394,4,2012
