error,month,year
158.54317140099653,9,2014
96.77366657999414,10,2014
69.40064220652084,11,2014
44.87974523361287,12,2014
41.76718631174693,1,2015
33.30271085449533,2,2015
33.06316784209814,3,2015
50.368594204668454,4,2015
104.31982994833052,5,2015
190.4828249266846,6,2015
269.0361491502037,7,2015
267.0134662750804,8,2015
