error,month,year
51.62908923277154,8,2007
7.0492424545668335,9,2007
5.522417710868459,10,2007
14.029312943529069,11,2007
18.983796657408558,12,2007
33.593352471668545,1,2008
45.96515711519318,2,2008
31.966551086460253,3,2008
26.023589340204477,4,2008
4.983126805364353,5,2008
63.224168724878886,6,2008
52.84031826891336,7,2008
