error,month,year
2.6795949929470697,10,2007
4.466979050111835,11,2007
9.351603215772744,12,2007
22.309131877889858,1,2008
28.789746197389537,2,2008
21.187383862273,3,2008
14.723416333105938,4,2008
16.6677246812024,5,2008
75.02217845597383,6,2008
65.02276283258476,7,2008
53.11782599995029,8,2008
11.583241789687051,9,2008
