error,month,year
60.47616158102127,4,2014
62.01213006266328,5,2014
81.79995750988503,6,2014
147.7967255250301,7,2014
240.3777751311729,8,2014
327.07281696884763,9,2014
327.67155580532386,10,2014
196.88876144764006,11,2014
135.56909728702846,12,2014
106.9037831184839,1,2015
81.09204477201115,2,2015
79.45115667615484,3,2015
