error,month,year
112.5880519792436,2,2009
108.46952403488442,3,2009
124.12695926601538,4,2009
171.80673308080574,5,2009
269.7348800310722,6,2009
309.1002827047807,7,2009
301.81825046997295,8,2009
219.84674420110116,9,2009
180.01901005683544,10,2009
158.0948218780737,11,2009
129.65166656653022,12,2009
148.10755990064976,1,2010
