error,month,year
83.22786997443131,5,2016
162.3060146473954,6,2016
235.9094623311576,7,2016
239.67634071881625,8,2016
137.3290634489482,9,2016
78.48039452643211,10,2016
59.88622536574324,11,2016
34.44617812772725,12,2016
24.19897756587059,1,2017
18.36490439056131,2,2017
18.666834210674125,3,2017
30.932281656971725,4,2017
