error,month,year
76.977685656597,5,2012
161.0703685646509,6,2012
250.56761205258323,7,2012
275.38038165593656,8,2012
133.5839919970076,9,2012
80.06752706387844,10,2012
56.590515843148005,11,2012
32.983928462236705,12,2012
30.317763054717698,1,2013
22.175999706066847,2,2013
19.732598392228,3,2013
26.485041581356942,4,2013
