error,month,year
26.224274686349226,12,2016
14.436443830071296,1,2017
9.314739961835953,2,2017
9.040489145249794,3,2017
21.281217081508547,4,2017
69.65502782667619,5,2017
142.84069157277344,6,2017
222.8897277247933,7,2017
234.9753119827529,8,2017
131.32294344032292,9,2017
71.96395198267956,10,2017
52.85274600674942,11,2017
