error,month,year
105.48286175024076,12,2010
112.32798129796991,1,2011
97.54393984884535,2,2011
96.58068932459923,3,2011
107.97655298802843,4,2011
162.78029170789742,5,2011
259.48038129007546,6,2011
370.96597383040563,7,2011
394.95228784336337,8,2011
231.94856415454623,9,2011
173.7692635923666,10,2011
146.6923594735164,11,2011
