error,month,year
104.49854887340923,11,2008
100.94876050553995,12,2008
125.78890019943144,1,2009
129.83542010255988,2,2009
118.22087444362124,3,2009
130.8593554293699,4,2009
175.94474263100906,5,2009
275.1591633066514,6,2009
317.27447665182746,7,2009
310.70725222302553,8,2009
225.20330855192267,9,2009
186.22773901838926,10,2009
