error,month,year
99.20313301714005,1,2014
72.3378094576879,2,2014
74.06905597736156,3,2014
62.934735583798634,4,2014
62.34329371515753,5,2014
80.24490055682779,6,2014
146.33787821666573,7,2014
241.9975348980555,8,2014
329.91856227715175,9,2014
329.4626254601486,10,2014
194.93476067789624,11,2014
133.58509641933182,12,2014
