error,month,year
220.44221603288048,6,2009
262.33066921562875,7,2009
255.61558838083351,8,2009
172.55751432256818,9,2009
133.19682259682372,10,2009
111.65153218213186,11,2009
83.74608390682424,12,2009
92.18603579670368,1,2010
79.05888333191172,2,2010
81.18887150196089,3,2010
92.483260254662,4,2010
144.77082084435483,5,2010
