error,month,year
167.5436671718015,9,2009
129.0795868084996,10,2009
113.55468706068858,11,2009
89.76486135150326,12,2009
97.48147690906922,1,2010
93.080856172596,2,2010
85.84454474668634,3,2010
92.2548294432045,4,2010
142.8476682622644,5,2010
232.01406367737587,6,2010
259.93938878545896,7,2010
254.9611668436173,8,2010
