error,month,year
20.444075798349616,3,2013
26.846589502937423,4,2013
71.67968347006456,5,2013
149.29939658099292,6,2013
227.3145885772293,7,2013
250.9372511941576,8,2013
129.94900046142544,9,2013
85.16188749938672,10,2013
61.13145660733863,11,2013
36.17036249740453,12,2013
34.42226880944506,1,2014
26.365867679883408,2,2014
