error,month,year
34.404160932478035,12,2014
30.249956302634462,1,2015
22.13264571840547,2,2015
20.9370873117398,3,2015
39.536846759877065,4,2015
94.35346533541056,5,2015
179.15871003343014,6,2015
256.4429237032324,7,2015
253.6392870167307,8,2015
138.2905300281387,9,2015
83.35316280640659,10,2015
58.32697854558015,11,2015
