error,month,year
34.404160932478035,1,2015
30.249956302634462,2,2015
22.13264571840547,3,2015
20.9370873117398,4,2015
39.536846759877065,5,2015
94.35346533541056,6,2015
179.15871003343014,7,2015
256.4429237032324,8,2015
253.6392870167307,9,2015
138.2905300281387,10,2015
83.35316280640659,11,2015
58.32697854558015,12,2015
