error,month,year
33.42274122507905,1,2012
22.777927796387075,2,2012
23.6650181682309,3,2012
30.042150136812747,4,2012
79.41894287094378,5,2012
162.79234494726376,6,2012
251.83310546795025,7,2012
276.2666957817244,8,2012
134.87388541529725,9,2012
81.44434719618637,10,2012
58.35261315513011,11,2012
35.3860911722366,12,2012
