error,month,year
169.24272737868068,9,2011
110.5266904588291,10,2011
82.67754807184758,11,2011
56.29568175952361,12,2011
53.11479210544253,1,2012
41.180666099321975,2,2012
43.060914804114425,3,2012
49.7405162049014,4,2012
98.87022656197736,5,2012
181.65187910201558,6,2012
269.22691698911024,7,2012
293.7802290253828,8,2012
