error,month,year
59.6664844446089,12,2013
59.54950508187858,1,2014
48.98851491484453,2,2014
48.22130835529886,3,2014
66.23498632881962,4,2014
131.2018411471396,5,2014
224.14617549398415,6,2014
310.6240450687409,7,2014
310.40510537043184,8,2014
178.52468940659213,9,2014
118.16318343277004,10,2014
90.999980612227,11,2014
