error,month,year
2.8021052614805733,2,2008
1.9193924128270796,3,2008
5.753839116763547,4,2008
37.597245066220715,5,2008
95.44735141910118,6,2008
84.53489334163308,7,2008
71.48099666375663,8,2008
29.18838671541809,9,2008
12.526186505305626,10,2008
5.07366378626833,11,2008
3.0842033281462586,12,2008
3.515960847992428,1,2009
