error,month,year
229.93135043061284,8,2016
130.54814407623115,9,2016
71.84466273844686,10,2016
53.5675217364913,11,2016
27.4911090621695,12,2016
14.360660285854905,1,2017
8.985287072006955,2,2017
10.72176601680316,3,2017
23.889339053972613,4,2017
73.09070196387593,5,2017
144.36256820064102,6,2017
219.9859417872649,7,2017
