error,month,year
44.43981970206389,12,2011
38.79351777379671,1,2012
28.725552424361386,2,2012
29.502851349454644,3,2012
35.71928715155114,4,2012
84.97887879926799,5,2012
168.15220660343428,6,2012
256.3175360295924,7,2012
280.8962556510397,8,2012
141.11728169019256,9,2012
88.48845343269468,10,2012
65.45992373547679,11,2012
