error,month,year
83.18091769467688,2,2011
81.61756373318093,3,2011
93.66482884504693,4,2011
149.3505803015596,5,2011
246.9604412891681,6,2011
358.999860258858,7,2011
382.9663210506064,8,2011
220.4190140413531,9,2011
162.22367182819798,10,2011
134.11236008247695,11,2011
107.64650647419866,12,2011
111.23768221819996,1,2012
