error,month,year
171.18312168071924,10,2010
158.70215818468046,11,2010
126.70659808482321,12,2010
141.15050605880742,1,2011
121.7184855300952,2,2011
125.34166264899434,3,2011
137.00984864249642,4,2011
191.1672180197811,5,2011
287.7406170898748,6,2011
398.7069225133885,7,2011
422.79921062457504,8,2011
260.2656232458993,9,2011
