error,month,year
19.508660665537306,2,2016
22.626989130277877,3,2016
35.74110414632893,4,2016
85.98132167415756,5,2016
164.90614392136249,6,2016
238.23769712561898,7,2016
241.98484023189587,8,2016
140.35815218105634,9,2016
81.61003363523271,10,2016
62.739801626953785,11,2016
37.133536711871976,12,2016
26.993412208818693,1,2017
