error,month,year
48.52537368843298,11,2012
26.303913626943523,12,2012
21.633674528005916,1,2013
15.587432113947527,2,2013
12.289323474022284,3,2013
17.377639763415846,4,2013
62.59341402258519,5,2013
140.29229983197334,6,2013
219.7579118673284,7,2013
244.7242637880282,8,2013
121.39534572194265,9,2013
76.36814965164929,10,2013
