error,month,year
28.063364257388013,12,2015
21.700745610980743,1,2016
15.04086675477386,2,2016
21.836401071708227,3,2016
34.951260511805884,4,2016
85.46767490665597,5,2016
163.16130178998742,6,2016
235.3900005113999,7,2016
239.4970181001907,8,2016
138.31620025449726,9,2016
78.74272528449268,10,2016
59.88490067283186,11,2016
