error,month,year
2.6421692235982626,11,2007
7.101650541522645,12,2007
16.89516047919659,1,2008
24.595282531313895,2,2008
16.17964040153339,3,2008
10.010170431236064,4,2008
21.20339322521136,5,2008
79.6467706668753,6,2008
69.03178801956939,7,2008
56.82740025552178,8,2008
14.891916411212636,9,2008
0.7745160744956099,10,2008
