error,month,year
88.68345935325131,11,2009
61.281642625213,12,2009
64.62420606222764,1,2010
55.71167434681935,2,2010
54.92253791037737,3,2010
64.42700752549993,4,2010
115.14636337127187,5,2010
200.6323335341702,6,2010
227.86940361620682,7,2010
222.151857440574,8,2010
146.90159941024268,9,2010
118.75576446263216,10,2010
