error,month,year
379.70046500852953,1,2007
365.10878790685666,2,2007
409.3064319184808,3,2007
426.96196309324364,4,2007
460.0600527860677,5,2007
522.1870693232311,6,2007
619.0530437985351,7,2007
567.9551610420392,8,2007
548.5254278798423,9,2007
490.596325971817,10,2007
490.95678566392456,11,2007
494.8403009024963,12,2007
