error,month,year
138.52505799352707,6,2007
86.41428500302092,7,2007
64.72023587642741,8,2007
5.540858600717662,9,2007
7.191810381680067,10,2007
1.260371037542498,11,2007
6.344769324069674,12,2007
14.64713734908316,1,2008
22.90519442060544,2,2008
13.507620803908338,3,2008
7.268112107786268,4,2008
22.71838643217763,5,2008
