error,month,year
9.346428394609461,4,2008
40.74043215922923,5,2008
100.36077874516748,6,2008
88.8718607713308,7,2008
76.60243095707055,8,2008
33.98184852609761,9,2008
18.78784371793993,10,2008
13.136111605897565,11,2008
5.7663580361775795,12,2008
6.3322446404691775,1,2009
7.728424060902302,2,2009
5.7157943435711696,3,2009
