error,month,year
161.1501666818341,6,2016
234.15958469569225,7,2016
238.01671083792485,8,2016
136.09011604074863,9,2016
77.22755994394002,10,2016
58.6203382130065,11,2016
33.14067955161352,12,2016
22.852621263795317,1,2017
16.772928975145916,2,2017
17.165967910490096,3,2017
29.802405540421535,4,2017
78.61180505895642,5,2017
