error,month,year
140.49284435397345,10,2008
137.5347941860543,11,2008
131.14527179303929,12,2008
169.35883752821422,1,2009
168.79724935357598,2,2009
162.86170457442742,3,2009
177.45894759366013,4,2009
223.26825795032082,5,2009
321.77665028885554,6,2009
363.0908571587386,7,2009
355.9701210235272,8,2009
270.84303873791146,9,2009
