error,month,year
179.0597656809108,9,2010
156.07918936520602,10,2010
142.1434310740979,11,2010
110.54348460564393,12,2010
117.181110859478,1,2011
98.72211906353928,2,2011
106.15307484739559,3,2011
118.14677568801613,4,2011
171.10724254298543,5,2011
262.85402286187053,6,2011
373.27925131967817,7,2011
398.5084704750643,8,2011
