error,month,year
103.94519710456764,10,2014
76.29156083323491,11,2014
51.6640541422099,12,2014
49.26598604677848,1,2015
40.36165734627343,2,2015
40.97562924223337,3,2015
58.55508667756916,4,2015
111.86417188661936,5,2015
198.02972203670726,6,2015
276.53762234795266,7,2015
274.15219697084063,8,2015
157.52811435814655,9,2015
