error,month,year
40.436395653257996,5,2008
99.59538521863271,6,2008
88.4576838655299,7,2008
76.36324455777273,8,2008
34.17730390987081,9,2008
19.06255552538406,10,2008
13.60490637398734,11,2008
6.425094715080307,12,2008
6.724125793952704,1,2009
8.293947015463544,2,2009
6.02018019948493,3,2009
17.952593397642435,4,2009
