error,month,year
30.616394875813263,3,2010
40.73561022801212,4,2010
92.48007309936241,5,2010
178.59130928167565,6,2010
206.30916514164173,7,2010
200.38344995647046,8,2010
124.65425635890492,9,2010
95.84995071108877,10,2010
80.92255658489705,11,2010
48.35647740107481,12,2010
47.561093711674616,1,2011
38.0835276785788,2,2011
