error,month,year
259.2979632161332,8,2009
168.0431917361454,9,2009
130.462144445183,10,2009
115.89497392651244,11,2009
92.79995424997476,12,2009
101.1383006662523,1,2010
97.271324143078,2,2010
89.0052389778778,3,2010
94.91093285490338,4,2010
145.22869882386644,5,2010
234.68687226673046,6,2010
263.4542973704549,7,2010
