error,month,year
264.08060195181685,8,2012
128.0153923630896,9,2012
75.44068618423324,10,2012
51.41304108642664,11,2012
28.27865275334163,12,2012
22.57196784244302,1,2013
17.70265813945477,2,2013
14.414079233282294,3,2013
20.893851116350305,4,2013
66.59717157723796,5,2013
143.84115970818644,6,2013
223.4968706598094,7,2013
