error,month,year
295.7737395647654,7,2014
294.7891415753368,8,2014
160.66075633831272,9,2014
100.10185055336105,10,2014
73.72802529524833,11,2014
49.93192630680167,12,2014
47.313593646640975,1,2015
38.524015280407625,2,2015
37.96742572231543,3,2015
54.49177969978969,4,2015
107.14655404446762,5,2015
194.45133443782737,6,2015
