error,month,year
181.51793030025595,9,2013
136.44643214792242,10,2013
112.02675883725195,11,2013
86.65013956027771,12,2013
87.14706664702982,1,2014
74.14760178950303,2,2014
80.56049763212444,3,2014
97.81006397694857,4,2014
162.07756622256628,5,2014
251.58825311286802,6,2014
337.03853221728457,7,2014
339.84665639820787,8,2014
