error,month,year
135.5775873152185,11,2010
103.1016512036978,12,2010
111.30299089009316,1,2011
96.87106890272423,2,2011
95.27817163296372,3,2011
106.05714172188075,4,2011
160.57304527525767,5,2011
258.1711930193464,6,2011
369.78286240853987,7,2011
393.2310405273666,8,2011
229.76301675573083,9,2011
172.55704494754818,10,2011
