error,month,year
253.9586613578921,8,2015
136.998214873902,9,2015
81.06818676168167,10,2015
55.35193216985602,11,2015
32.573300730500925,12,2015
26.539584320161442,1,2016
19.069380610073427,2,2016
23.91143451626911,3,2016
36.498066102899905,4,2016
86.52949907357679,5,2016
165.06172954739236,6,2016
238.54129331708626,7,2016
