error,month,year
40.044982237726046,4,2010
92.08440373021557,5,2010
177.8954649249406,6,2010
205.75666902548846,7,2010
199.8212827036909,8,2010
124.60706335334194,9,2010
95.44055458597971,10,2010
79.76673677483203,11,2010
46.81532593489828,12,2010
46.03903056816928,1,2011
35.68561301056987,2,2011
35.668457528786476,3,2011
