error,month,year
245.9841805774198,7,2012
270.6774385271972,8,2012
135.73048466361783,9,2012
84.39474646202079,10,2012
59.85431288216404,11,2012
34.26050579922164,12,2012
30.05016361082129,1,2013
19.685773297390426,2,2013
21.348689607873172,3,2013
30.82961551261188,4,2013
77.53033273836346,5,2013
154.4074616926311,6,2013
