error,month,year
0.8258664379416558,3,2008
6.782654675382889,4,2008
38.048051510787744,5,2008
96.81594430810505,6,2008
85.64244422256252,7,2008
73.28980397680068,8,2008
31.07984544003443,9,2008
15.587956600361373,10,2008
9.543210757295917,11,2008
1.9913843253438903,12,2008
1.365189183921732,1,2009
3.2965180220781143,2,2009
