error,month,year
28.656540802387962,1,2013
21.871006201601162,2,2013
19.149803435672172,3,2013
25.1822134255018,4,2013
69.93999431907952,5,2013
147.68616817261983,6,2013
225.9859496474424,7,2013
249.82871818226974,8,2013
128.831903775303,9,2013
84.15805401394925,10,2013
60.194512796385574,11,2013
35.175599386860625,12,2013
