error,month,year
336.1960657863456,8,2011
171.39926895835734,9,2011
114.1831052245973,10,2011
87.70955490090292,11,2011
62.51523633583589,12,2011
59.86781533956536,1,2012
48.661731391005794,2,2012
49.245489544229876,3,2012
54.91094167331409,4,2012
103.68735579226772,5,2012
186.76547854332586,6,2012
275.323977805935,7,2012
