error,month,year
33.16651194704633,4,2016
83.59238351587952,5,2016
162.60839817016316,6,2016
236.3303120147501,7,2016
240.03390765944232,8,2016
138.15421112499766,9,2016
79.21186146487676,10,2016
60.34107276211439,11,2016
34.902152351518524,12,2016
24.641816542986817,1,2017
18.58001930822101,2,2017
18.04498713769624,3,2017
