error,month,year
194.40020857009688,6,2010
221.8624277160448,7,2010
216.18319065796348,8,2010
141.25314541310897,9,2010
112.7305959334245,10,2010
98.12064680061128,11,2010
65.85801775936747,12,2010
68.29951478362173,1,2011
57.495167555628434,2,2011
57.25597045322563,3,2011
67.68394506777096,4,2011
120.18098443753262,5,2011
