error,month,year
52.356547298977134,3,2007
270.1896277281697,4,2007
98.05460622182396,5,2007
23.264235618945488,6,2007
359.6274894902928,7,2007
106.65996800413838,8,2007
205.501829769372,9,2007
27.287953689396414,10,2007
99.38187295217794,11,2007
109.09549463653394,12,2007
125.0962847926518,1,2008
27.41830016833582,2,2008
