error,month,year
21.607056240753664,3,2016
34.306115197075314,4,2016
84.50024207465749,5,2016
163.6086848985799,6,2016
237.25459520435186,7,2016
241.08270171293643,8,2016
138.9456002435427,9,2016
80.14208755899047,10,2016
61.52010568231554,11,2016
36.062936331250526,12,2016
25.870211193797445,1,2017
19.874135872401286,2,2017
