error,month,year
118.17227421719528,1,2011
102.11584479203708,2,2011
100.88397587698414,3,2011
112.34957243005613,4,2011
167.02924847518653,5,2011
263.5030969646619,6,2011
375.3511651512077,7,2011
399.85935178254937,8,2011
237.94051033608338,9,2011
179.93599207073547,10,2011
152.6211023092914,11,2011
127.366769030269,12,2011
