error,month,year
228.9642255217896,8,2010
164.17465730860712,9,2010
137.8974644030622,10,2010
121.963126780367,11,2010
89.20817902516491,12,2010
91.47612131988129,1,2011
76.59192922894084,2,2011
82.98826395304702,3,2011
95.62425358064621,4,2011
149.6008938812576,5,2011
241.16020114226083,6,2011
349.2253785498561,7,2011
