error,month,year
222.94266237285402,7,2016
226.6746627933942,8,2016
125.35845104545584,9,2016
66.38298610327871,10,2016
47.84421925596829,11,2016
22.61851060059113,12,2016
11.374859483736715,1,2017
5.613112682043138,2,2017
3.742057623290833,3,2017
18.48785018890608,4,2017
66.96932560931356,5,2017
139.50813671405788,6,2017
