error,month,year
3.2564522802244973,12,2007
10.209433610020305,1,2008
15.87090394483984,2,2008
10.394103639583546,3,2008
4.574450126837945,4,2008
26.82268740165725,5,2008
85.64408837054745,6,2008
74.4100773751901,7,2008
62.140343411121094,8,2008
19.82944550002335,9,2008
4.403534207049301,10,2008
1.2706192913154162,11,2008
