error,month,year
254.68790780574352,7,2015
252.25397483387044,8,2015
135.78720424539551,9,2015
80.09104123181585,10,2015
54.345445592311144,11,2015
31.52083734619407,12,2015
26.674486693403047,1,2016
18.00756974782505,2,2016
22.60730789580241,3,2016
36.437314929870894,4,2016
87.19610949223,5,2016
165.529172125495,6,2016
