error,month,year
22.16415038886437,4,2013
67.39945035077417,5,2013
145.07002311522834,6,2013
223.57055796358685,7,2013
247.59206542225502,8,2013
126.39308003758684,9,2013
81.49951602006638,10,2013
57.347518179414116,11,2013
32.41428451197701,12,2013
29.61985284392137,1,2014
21.41812800826696,2,2014
19.06869466504223,3,2014
