error,month,year
281.65481213120387,8,2013
161.7748829409567,9,2013
116.01139971143176,10,2013
91.46127863621777,11,2013
66.71765432950667,12,2013
63.24020653871973,1,2014
51.97695778345546,2,2014
59.551912652169925,3,2014
76.0560009038746,4,2014
139.60293729593928,5,2014
226.58713529004174,6,2014
310.8408737688112,7,2014
