error,month,year
82.43827754530602,3,2011
93.66134367709516,4,2011
148.52348974846495,5,2011
245.38317251018688,6,2011
357.249428196425,7,2011
381.59590183860433,8,2011
220.12830552654626,9,2011
162.44084185240186,10,2011
134.67773220310738,11,2011
108.31662304920596,12,2011
111.88031490391519,1,2012
94.98191199479349,2,2012
