error,month,year
222.82370629471802,7,2010
217.13134225902616,8,2010
144.2621680837752,9,2010
116.39399537562237,10,2010
101.92075563121377,11,2010
69.91212498693218,12,2010
72.89718701654994,1,2011
60.84542449511443,2,2011
61.46840293762122,3,2011
71.79228371813163,4,2011
124.67988222450269,5,2011
217.67787393976295,6,2011
