error,month,year
28.933546553350826,2,2015
20.96748576437615,3,2015
19.399148082938595,4,2015
37.007067296489026,5,2015
91.3976375277983,6,2015
177.08290199940404,7,2015
255.53965845563198,8,2015
252.71206119933004,9,2015
135.4719174753183,10,2015
80.067887917978,11,2015
55.453846601979045,12,2015
33.23622095884966,1,2016
