error,month,year
74.20918782288992,10,2016
55.94898636697131,11,2016
29.89470377836369,12,2016
17.044136579189868,1,2017
11.397899519098404,2,2017
13.403691637374836,3,2017
26.451477712214164,4,2017
75.58368224616801,5,2017
147.32130422398527,6,2017
223.70089679658454,7,2017
235.50200334489983,8,2017
135.78273810528808,9,2017
