error,month,year
5.0148461882542605,9,2007
3.505663767115095,10,2007
12.060711262096676,11,2007
16.93298901265398,12,2007
30.270671373264232,1,2008
41.63825016831584,2,2008
28.426833430282574,3,2008
22.31506856082663,4,2008
8.86026215777248,5,2008
67.24703248074063,6,2008
56.636697444744385,7,2008
44.188712719598655,8,2008
