error,month,year
84.39194704286439,4,2007
25.99584016338666,5,2007
189.50027683647355,6,2007
26.72284221879448,7,2007
94.83148862071062,8,2007
259.63780555501364,9,2007
150.82058158621197,10,2007
338.42385032063595,11,2007
105.43763089425413,12,2007
211.40270269871866,1,2008
71.74611433304483,2,2008
102.54234369863012,3,2008
