error,month,year
235.2147179418617,6,2014
322.7710973381544,7,2014
323.03901447339854,8,2014
189.6996726040984,9,2014
127.29875617430928,10,2014
97.60493242929115,11,2014
70.55451707702156,12,2014
68.01940287164882,1,2015
56.831453643513186,2,2015
62.39719555960549,3,2015
82.642089148934,4,2015
135.76591546347464,5,2015
