error,month,year
62.939713716517836,11,2014
38.08037610719822,12,2014
34.379290576919125,1,2015
26.07223085309198,2,2015
25.206819490914302,3,2015
43.25295912807582,4,2015
97.79497277753521,5,2015
183.04650572504627,6,2015
260.7373364682285,7,2015
258.1090479785002,8,2015
142.20358067674647,9,2015
87.33232120673826,10,2015
