error,month,year
34.36484442460982,2,2010
34.38125462866894,3,2010
44.93954424933705,4,2010
95.7371256965312,5,2010
179.69168317617843,6,2010
206.65386272527851,7,2010
200.645019683234,8,2010
126.65763025228037,9,2010
98.14224564598324,10,2010
83.1618790392831,11,2010
51.26893910649128,12,2010
51.54304374612584,1,2011
