error,month,year
330.5093658743539,7,2011
353.12374680053773,8,2011
190.6235260255687,9,2011
133.99046626573045,10,2011
107.35428556530115,11,2011
81.70170837362997,12,2011
81.53634866937304,1,2012
68.15991547750157,2,2012
70.75246108612092,3,2012
77.34262229847003,4,2012
126.44599577580227,5,2012
209.35531759998824,6,2012
