error,month,year
140.32122618138064,5,2009
236.95852880642016,6,2009
277.404708501583,7,2009
270.8853984704564,8,2009
189.935920135321,9,2009
150.8674511369459,10,2009
128.97146307585206,11,2009
100.52562962137024,12,2009
111.98550783077549,1,2010
97.27530697108915,2,2010
101.43622406929659,3,2010
113.96003271208357,4,2010
