error,month,year
207.9056931857733,9,2007
314.45960392368335,10,2007
389.91156697102167,11,2007
433.20827534908796,12,2007
409.9283751881234,1,2008
83.15189327658291,2,2008
232.39956873293056,3,2008
335.1038325469793,4,2008
537.5772337757329,5,2008
556.2756371050035,6,2008
353.96976466376486,7,2008
287.44974457821763,8,2008
