error,month,year
85.01892706739221,5,2007
105.36133327189077,6,2007
109.44221957753162,7,2007
131.84865439334735,8,2007
160.82427418308032,9,2007
206.19838927859504,10,2007
259.2314846188502,11,2007
289.0946821663656,12,2007
299.65095571065615,1,2008
93.3234533287007,2,2008
219.782462664265,3,2008
345.54043139035247,4,2008
