error,month,year
63.81774998742709,1,2010
17.267190519213482,2,2010
1.158054159179969,3,2010
62.55792078075033,4,2010
177.25017437295338,5,2010
121.25476618559904,6,2010
43.05050536021768,7,2010
3.7868549670212697,8,2010
54.879241921044944,9,2010
27.497269406566893,10,2010
38.728478281175,11,2010
74.36933426156416,12,2010
