error,month,year
53.2828032208405,2,2016
75.35273875645953,3,2016
61.34954336753602,4,2016
94.79986650665936,5,2016
133.54467823492146,6,2016
138.19031173164237,7,2016
131.8252681775883,8,2016
117.031409009125,9,2016
64.60067486624392,10,2016
53.17944796548552,11,2016
57.52672943970231,12,2016
28.14602945513069,1,2017
