error,month,year
258.34465746893846,5,2009
224.6057890411264,6,2009
100.36122599602429,7,2009
118.1252984464438,8,2009
153.7772465687626,9,2009
115.8526084763655,10,2009
121.60308912098795,11,2009
158.95687250580445,12,2009
117.04995260077035,1,2010
44.486111150671455,2,2010
23.849266423193182,3,2010
108.15021365237081,4,2010
