error,month,year
166.10729104260537,9,2015
26.717503938649816,10,2015
60.32124801034236,11,2015
5.429826714171356,12,2015
71.07975307493919,1,2016
13.897050133856446,2,2016
16.84754098688761,3,2016
13.12260497652216,4,2016
4.68259470163588,5,2016
37.353859571477365,6,2016
50.80321115800207,7,2016
71.04749417493667,8,2016
