error,month,year
261.40983657917747,7,2007
323.4122492238272,8,2007
395.2555865868703,9,2007
490.08242303309225,10,2007
595.9022408616996,11,2007
691.3689667302876,12,2007
819.8797089261279,1,2008
605.3846012521595,2,2008
679.6300352083875,3,2008
763.7171494968605,4,2008
943.3701937491254,5,2008
930.9722609350534,6,2008
