error,month,year
586.8797318310792,11,2010
688.1064481546381,12,2010
666.1583053508672,1,2011
631.8671374489556,2,2011
613.0720848883135,3,2011
717.8453808352198,4,2011
902.7564208008267,5,2011
967.4817718885761,6,2011
939.9647822526848,7,2011
975.0151287498793,8,2011
992.5776105771342,9,2011
886.5611078787108,10,2011
