error,month,year
2.468786781951266,5,2012
15.97080118837201,6,2012
24.449662097975068,7,2012
55.83687721599818,8,2012
82.11335418982426,9,2012
144.03073344627262,10,2012
176.93359710381068,11,2012
179.09957180418584,12,2012
185.35837375130382,1,2013
187.13901116491002,2,2013
338.75040567202234,3,2013
316.76927205116266,4,2013
