error,month,year
603.7953446982157,12,2010
577.0168020386074,1,2011
533.5700206660433,2,2011
485.9424819575594,3,2011
575.4381984188808,4,2011
750.548296383582,5,2011
809.4032022595039,6,2011
782.6453287355495,7,2011
819.5564781440459,8,2011
844.9241715500018,9,2011
734.2626530492635,10,2011
712.862427007143,11,2011
