error,month,year
479.2370851557114,6,2011
334.4467338491204,7,2011
311.34810079319914,8,2011
285.77879020344926,9,2011
139.44425045312244,10,2011
141.35723418418206,11,2011
265.78389521066316,12,2011
252.19588486852246,1,2012
247.36244010441175,2,2012
115.41313106475486,3,2012
137.2856507096665,4,2012
183.01369040196025,5,2012
