error,month,year
149.17360530192738,12,2011
191.23242639804852,1,2012
217.16634472804142,2,2012
264.2523979372711,3,2012
254.0725602702604,4,2012
214.0796780975972,5,2012
207.70331611542747,6,2012
259.15478649838417,7,2012
287.42489094627916,8,2012
314.242780889098,9,2012
370.2565478208343,10,2012
398.424190385914,11,2012
