error,month,year
542.4600693468087,7,2013
586.4271901022958,8,2013
620.5052903094551,9,2013
586.1569653865423,10,2013
558.4830355619304,11,2013
623.4228098127018,12,2013
657.2926094024608,1,2014
730.6082994705998,2,2014
633.7389230302581,3,2014
699.8238964959421,4,2014
780.4844279336653,5,2014
865.3152381043832,6,2014
