error,month,year
140.6025128841392,7,2016
119.87669644729442,8,2016
102.11446245611351,9,2016
65.82582151602121,10,2016
60.7350888037291,11,2016
59.22049338932296,12,2016
41.1658235883057,1,2017
28.472748763066754,2,2017
30.670131370018147,3,2017
26.06515715817341,4,2017
68.93259363611901,5,2017
109.49331703891056,6,2017
