error,month,year
67.69667750801362,6,2012
17.408296521474526,7,2012
9.83209375764376,8,2012
37.6560150642364,9,2012
105.2378659293196,10,2012
137.15169918213664,11,2012
133.22759728637624,12,2012
144.789097353475,1,2013
138.9461607720308,2,2013
264.49073839654227,3,2013
234.64420698910598,4,2013
163.92266825491947,5,2013
