error,month,year
161.52943833357097,3,2012
129.9661900118664,4,2012
72.1373598839413,5,2012
46.896110579214756,6,2012
81.67909252955344,7,2012
105.94868805574762,8,2012
134.21726837061206,9,2012
198.04234412941375,10,2012
236.472382583212,11,2012
247.2875764481346,12,2012
263.1521892294208,1,2013
279.0107950207697,2,2013
