error,month,year
281.71407586206834,12,2013
267.4632749313211,1,2014
302.68216724753637,2,2014
378.21452039495966,3,2014
350.02480159119034,4,2014
360.1820268328913,5,2014
396.864351688542,6,2014
385.4517088473213,7,2014
440.54497425120826,8,2014
463.87820693288313,9,2014
394.10382225790084,10,2014
346.46164004095965,11,2014
