error,month,year
35.46743213236016,3,2009
157.5549211157479,4,2009
293.8031922409942,5,2009
283.352551273912,6,2009
163.3872663246589,7,2009
185.0628108007372,8,2009
220.08512902820306,9,2009
187.99515930950162,10,2009
199.71076630227043,11,2009
243.13306486476088,12,2009
210.12201901738015,1,2010
150.41079800330226,2,2010
