error,month,year
318.1685242168263,11,2007
338.2067405468933,12,2007
197.31249302046726,1,2008
112.57476723185437,2,2008
13.071196235404074,3,2008
92.8916958252693,4,2008
268.6675368809748,5,2008
274.199280902663,6,2008
91.33032847237415,7,2008
55.39999315615369,8,2008
66.0602384400699,9,2008
31.55116505064096,10,2008
