error,month,year
54.2963946056004,4,2007
63.403627468459995,5,2007
71.49825071753797,6,2007
73.10722931048865,7,2007
89.44915903541961,8,2007
113.99588747593585,9,2007
153.75817917339415,10,2007
202.05080603281783,11,2007
225.64101206329067,12,2007
228.39365085238632,1,2008
105.30685891389669,2,2008
206.00708911890723,3,2008
