error,month,year
236.59959495286174,8,2014
239.9765714513377,9,2014
164.86228585123888,10,2014
108.55987671262001,11,2014
127.51032587094278,12,2014
93.99963545068957,1,2015
126.60287603721736,2,2015
192.90246949804768,3,2015
154.25411539596467,4,2015
146.7752645059075,5,2015
172.78935678530632,6,2015
186.70425613319458,7,2015
