error,month,year
42.81540852288993,8,2012
15.59006844584353,9,2012
57.3422938218427,10,2012
91.20953074268823,11,2012
88.60951419321422,12,2012
101.84377292530287,1,2013
92.89156535272951,2,2013
198.95082285531362,3,2013
163.0285311219143,4,2013
89.90397716121403,5,2013
35.55873196477227,6,2013
97.9868516407288,7,2013
