error,month,year
214.44273702163412,6,2007
216.37028871592182,7,2007
254.62431623244882,8,2007
304.78697665979007,9,2007
380.7556261892426,10,2007
467.9110101142089,11,2007
541.7848486620144,12,2007
664.9091709153109,1,2008
411.9164587003572,2,2008
472.90844382098123,3,2008
567.2867670128562,4,2008
757.5306745128953,5,2008
