error,month,year
358.5642370298497,5,2013
427.9941791737099,6,2013
426.0987157332972,7,2013
477.6542479446805,8,2013
502.966297513031,9,2013
465.6413326467141,10,2013
443.3491736085977,11,2013
487.57822832260285,12,2013
485.0895744976442,1,2014
542.1338137316692,2,2014
510.26102693836503,3,2014
522.8025270004887,4,2014
