error,month,year
308.5683825869202,10,2007
368.7168877432456,11,2007
399.24283893111567,12,2007
326.98181948783264,1,2008
24.254668729753213,2,2008
130.6235385103023,3,2008
233.67182873100387,4,2008
432.9942326641074,5,2008
454.72859607738997,6,2008
259.7457911229388,7,2008
206.5236812290572,8,2008
199.12721864264333,9,2008
