error,month,year
146.23885619236538,6,2016
148.95557070300146,7,2016
127.46813330320282,8,2016
109.01538007565875,9,2016
71.15230828175991,10,2016
65.22808550724591,11,2016
63.176571252616654,12,2016
45.19994168156161,1,2017
33.10866782758626,2,2017
39.4444328563435,3,2017
35.968243757922174,4,2017
78.7584326445302,5,2017
