error,month,year
75.86518706440833,4,2016
109.5534616736682,5,2016
148.3728612267614,6,2016
152.81346370448813,7,2016
145.7048638183584,8,2016
130.82896307278767,9,2016
78.28164580268691,10,2016
67.49783478315788,11,2016
72.5989901505107,12,2016
44.66043447945421,1,2017
48.85640129844906,2,2017
64.99635616037352,3,2017
