error,month,year
138.7650126581221,12,2012
124.71389856796377,1,2013
113.94731022510562,2,2013
50.5892704473544,3,2013
75.57326961108906,4,2013
153.3120745262455,5,2013
232.4506134716299,6,2013
225.00038562164448,7,2013
240.01443446825462,8,2013
238.3116571079984,9,2013
155.49836697091172,10,2013
79.86819375041165,11,2013
