error,month,year
497.8973744414016,9,2010
519.3217393772056,10,2010
589.1302556477654,11,2010
690.8142869571866,12,2010
672.1568246501588,1,2011
643.3879489448814,2,2011
622.6890180556006,3,2011
735.9332461820524,4,2011
919.7751449331313,5,2011
987.6380936357872,6,2011
951.4386661659621,7,2011
979.390618153367,8,2011
