error,month,year
213.37516858030145,1,2014
238.82514389509208,2,2014
309.2104145432416,3,2014
283.78567132768904,4,2014
301.6307657713144,5,2014
338.8185283995351,6,2014
323.4901889223405,7,2014
361.4435638915148,8,2014
374.70703934627574,9,2014
307.7676361611404,10,2014
258.43743691912243,11,2014
290.0885387463725,12,2014
