error,month,year
210.47604233651688,11,2011
165.86655388878668,12,2011
217.74775140639983,1,2012
261.3180391343885,2,2012
328.33065706045755,3,2012
326.98807478112,4,2012
292.0439248300689,5,2012
288.46784764209536,6,2012
340.0116852666282,7,2012
366.99647639460983,8,2012
392.2765268532557,9,2012
446.95955715869997,10,2012
