error,month,year
128.43213540078779,8,2016
116.98676889387957,9,2016
62.081485470104326,10,2016
50.360995122823184,11,2016
57.5723035982026,12,2016
24.015399899965534,1,2017
30.522050619705595,2,2017
36.288337941129974,3,2017
30.740076614712386,4,2017
65.23389928350797,5,2017
97.31170681098676,6,2017
70.36749747796837,7,2017
