error,month,year
197.1353588749066,10,2008
137.27031394283546,11,2008
146.84479362602718,12,2008
185.5522407922697,1,2009
132.70444287509042,2,2009
66.11160461816206,3,2009
183.5965829766256,4,2009
312.89681855424686,5,2009
289.25401299625497,6,2009
168.11812454523238,7,2009
191.8256875942944,8,2009
235.20372170449397,9,2009
