error,month,year
458.3325345944378,6,2013
452.1775525126825,7,2013
501.1393218607092,8,2013
532.5461724336067,9,2013
489.8356064757678,10,2013
464.05261971588476,11,2013
520.4907480460016,12,2013
520.3590535761008,1,2014
578.1041955709433,2,2014
539.3826543983922,3,2014
564.1050493724127,4,2014
620.3247493365245,5,2014
