error,month,year
74.88308797485462,9,2012
30.264962371523204,10,2012
7.9394422360977766,11,2012
13.48665208028029,12,2012
3.532537115102734,1,2013
4.6414548768832224,2,2013
56.49111246089068,3,2013
22.630010493101373,4,2013
58.13017901058829,5,2013
109.54137514078586,6,2013
63.709646190576045,7,2013
64.31001058881128,8,2013
