error,month,year
141.8624008728259,3,2015
72.66015292439906,4,2015
31.328670224033452,5,2015
31.341559034001943,6,2015
49.90606724254936,7,2015
160.31551857337354,8,2015
187.54647498244407,9,2015
28.85891802064102,10,2015
80.94612617614467,11,2015
20.516887042398007,12,2015
103.60683311521208,1,2016
1.0241256476513794,2,2016
