error,month,year
9.704001183582264,4,2008
162.49566465907117,5,2008
182.20335234783923,6,2008
34.13732253397319,7,2008
21.653813531694688,8,2008
52.16554500047732,9,2008
35.43069246771694,10,2008
36.06282189982913,11,2008
20.02036297072155,12,2008
46.30241996599897,1,2009
2.7041394324017247,2,2009
142.32354133616082,3,2009
