error,month,year
191.12225861649662,6,2009
66.90395634184871,7,2009
84.84524840070242,8,2009
120.48788821281187,9,2009
79.5106108088677,10,2009
83.80006045031223,11,2009
119.74100219940253,12,2009
71.15713313308366,1,2010
1.5485896264794548,2,2010
68.24176255050205,3,2010
60.33507625529986,4,2010
203.36640370654564,5,2010
