error,month,year
206.75239499040333,2,2014
272.12547274788733,3,2014
250.8287929431214,4,2014
277.2689478072176,5,2014
319.13384589548764,6,2014
304.23876999109007,7,2014
324.1076186008533,8,2014
330.2934497781812,9,2014
272.36197603861484,10,2014
228.55774928123446,11,2014
248.99623493515358,12,2014
226.04155573824346,1,2015
