error,month,year
380.96214115812586,5,2011
414.79383784939387,6,2011
389.0645796404129,7,2011
372.57913449628023,8,2011
355.75647995449225,9,2011
302.7023833321809,10,2011
284.6477558419216,11,2011
318.6945625281567,12,2011
325.1473793938137,1,2012
305.3719450422533,2,2012
247.30146488698944,3,2012
264.9866863547731,4,2012
