error,month,year
289.19669487410937,3,2014
248.7427371544657,4,2014
247.40657668711552,5,2014
280.5104022916793,6,2014
269.01171643772284,7,2014
332.40376025197935,8,2014
355.3767728775362,9,2014
262.4215521651794,10,2014
191.6207982063395,11,2014
225.98889709057076,12,2014
177.1569817838749,1,2015
231.0713658181609,2,2015
