error,month,year
26.92863212325215,10,2015
41.92230121811883,11,2015
5.508997879226328,12,2015
44.27270310287834,1,2016
23.277458265294687,2,2016
26.206453161842123,3,2016
0.7374215226541416,4,2016
23.511518860937663,5,2016
58.1127041266891,6,2016
67.60491124834573,7,2016
75.39576633412099,8,2016
69.21321825835976,9,2016
