error,month,year
369.9335272923624,12,2007
175.45524525067822,1,2008
168.0708920276652,2,2008
96.54678904239807,3,2008
45.4301654289402,4,2008
95.09778295454323,5,2008
78.08006924015658,6,2008
110.57770657706214,7,2008
135.90008577069185,8,2008
116.49326593926209,9,2008
141.66553447985143,10,2008
200.46569848885318,11,2008
