error,month,year
227.30143359982247,4,2014
225.0180847351399,5,2014
252.49283549424592,6,2014
235.31450467887348,7,2014
298.57008886492537,8,2014
320.8268398232848,9,2014
227.06273684241108,10,2014
153.9856646141074,11,2014
191.06412781900002,12,2014
141.97901655040928,1,2015
204.57386915083455,2,2015
257.47293305878696,3,2015
