error,month,year
210.03803185413008,6,2010
53.10745681162344,7,2010
106.23030441519006,8,2010
179.32619122075715,9,2010
159.0587068644777,10,2010
183.23498233356483,11,2010
231.1971254520956,12,2010
158.65702308299782,1,2011
77.9302423559665,2,2011
125.93710970940859,3,2011
217.2607972193041,4,2011
386.7200441602652,5,2011
