error,month,year
14.658044575196428,1,2016
49.14623372476721,2,2016
68.46370956658832,3,2016
53.15839055320707,4,2016
85.34602508843777,5,2016
123.68185768012201,6,2016
128.0141740195663,7,2016
121.02644990839241,8,2016
106.51992568505798,9,2016
55.47426377796252,10,2016
44.990199498688256,11,2016
49.050324918032324,12,2016
