error,month,year
255.06936148247595,2,2013
202.07635449683826,3,2013
205.31471354065545,4,2013
266.689370122454,5,2013
336.3497484397059,6,2013
326.03193046644355,7,2013
378.7664870751484,8,2013
411.90922827571586,9,2013
353.69531211862284,10,2013
306.28914220296934,11,2013
340.6691232146499,12,2013
323.91819926998113,1,2014
