error,month,year
215.4452070973986,11,2016
202.14794089115586,12,2016
158.8215165315981,1,2017
136.8936888989123,2,2017
152.7263778656573,3,2017
146.62620166860904,4,2017
203.70854695074692,5,2017
266.25541051480684,6,2017
275.49443196002613,7,2017
262.75296062887793,8,2017
240.65341584704942,9,2017
174.77823580923226,10,2017
