error,month,year
0.3579172642031807,1,2015
76.44779186919445,2,2015
130.02578817200867,3,2015
73.673059977371,4,2015
54.74482849698729,5,2015
56.500593294277934,6,2015
66.1054426252033,7,2015
163.83440553030226,8,2015
186.09369387730626,9,2015
46.6437906871216,10,2015
60.93162486392701,11,2015
3.331867688226737,12,2015
