error,month,year
153.08232345371295,10,2016
139.14279060498512,11,2016
128.0717648832408,12,2016
98.38292650712087,1,2017
80.82661042741456,2,2017
93.97644418783355,3,2017
92.61065262924829,4,2017
147.22688574230958,5,2017
200.7115203159468,6,2017
196.83219686978543,7,2017
169.1361423708099,8,2017
136.64212983544502,9,2017
