error,month,year
198.6241525717139,11,2008
225.3675799762849,12,2008
295.83048547183114,1,2009
270.1019253335451,2,2009
172.85526471283646,3,2009
302.5457505667309,4,2009
458.5818420857846,5,2009
458.95405876181326,6,2009
353.82767720475675,7,2009
400.40391251778425,8,2009
465.45131105253984,9,2009
465.6991334632468,10,2009
