error,month,year
43.517055686805975,6,2015
58.074925367736576,7,2015
158.62336669840656,8,2015
182.17886600940258,9,2015
26.67130523391613,10,2015
78.39058677446096,11,2015
18.385691909663453,12,2015
94.92404001790243,1,2016
4.678697803666772,2,2016
5.2363789009872335,3,2016
26.07715603996053,4,2016
7.20737379052458,5,2016
