error,month,year
53.72557229439378,2,2015
125.51383075467686,3,2015
75.29036164342877,4,2015
56.562697300630724,5,2015
75.80633776495236,6,2015
90.25969327148495,7,2015
146.57695959949282,8,2015
158.51214161572636,9,2015
42.56078261006957,10,2015
31.131060182281967,11,2015
4.3381370626575935,12,2015
55.90586056961223,1,2016
