error,month,year
197.7235094834544,8,2007
252.22366257536373,9,2007
336.419600212212,10,2007
415.2425308562198,11,2007
478.9474645880091,12,2007
562.5238075949362,1,2008
269.3059732634805,2,2008
363.7635878437586,3,2008
457.4261669678338,4,2008
654.881175504508,5,2008
673.1089069652653,6,2008
454.54824555442565,7,2008
