error,month,year
98.61831215549496,2,2009
60.05940130991215,3,2009
177.94217243237202,4,2009
309.02014001549463,5,2009
293.18484252250147,6,2009
171.5301930941099,7,2009
192.09010849273957,8,2009
229.45415349241333,9,2009
201.39934032173372,10,2009
218.71082800556653,11,2009
268.12629201834096,12,2009
237.92818115443538,1,2010
