error,month,year
123.5381552081975,8,2011
83.25428669726927,9,2011
78.71913583006172,10,2011
133.2365237233651,11,2011
92.32265341308172,12,2011
155.64460141799916,1,2012
197.29183219952503,2,2012
254.5121432796086,3,2012
244.4722316481964,4,2012
203.5123665164231,5,2012
199.6304086719128,6,2012
240.90711039212292,7,2012
