error,month,year
89.68772819585868,7,2015
128.80018937859967,8,2015
131.65940114515664,9,2015
22.578545684685057,10,2015
46.91419540057355,11,2015
15.752860999955999,12,2015
65.07657062674704,1,2016
18.263757583108067,2,2016
10.097649054546414,3,2016
32.09852418276081,4,2016
3.096048293486968,5,2016
35.39447068651489,6,2016
