error,month,year
188.17457408109271,10,2011
231.45544191018814,11,2011
193.67350174850853,12,2011
265.28759022820975,1,2012
327.45624967034837,2,2012
393.60056088833437,3,2012
399.6372927259459,4,2012
368.3133898144196,5,2012
366.27492476737206,6,2012
417.8855429312082,7,2012
448.9527811459503,8,2012
464.73788046592523,9,2012
