error,month,year
337.38598370967634,4,2011
455.2002523578816,5,2011
471.55698162940047,6,2011
407.66026775000563,7,2011
419.93415973256737,8,2011
428.2008285220747,9,2011
347.75759369351067,10,2011
350.19478859907235,11,2011
428.50409016582563,12,2011
407.0568443845361,1,2012
378.8402533655987,2,2012
276.08754529936385,3,2012
