error,month,year
31.350863796817773,9,2011
167.61527548941163,10,2011
213.4025947116016,11,2011
185.4104647167399,12,2011
272.8237275002639,1,2012
341.7832027694768,2,2012
390.2992749441448,3,2012
397.8097616284759,4,2012
367.8309242777373,5,2012
365.43683172660064,6,2012
412.63196533861145,7,2012
427.1817861821433,8,2012
