error,month,year
79.59105612307741,7,2008
78.64946107669496,8,2008
115.48209071415705,9,2008
99.91546415182344,10,2008
34.990628034068806,11,2008
38.2532027716978,12,2008
96.45217040501535,1,2009
44.65119378380865,2,2009
52.04902079751767,3,2009
52.73908893358057,4,2009
168.1858954224969,5,2009
124.32217912928205,6,2009
