error,month,year
13.943019923162735,2,2010
25.508330763669292,3,2010
82.89221671872606,4,2010
191.6277884496369,5,2010
146.04519636517583,6,2010
7.0675871789558045,7,2010
26.54852981117724,8,2010
80.25652029627875,9,2010
60.374595629820355,10,2010
73.1607265958307,11,2010
108.82560279587521,12,2010
47.13074846426237,1,2011
