error,month,year
195.4086705316709,9,2014
150.9391764799507,10,2014
116.50370168072745,11,2014
119.22346870012892,12,2014
105.61083354398454,1,2015
106.31663345338389,2,2015
143.07798420695343,3,2015
125.33502751904079,4,2015
149.88093627780933,5,2015
187.8776751369225,6,2015
192.21666168365826,7,2015
191.87844387497773,8,2015
