error,month,year
206.0279412703412,1,2007
246.18264288093837,2,2007
375.02541732122825,3,2007
136.59217670243328,4,2007
42.772417342427055,5,2007
152.33356990815457,6,2007
42.477772806896255,7,2007
45.726545834355996,8,2007
241.7667326566575,9,2007
132.45908165703707,10,2007
150.69625726247682,11,2007
100.28627750568334,12,2007
