error,month,year
53.71285361703939,5,2015
65.42049968875553,6,2015
76.91662678670987,7,2015
143.48119237901946,8,2015
157.24566998942626,9,2015
32.13216513159497,10,2015
50.27320111088293,11,2015
7.607893621703052,12,2015
69.04321569747674,1,2016
1.2312433379391905,2,2016
1.8541435334858267,3,2016
25.01365726347703,4,2016
