error,month,year
0.7160600215745632,12,2015
38.30123690597354,1,2016
46.63369262123357,2,2016
62.28319918640807,3,2016
38.80553450592251,4,2016
59.82766545730121,5,2016
92.5274396575364,6,2016
99.37996795252027,7,2016
105.98391351010416,8,2016
97.02329559224077,9,2016
38.001158416182655,10,2016
27.00733782254145,11,2016
