error,month,year
76.113172628177,3,2016
63.91954371617476,4,2016
98.8342194469357,5,2016
138.87187445577317,6,2016
144.13618013917468,7,2016
136.63763288859582,8,2016
121.46216389641421,9,2016
69.49983220003878,10,2016
58.173484541913844,11,2016
61.44600984849967,12,2016
32.347723155988675,1,2017
33.138696415597245,2,2017
