error,month,year
554.2167800982184,10,2010
635.2130640096022,11,2010
738.1596679904416,12,2010
725.5134232241707,1,2011
697.0627916066883,2,2011
683.9895169359739,3,2011
797.9572154166577,4,2011
985.2505311118323,5,2011
1059.9025746509237,6,2011
1029.17490440651,7,2011
1056.5841887786946,8,2011
1073.8395995622266,9,2011
