error,month,year
382.9745881202842,10,2013
349.30642645865976,11,2013
400.63032094147775,12,2013
389.3491729114191,1,2014
444.26961208963166,2,2014
479.60299512863764,3,2014
465.89133959772255,4,2014
484.10289301980964,5,2014
525.8552381360428,6,2014
524.8534754434903,7,2014
612.5608809347892,8,2014
654.6522620256653,9,2014
