error,month,year
146.873029980693,9,2016
99.16508391096512,10,2016
87.05634541752167,11,2016
84.90315361890363,12,2016
53.94033124582885,1,2017
48.964852779273045,2,2017
61.56945375057241,3,2017
59.71319415119945,4,2017
104.23456804535607,5,2017
147.10257679233945,6,2017
128.6787656299827,7,2017
95.30748791814163,8,2017
