error,month,year
103.31006867561823,8,2008
147.64469335768192,9,2008
137.84735281345422,10,2008
70.09217697901562,11,2008
68.90086355835193,12,2008
125.47831270673048,1,2009
74.22218929162885,2,2009
6.240069980423782,3,2009
102.26115089770002,4,2009
221.28720982092662,5,2009
183.20464452997126,6,2009
44.452992967969244,7,2009
