error,month,year
156.63861537408732,1,2008
182.00847814830445,2,2008
153.60616590842588,3,2008
131.6457205626163,4,2008
14.210604574060268,5,2008
41.658810641566774,6,2008
238.71866456215344,7,2008
265.1366784646973,8,2008
240.4917079047981,9,2008
259.23364282611044,10,2008
311.82314749980696,11,2008
273.69347842506943,12,2008
