error,month,year
55.058104953768705,11,2009
79.54305528058217,12,2009
24.4962982083568,1,2010
58.37715808568007,2,2010
38.162396289552454,3,2010
24.07899947355629,4,2010
132.91056926708237,5,2010
78.893735803141,6,2010
81.3749364171032,7,2010
51.48416999380146,8,2010
1.6593874892956109,9,2010
34.32678756109716,10,2010
