error,month,year
239.87799201622954,5,2010
185.05581489414269,6,2010
15.023374940143569,7,2010
64.45776287072141,8,2010
133.57782674991643,9,2010
108.64334738943548,10,2010
129.78808420502529,11,2010
176.21705636900586,12,2010
99.275912650921,1,2011
12.283844289313151,2,2011
67.07560821113756,3,2011
157.38316671020672,4,2011
