error,month,year
142.05179598147458,8,2015
153.35649010005037,9,2015
27.696837084871305,10,2015
54.75212982893599,11,2015
11.544217227122733,12,2015
70.07363946486403,1,2016
0.03324444327610898,2,2016
0.3096784567424038,3,2016
24.546540911784486,4,2016
1.4629090776673617,5,2016
37.604801781077434,6,2016
48.57602239303091,7,2016
