error,month,year
551.6066425428862,8,2013
581.6322276438926,9,2013
550.3081065710035,10,2013
525.8006470647348,11,2013
583.6175226541511,12,2013
612.8898444058053,1,2014
673.3601539020375,2,2014
594.9496763747993,3,2014
649.7303125878973,4,2014
724.4657159277306,5,2014
805.3494616659332,6,2014
818.6754000117555,7,2014
