error,month,year
185.36405341881604,2,2012
185.8510209753571,3,2012
159.33505590698644,4,2012
107.795434941486,5,2012
89.66876666463276,6,2012
129.16257691743328,7,2012
159.31413558311726,8,2012
191.06151828895042,9,2012
251.02235775038238,10,2012
284.79159115019667,11,2012
289.7471278633876,12,2012
303.0481636263494,1,2013
