error,month,year
77.74499098002383,12,2014
25.599664311015477,1,2015
70.39151664002685,2,2015
153.406020995487,3,2015
97.35357996335678,4,2015
70.62059387553109,5,2015
87.1360701706617,6,2015
105.24679170102793,7,2015
177.12209261725002,8,2015
195.55333238740045,9,2015
67.80486563049267,10,2015
13.69664210688093,11,2015
