error,month,year
489.4831777308532,1,2011
439.7062164446589,2,2011
369.90881328933676,3,2011
444.1359374134154,4,2011
598.8784015309233,5,2011
651.4900136638809,6,2011
623.3390734966831,7,2011
656.220054373562,8,2011
676.6113934430348,9,2011
581.075703903643,10,2011
562.179315047267,11,2011
613.5179184384142,12,2011
