error,month,year
67.91563253044635,11,2014
89.35004326374883,12,2014
43.17504095873801,1,2015
83.9720271299228,2,2015
162.45372096387032,3,2015
111.88269121847877,4,2015
91.85214755570105,5,2015
111.57219643323099,6,2015
128.34834452389808,7,2015
191.63561085331932,8,2015
206.97574489324185,9,2015
86.57075728993982,10,2015
