error,month,year
234.9386441121653,3,2013
202.20572792863308,4,2013
239.56805453459103,5,2013
294.61495810992784,6,2013
277.7084600584616,7,2013
332.58590789803867,8,2013
368.76411669338586,9,2013
315.82067826522535,10,2013
268.6621825609406,11,2013
302.8716025880802,12,2013
269.1164394475781,1,2014
304.5184802946589,2,2014
