error,month,year
121.149787323789,2,2008
96.89954939092651,3,2008
43.932519271861,4,2008
104.98657338180708,5,2008
94.3547343205672,6,2008
91.1119536068734,7,2008
107.7638146249337,8,2008
80.53020664824916,9,2008
105.11371065786749,10,2008
163.53837376847747,11,2008
130.845983656198,12,2008
75.2699427514724,1,2009
