error,month,year
268.2890682376273,6,2014
248.88133967407208,7,2014
224.98623429673907,8,2014
212.06557756434174,9,2014
180.4326087024475,10,2014
155.90883928100308,11,2014
155.7350998518674,12,2014
151.17944545656317,1,2015
142.76888374061787,2,2015
165.11988570830098,3,2015
155.70937033934078,4,2015
192.5486247357188,5,2015
