error,month,year
156.06832226655,7,2010
216.86361896808316,8,2010
300.629621512014,9,2010
295.9914777138316,10,2010
335.84081001219073,11,2010
397.94716818038216,12,2010
340.6620287042877,1,2011
272.3323121422297,2,2011
299.68201920216467,3,2011
398.3567059274965,4,2011
576.0599988448661,5,2011
630.4756408369308,6,2011
