error,month,year
101.21692604506308,4,2010
220.84606585436157,5,2010
166.82405146803669,6,2010
4.376079010945176,7,2010
39.58095581302997,8,2010
105.88874158450511,9,2010
81.02357176844231,10,2010
98.73434748031187,11,2010
141.3372578042825,12,2010
67.21552730452905,1,2011
21.692820253707666,2,2011
40.79367394777992,3,2011
