error,month,year
72.14203765361692,4,2015
39.68118239966251,5,2015
46.06067466882891,6,2015
61.70266188731661,7,2015
150.08982729936076,8,2015
170.26933645896273,9,2015
28.6962538609834,10,2015
66.4193966295561,11,2015
15.089058925993175,12,2015
87.84337756228071,1,2016
4.488395500251457,2,2016
1.4925870849870717,3,2016
