error,month,year
156.82875486543128,6,2008
0.7200891021563507,7,2008
18.392423402918944,8,2008
3.298382452397947,9,2008
25.229373887242822,10,2008
94.79886029050819,11,2008
77.9223023414564,12,2008
19.73065720658759,1,2009
70.1391128033234,2,2009
238.7980536179576,3,2009
150.84753240217697,4,2009
49.43484539139766,5,2009
