error,month,year
64.9785613419232,11,2012
70.6252773849748,12,2012
61.70060521360661,1,2013
58.7538491386591,2,2013
9.887617097246904,3,2013
42.120061675736274,4,2013
118.84531394033985,5,2013
194.0226319599005,6,2013
161.9276065035287,7,2013
155.66728243962245,8,2013
143.94587295525938,9,2013
67.48239019517358,10,2013
