error,month,year
279.7654359784691,11,2013
324.0331593142604,12,2013
317.10163475099506,1,2014
369.2816844474309,2,2014
402.2497829442939,3,2014
385.7373786719079,4,2014
406.95189070718453,5,2014
443.0768833270824,6,2014
432.29446683455427,7,2014
502.81236329415606,8,2014
532.7094352100745,9,2014
461.54920232739954,10,2014
