error,month,year
283.7356466055238,3,2011
330.9311369702337,4,2011
449.00301598382765,5,2011
491.73188179127413,6,2011
463.5856690303272,7,2011
478.6917150398514,8,2011
487.189880599605,9,2011
418.8058507166085,10,2011
407.7323685342285,11,2011
453.63568615147415,12,2011
426.88417810597747,1,2012
381.9458569397356,2,2012
