error,month,year
180.68040333091386,12,2008
224.82469446623367,1,2009
185.4140845981409,2,2009
118.99371213224438,3,2009
238.9590138959254,4,2009
375.25252758466513,5,2009
354.4043254138917,6,2009
247.75608841962125,7,2009
280.795508066656,8,2009
331.99369996402834,9,2009
319.65844701234187,10,2009
353.5630747386004,11,2009
