error,month,year
109.32095989894863,5,2016
150.98103916270736,6,2016
154.5338095476058,7,2016
140.59627418615946,8,2016
123.86494021229015,9,2016
77.9685285879503,10,2016
69.24228133221031,11,2016
71.07720949614216,12,2016
48.05462380383787,1,2017
45.11968756753181,2,2017
57.995143733773105,3,2017
55.302053145114215,4,2017
