error,month,year
61.35634127937193,3,2008
138.86055167056142,4,2008
309.47846298965163,5,2008
302.3807858866588,6,2008
118.64502450612535,7,2008
85.04063218110946,8,2008
99.61086755394794,9,2008
85.54860688504526,10,2008
29.670103144974043,11,2008
64.44564324580864,12,2008
63.671299118558466,1,2009
32.06681149867512,2,2009
