error,month,year
170.14601495523272,1,2009
132.06168001880948,2,2009
104.40070824123924,3,2009
215.8990565279206,4,2009
344.37938031508463,5,2009
315.7310658325861,6,2009
195.38128333579377,7,2009
222.75345529848886,8,2009
266.15998235448507,9,2009
244.55150484422995,10,2009
269.20281973740504,11,2009
325.31720873816084,12,2009
