error,month,year
97.56225792505363,5,2008
110.28353772473592,6,2008
42.478987608721674,7,2008
59.70205842389388,8,2008
36.37055638220086,9,2008
64.2629959505168,10,2008
133.7489306733257,11,2008
117.74666732480128,12,2008
62.156554733551175,1,2009
106.25859736824444,2,2009
303.41255299982316,3,2009
232.0603600899996,4,2009
