error,month,year
348.199804326118,8,2010
442.64258889272514,9,2010
455.75336838949767,10,2010
517.437218507445,11,2010
608.0900871931459,12,2010
575.051235565275,1,2011
531.356721078405,2,2011
522.8697934565637,3,2011
631.2527597064656,4,2011
812.6278381319252,5,2011
882.7942168307064,6,2011
846.9070376497083,7,2011
