error,month,year
21.778475158431792,8,2009
62.77545567504559,9,2009
35.440514719844046,10,2009
38.05340744365335,11,2009
63.708569527597035,12,2009
1.2178363736468496,1,2010
91.3082853992077,2,2010
65.01298882208485,3,2010
3.157483831693256,4,2010
119.11750717985434,5,2010
56.33692784787658,6,2010
125.43317115666973,7,2010
