error,month,year
437.71997074110817,12,2016
362.726640749262,1,2017
326.3913273065018,2,2017
366.38433087447237,3,2017
336.90972797483766,4,2017
384.74186521376834,5,2017
460.2179594645828,6,2017
499.1850915249543,7,2017
535.1919017308194,8,2017
550.0457852636731,9,2017
497.90847866463605,10,2017
355.2988043667002,11,2017
