error,month,year
221.17626420520062,1,2013
214.76683731500748,2,2013
151.20384939103934,3,2013
169.83656642810132,4,2013
243.46400174977418,5,2013
323.23502320329857,6,2013
320.37114264856064,7,2013
373.342041102708,8,2013
380.69660363019193,9,2013
314.9957203938913,10,2013
257.21176062933927,11,2013
286.3225418330522,12,2013
