error,month,year
222.02461313760293,5,2014
254.2123214491473,6,2014
235.81938916887455,7,2014
271.64139460165654,8,2014
282.66498703191496,9,2014
206.39416187049702,10,2014
148.64301711665848,11,2014
174.18875187256089,12,2014
138.73280495305258,1,2015
178.21699735908751,2,2015
232.41585533399945,3,2015
190.55307668843793,4,2015
