error,month,year
100.6958056825026,12,2009
42.96695088522688,1,2010
42.24057146980846,2,2010
23.16137893908356,3,2010
41.55932316078373,4,2010
158.79641885143118,5,2010
103.88511599210258,6,2010
67.11752914743569,7,2010
29.38527177541416,8,2010
27.502024219609886,9,2010
3.7791521020548022,10,2010
4.068690290195459,11,2010
