error,month,year
34.80749782951247,10,2009
34.507769062486574,11,2009
59.719771307186434,12,2009
1.040717581037181,1,2010
87.95235603863682,2,2010
69.38458207413649,3,2010
2.662515865212047,4,2010
108.74550967613173,5,2010
47.860022809127166,6,2010
122.1646003445265,7,2010
93.62362015834556,8,2010
45.007551110579,9,2010
