error,month,year
139.33798554205345,10,2014
69.57792886791779,11,2014
92.72238540779159,12,2014
47.294004294097604,1,2015
90.75300998662668,2,2015
172.35162781483947,3,2015
121.21855711726822,4,2015
97.83164295554316,5,2015
116.6700684121621,6,2015
133.3994902472302,7,2015
198.04070658194402,8,2015
213.5692971374901,9,2015
