error,month,year
506.6433318982077,9,2013
463.85251585111877,10,2013
436.1642828055394,11,2013
488.0086762102826,12,2013
493.8269265732642,1,2014
559.8562535546575,2,2014
528.3212847333033,3,2014
547.6338646824845,4,2014
596.5007568594174,5,2014
654.1526333917691,6,2014
661.2620057068677,7,2014
748.2859465039944,8,2014
