error,month,year
56.56175844636704,3,2007
75.3260742728566,4,2007
112.92523650839955,5,2007
130.93833954430278,6,2007
133.57922812269948,7,2007
147.8435924530608,8,2007
167.19895102647553,9,2007
200.7462048046408,10,2007
257.0130715016122,11,2007
298.39699596721175,12,2007
320.78609673999483,1,2008
221.8655018754137,2,2008
