error,month,year
291.2465863990618,4,2013
348.98780483887083,5,2013
417.98990405032936,6,2013
406.80701634531226,7,2013
456.97745364180014,8,2013
498.2405211850258,9,2013
458.3388833195885,10,2013
417.79312274154466,11,2013
468.15994612597086,12,2013
459.02653191183913,1,2014
520.4024222947826,2,2014
497.4111012993647,3,2014
