error,month,year
131.82453929853438,4,2009
260.6161747111998,5,2009
243.8497835083626,6,2009
123.8330828632498,7,2009
147.97798771082427,8,2009
180.8651192763168,9,2009
148.20364595780563,10,2009
154.0420151658908,11,2009
186.83828332164373,12,2009
152.84969224223374,1,2010
86.26281055043108,2,2010
16.426743494907242,3,2010
