error,month,year
52.67943640011556,9,2009
19.03601587219081,10,2009
21.744694064382358,11,2009
48.690683618217754,12,2009
20.86438993346641,1,2010
111.45911164604708,2,2010
89.93436144576575,3,2010
15.914342297577415,4,2010
99.20694693165107,5,2010
24.58200135214058,6,2010
156.70526412603058,7,2010
124.72064552536074,8,2010
