error,month,year
187.41922519209209,1,2012
203.30000151556771,2,2012
215.39853287957285,3,2012
199.28373841628272,4,2012
155.80414902343387,5,2012
143.91982022843652,6,2012
191.2148103808409,7,2012
226.5039168571737,8,2012
251.59272281915108,9,2012
309.1481595101337,10,2012
339.64295872910304,11,2012
342.5452497661692,12,2012
