error,month,year
38.478722436071024,10,2012
15.176796881620838,11,2012
18.186136515034555,12,2012
9.786159565135458,1,2013
13.050222313039574,2,2013
52.83985083037304,3,2013
18.44548942208288,4,2013
59.74266387781761,5,2013
119.58230267725078,6,2013
78.76853119740952,7,2013
76.12968454618223,8,2013
47.58406561595997,9,2013
