error,month,year
62.97234716691654,2,2007
36.64796751862192,3,2007
22.29115583966382,4,2007
14.99114046959316,5,2007
5.661939110161329,6,2007
40.34712880029311,7,2007
58.628590924536645,8,2007
67.95318592761296,9,2007
61.010747559808976,10,2007
25.86771182673086,11,2007
4.634865025970782,12,2007
16.908103163184368,1,2008
