error,month,year
238.565625667732,7,2014
215.57827543150557,8,2014
202.6501972995414,9,2014
167.3552160524819,10,2014
140.16327897022123,11,2014
140.55327325550172,12,2014
133.92027165910676,1,2015
128.1134138479776,2,2015
155.61374478717883,3,2015
144.3438864561945,4,2015
177.5194712663952,5,2015
219.29879009820144,6,2015
