error,month,year
35.63739467676864,3,2010
93.98254875934708,4,2010
202.41010374156897,5,2010
156.3345902629576,6,2010
0.16158400760799907,7,2010
34.431260375758015,8,2010
90.667161818217,9,2010
70.79707013794697,10,2010
85.61513398672513,11,2010
123.34053073909212,12,2010
61.40165926916311,1,2011
20.825634722181608,2,2011
