error,month,year
356.95781387794835,7,2011
303.64511642899595,8,2011
250.03036996542804,9,2011
55.72032939562935,10,2011
35.787190950930025,11,2011
155.24892588583685,12,2011
132.16144805126095,1,2012
128.31764644603186,2,2012
25.060565853001265,3,2012
55.01263256634803,4,2012
103.50621126552444,5,2012
99.30524520169041,6,2012
