error,month,year
36.003748449316866,7,2009
62.489730783779656,8,2009
106.64146832465157,9,2009
79.99831601427465,10,2009
83.11255739698551,11,2009
111.29668883153064,12,2009
51.49745129154518,1,2010
31.56272242892749,2,2010
10.643119395235779,3,2010
68.38143244199821,4,2010
187.37427379370246,5,2010
131.82909575576002,6,2010
