error,month,year
48.028923540542095,11,2015
5.630255584270466,12,2015
42.40357518647996,1,2016
35.65898696296034,2,2016
41.15585183307039,3,2016
15.15708181348966,4,2016
35.58362056984767,5,2016
68.27143633835597,6,2016
76.8168416099917,7,2016
85.87256717371586,8,2016
79.33636464827927,9,2016
22.35043224184904,10,2016
