error,month,year
401.8751589722944,2,2011
295.9354356770625,3,2011
367.15365386221873,4,2011
523.5541987020912,5,2011
557.9262692409079,6,2011
507.5829105345588,7,2011
550.4933562650042,8,2011
580.4802452089734,9,2011
476.0363378941609,10,2011
468.5630326598178,11,2011
536.1008087509679,12,2011
462.00008939773943,1,2012
