error,month,year
102.53626865940241,4,2012
44.149271627069,5,2012
22.65567612256124,6,2012
59.716263654387035,7,2012
87.57617721355027,8,2012
111.9194511587415,9,2012
173.97306058626592,10,2012
209.03335378628697,11,2012
214.61381946739488,12,2012
226.46622466642344,1,2013
234.9035725469548,2,2013
410.32477878945093,3,2013
