error,month,year
54.01180966125011,7,2012
21.62392387878664,8,2012
7.876228581419983,9,2012
74.22789346522923,10,2012
108.09116124635807,11,2012
108.63803801777945,12,2012
115.76994470312506,1,2013
112.98923341191244,2,2013
212.26525295596,3,2013
184.40041209473407,4,2013
120.3154614321325,5,2013
71.07264437734348,6,2013
