error,month,year
168.79684666048124,9,2008
159.92289292333632,10,2008
97.4537634392801,11,2008
100.02878656841965,12,2008
149.4076547183934,1,2009
96.89029958335031,2,2009
24.120926073746446,3,2009
135.41284452577924,4,2009
257.7902586248377,5,2009
226.19954312371613,6,2009
95.62766581561588,7,2009
113.09173274976857,8,2009
