error,month,year
7.2392000539947805,5,2007
21.882771908096608,6,2007
50.78351622951135,7,2007
20.315281679300874,8,2007
3.4939757144856003,9,2007
20.97285355043845,10,2007
28.188143951241702,11,2007
42.25032836168467,12,2007
43.387781593819945,1,2008
33.355429044193315,2,2008
51.6212419148761,3,2008
50.28344931423745,4,2008
