error,month,year
33.81783705422508,1,2012
89.27791271603125,2,2012
98.49663106797077,3,2012
98.94876397346378,4,2012
100.69511776277436,5,2012
141.3872230669823,6,2012
127.68499244973715,7,2012
170.6170320251557,8,2012
167.98751077207692,9,2012
139.0826282837486,10,2012
136.4553304015367,11,2012
95.60358813941065,12,2012
