error,month,year
176.14004534611863,7,2008
213.96098040016213,8,2008
223.1437078747184,9,2008
266.1895184977209,10,2008
234.30893321501992,11,2008
228.3299440958417,12,2008
221.56862367469944,1,2009
231.07000517664952,2,2009
307.0115167173684,3,2009
319.2696039332008,4,2009
327.0876340306268,5,2009
417.218894499877,6,2009
