error,month,year
222.11787756614228,6,2008
82.93405876165423,7,2008
110.73956582103227,8,2008
111.0947155269404,9,2008
151.81846137379281,10,2008
113.4832524756312,11,2008
106.32628876918474,12,2008
94.0399833708042,1,2009
108.14744872758105,2,2009
123.71660221059872,3,2009
112.3471667009606,4,2009
100.31750409565336,5,2009
