error,month,year
68.15725448633457,11,2012
29.20877723290915,12,2012
25.824904731638114,1,2013
42.70012855938971,2,2013
46.06687001829454,3,2013
35.984237240068005,4,2013
39.24953369704394,5,2013
86.36962773145771,6,2013
57.286284500722964,7,2013
108.64480083594091,8,2013
89.67772777272906,9,2013
53.23080242136889,10,2013
