error,month,year
56.96994861454786,4,2011
18.235285004097676,5,2011
64.50150080833865,6,2011
36.46925412842865,7,2011
75.52401999959001,8,2011
122.21329975551693,9,2011
80.22189994529471,10,2011
30.10019559891957,11,2011
8.120374999597601,12,2011
14.224794167887945,1,2012
28.251610283112697,2,2012
48.110742143825206,3,2012
