error,month,year
67.38547294468266,9,2010
41.156467063145925,10,2010
7.906665762654643,11,2010
13.665548762662649,12,2010
46.077010367527066,1,2011
16.28149586968879,2,2011
31.82555548135672,3,2011
22.740056388868236,4,2011
17.745830016057624,5,2011
25.957133728045875,6,2011
1.126425431144221,7,2011
38.68580091759856,8,2011
