error,month,year
102.91347150406204,7,2016
152.63162440132925,8,2016
146.4903918979844,9,2016
92.03084752901842,10,2016
122.83239969241009,11,2016
80.13931443743634,12,2016
74.87358809715838,1,2017
77.17321352836498,2,2017
84.07269944607602,3,2017
73.9945129815907,4,2017
87.33397154153835,5,2017
147.94072792367095,6,2017
