error,month,year
27.020344702627497,12,2016
30.6779759600202,1,2017
36.52065666565271,2,2017
29.082645448255292,3,2017
21.802115805479307,4,2017
28.29513666697935,5,2017
73.45533877320575,6,2017
68.49263813955662,7,2017
111.17146961069635,8,2017
96.06534835880305,9,2017
35.50152779968916,10,2017
69.26065678430786,11,2017
