error,month,year
100.34661087035845,6,2010
49.67046638888353,7,2010
65.33835159435574,8,2010
87.55622955887263,9,2010
65.88880452662448,10,2010
37.39085865903921,11,2010
18.731783298701448,12,2010
12.289347544407955,1,2011
16.75687131888627,2,2011
63.84376725786407,3,2011
53.800452648803606,4,2011
8.759884855817077,5,2011
