error,month,year
36.08156290078349,11,2013
4.13184687582844,12,2013
6.554020096183387,1,2014
7.870887598454789,2,2014
20.071992584618503,3,2014
1.0802957112804243,4,2014
5.3422060140418886,5,2014
47.45203021147602,6,2014
7.2291049661748525,7,2014
72.86736388707983,8,2014
54.13547440490289,9,2014
9.986277662683056,10,2014
