error,month,year
0.4481520343049184,1,2014
16.879977235583453,2,2014
21.977662816192552,3,2014
2.5180900478701886,4,2014
0.7917200712168757,5,2014
53.29077986511402,6,2014
14.639552614517164,7,2014
78.40639433971467,8,2014
60.72856729191342,9,2014
18.986641841646122,10,2014
20.542516615599613,11,2014
10.678418802040973,12,2014
