error,month,year
60.4930116684832,9,2014
18.87868966621965,10,2014
20.325562982063804,11,2014
10.89465109184016,12,2014
20.976777203203454,1,2015
1.1463900301600225,2,2015
7.318658710175098,3,2015
15.9346669329926,4,2015
21.551290470874424,5,2015
35.608102837313425,6,2015
9.592535083781707,7,2015
62.87230280165534,8,2015
