error,month,year
47.71659616731718,10,2010
15.279711706193845,11,2010
5.064993373516661,12,2010
35.72559782588459,1,2011
1.1032677999852112,2,2011
44.551143522013035,3,2011
38.43683273646872,4,2011
6.133424053416481,5,2011
42.40677081695976,6,2011
8.624623077580326,7,2011
50.13753526639793,8,2011
98.18076946819363,9,2011
