error,month,year
38.78047581182295,10,2007
47.918667475838184,11,2007
51.464870986063225,12,2007
76.13427999127317,1,2008
25.915637788085103,2,2008
7.64635489614372,3,2008
0.44947541524476253,4,2008
51.33321595351183,5,2008
178.48211245887268,6,2008
39.56022362337241,7,2008
70.20537754682347,8,2008
75.82411989706458,9,2008
