error,month,year
77.08778955898863,3,2010
66.76317449802221,4,2010
47.68390881793842,5,2010
124.73332921005472,6,2010
78.2719952466664,7,2010
96.99504093281057,8,2010
120.1615832749834,9,2010
100.71820036869177,10,2010
76.27357814360697,11,2010
59.61376958237608,12,2010
28.77737097432365,1,2011
58.69469767142488,2,2011
