error,month,year
10.649144527651174,2,2011
54.80019063775669,3,2011
52.884566719261905,4,2011
13.161342025554626,5,2011
61.56052544995811,6,2011
29.651089002949057,7,2011
66.87664478894158,8,2011
109.5228071442514,9,2011
71.07548540412516,10,2011
24.071290466081198,11,2011
1.9629781541649292,12,2011
17.515383256717982,1,2012
