error,month,year
45.23572952012906,8,2010
64.89598900542371,9,2010
37.67443582397709,10,2010
3.2891821826149417,11,2010
18.95532313096233,12,2010
52.26579044812056,1,2011
21.986736889340733,2,2011
25.01456690609899,3,2011
17.046223887821768,4,2011
23.83402177282413,5,2011
20.48980610254773,6,2011
7.306484233412664,7,2011
