error,month,year
0.6823833418852701,12,2010
28.01571081623379,1,2011
9.48648084967018,2,2011
52.999363281556604,3,2011
49.9892227481913,4,2011
7.191045777518281,5,2011
50.26965323987208,6,2011
20.42656523608237,7,2011
59.78831525582247,8,2011
106.71005157682863,9,2011
65.91373961951304,10,2011
17.176661326291892,11,2011
