error,month,year
22.813026854452925,3,2014
2.794033211034701,4,2014
2.756233862962482,5,2014
54.183943257623476,6,2014
15.230850383991823,7,2014
79.51972999548092,8,2014
61.45553899588073,9,2014
19.453547582653,10,2014
22.407829101921415,11,2014
9.127277080323594,12,2014
19.49184920769199,1,2015
0.4943847591933626,2,2015
