error,month,year
12.482885928063915,4,2008
47.87797414521724,5,2008
171.76822563844775,6,2008
29.901936881114963,7,2008
56.59735851835822,8,2008
56.025439993097585,9,2008
95.0094068195307,10,2008
59.65090279275438,11,2008
54.785090333275434,12,2008
33.92855394166499,1,2009
57.164221814840744,2,2009
33.92211719257701,3,2009
