error,month,year
83.65245776807595,5,2012
125.02166081456943,6,2012
108.43416173861172,7,2012
151.65961738430065,8,2012
149.4908480991902,9,2012
121.2862857283132,10,2012
119.30692353368556,11,2012
78.68076913089389,12,2012
73.35435849778834,1,2013
88.7707572052778,2,2013
131.40197080608937,3,2013
125.01019140829278,4,2013
