error,month,year
52.24231004688743,11,2007
52.558275217750904,12,2007
84.43163155273709,1,2008
48.160593962797115,2,2008
39.41204315781364,3,2008
32.87279546261293,4,2008
84.34891628881614,5,2008
209.32833601530587,6,2008
67.84519983477753,7,2008
94.83625572356165,8,2008
96.17737245282309,9,2008
139.54177177653344,10,2008
