error,month,year
106.01880393760977,10,2011
63.230740591691706,11,2011
49.646022115564136,12,2011
35.02106003239243,1,2012
85.48415084087554,2,2012
94.12538660015366,3,2012
93.88644039862896,4,2012
95.19470671054506,5,2012
137.94557902375288,6,2012
121.90473938895724,7,2012
165.58381519014438,8,2012
163.74519138723792,9,2012
