error,month,year
5.055011460024495,5,2015
64.82469571525978,6,2015
20.662620598327106,7,2015
97.00395362773986,8,2015
84.2421635824672,9,2015
39.63329748826815,10,2015
49.35551030974832,11,2015
17.531711297054766,12,2015
2.640371892315102,1,2016
18.36299059187414,2,2016
27.71989002913661,3,2016
25.626941028124737,4,2016
