error,month,year
82.82337960761602,8,2013
65.15288303744947,9,2013
28.964694085761213,10,2013
29.281993364553962,11,2013
2.362346435246934,12,2013
12.384862692523107,1,2014
2.889760706629634,2,2014
13.280758549608052,3,2014
9.408549604796681,4,2014
11.674246576652667,5,2014
40.192301367545305,6,2014
0.8604826799552523,7,2014
