error,month,year
10.50832438639116,1,2015
15.664718285025243,2,2015
11.836931732194676,3,2015
5.0959270913746915,4,2015
5.097950780900233,5,2015
52.379528005591,6,2015
4.458105976398805,7,2015
76.45702278748068,8,2015
59.87651973475957,9,2015
11.269773772840582,10,2015
22.465027502213744,11,2015
5.29668608709134,12,2015
