error,month,year
41.782635738566476,9,2009
8.84351989123929,10,2009
22.679949433555194,11,2009
51.87151748439896,12,2009
87.47554745744253,1,2010
74.99732523036491,2,2010
30.674796041215053,3,2010
42.481827200902856,4,2010
69.59102543654672,5,2010
6.220870926517173,6,2010
69.32741013934705,7,2010
62.744729158770454,8,2010
