error,month,year
22.82334251745305,11,2014
8.51219769734918,12,2014
17.077174322881447,1,2015
4.884131860344787,2,2015
9.30345719763466,3,2015
12.351629467539485,4,2015
16.216110786856255,5,2015
39.37379103675529,6,2015
3.953113344232092,7,2015
64.83660586383154,8,2015
51.57833546840217,9,2015
7.4553668341523185,10,2015
