error,month,year
84.7936113084487,2,2012
95.19383877078302,3,2012
93.70698845263009,4,2012
95.0430019471738,5,2012
134.62532246630914,6,2012
119.3095616215872,7,2012
162.41548819279353,8,2012
160.3232657531022,9,2012
131.91087416717596,10,2012
130.05196546297938,11,2012
88.96434925210914,12,2012
83.46814025684836,1,2013
