error,month,year
85.73060656545827,4,2012
86.68235559028611,5,2012
127.6897578347593,6,2012
110.95627423754034,7,2012
153.81939902209018,8,2012
151.3788243304166,9,2012
123.23350424464122,10,2012
121.31986758545902,11,2012
81.14304231288375,12,2012
76.93090783033108,1,2013
92.48859403859615,2,2013
137.11973475892722,3,2013
