error,month,year
28.43240352284652,7,2010
46.82300097041222,8,2010
69.02593514466778,9,2010
42.72544045404382,10,2010
8.312974826064778,11,2010
14.767620475754207,12,2010
49.51984822073454,1,2011
19.32076084547792,2,2011
31.76909065719796,3,2011
24.292885392882557,4,2011
20.021886671894514,5,2011
26.289899097066716,6,2011
