error,month,year
0.1048743827947156,5,2014
55.48343426631761,6,2014
13.375585564717431,7,2014
79.53175630567564,8,2014
61.10735986541663,9,2014
18.883956851713265,10,2014
21.228151504557754,11,2014
10.61841407024557,12,2014
20.646177315291602,1,2015
1.1246315094050967,2,2015
8.045311135095634,3,2015
17.40574226427944,4,2015
