error,month,year
91.95936353061842,5,2016
140.5551155645016,6,2016
144.09470393118872,7,2016
188.06244206135315,8,2016
179.97669721375075,9,2016
128.09188640369484,10,2016
153.56376499770718,11,2016
111.26171407971891,12,2016
106.16240499654636,1,2017
111.09029359856352,2,2017
139.10803199021223,3,2017
132.85513056613974,4,2017
