error,month,year
100.45633024862849,4,2016
110.91027170451393,5,2016
159.12296071651537,6,2016
161.78915635328144,7,2016
206.338405407854,8,2016
198.40545465130248,9,2016
144.72008129427437,10,2016
172.47722183567382,11,2016
130.81632711961703,12,2016
127.16150117507021,1,2017
133.504101056203,2,2017
176.64898047043602,3,2017
