error,month,year
48.61948458645976,12,2008
40.89422445073235,1,2009
55.865026427373344,2,2009
115.00850079527606,3,2009
100.98153533052206,4,2009
74.76671438231509,5,2009
119.72312771399768,6,2009
75.27285100129146,7,2009
95.02303034840234,8,2009
113.6123831250591,9,2009
95.98081432208923,10,2009
79.49139592755219,11,2009
