error,month,year
82.2701102505915,7,2012
125.49859496060142,8,2012
123.96501334631546,9,2012
98.42368496990808,10,2012
98.35704133256547,11,2012
58.394389997685316,12,2012
53.45689395585637,1,2013
66.13202936831517,2,2013
90.4742644702196,3,2013
82.87225317594798,4,2013
86.51707057996731,5,2013
139.4434326789323,6,2013
