error,month,year
13.575290068761033,7,2014
78.43505224973599,8,2014
60.00156532968065,9,2014
19.8898506569516,10,2014
22.2061997903405,11,2014
10.709265333223591,12,2014
22.25867786807065,1,2015
1.898396260483791,2,2015
10.870259794132492,3,2015
16.22561023598618,4,2015
21.22982718259428,5,2015
36.898455817906495,6,2015
