error,month,year
75.05538677121592,6,2013
46.83124568017925,7,2013
99.25368493191549,8,2013
81.1092796943514,9,2013
45.68511148974243,10,2013
45.38049700609704,11,2013
14.149967839849806,12,2013
5.070328945406266,1,2014
21.49183359678116,2,2014
29.40444755539433,3,2014
13.016676315253598,4,2014
14.885330790643167,5,2014
