error,month,year
10.735364456212412,2,2009
34.625928476225575,3,2009
15.737618357819136,4,2009
9.84029099733526,5,2009
38.464535508029186,6,2009
16.78723143922093,7,2009
6.500518618330299,8,2009
1.329594732489788,9,2009
36.641162434835145,10,2009
71.90382729247199,11,2009
106.9030415290811,12,2009
150.74827145068716,1,2010
