error,month,year
23.94863894863313,5,2009
77.81326318097683,6,2009
27.03825541546537,7,2009
33.01213550331977,8,2009
33.5207465282241,9,2009
1.23712929422493,10,2009
29.974103332385226,11,2009
59.21100682430835,12,2009
93.89951156110105,1,2010
85.80708151311583,2,2010
41.97773327177264,3,2010
51.2833868550266,4,2010
