error,month,year
28.16198740027973,7,2015
110.06099716249209,8,2015
103.49446555144958,9,2015
63.21149420838124,10,2015
79.05362422007647,11,2015
52.566874598489505,12,2015
35.6984751012759,1,2016
61.36578830263298,2,2016
49.60423143330964,3,2016
47.69672532154183,4,2016
65.0864852001934,5,2016
120.64088444529936,6,2016
