error,month,year
42.584802569045394,7,2011
86.28061343857864,8,2011
137.20503520838565,9,2011
98.91436438240292,10,2011
51.646549238794606,11,2011
31.336554705104753,12,2011
8.571932541764824,1,2012
49.32514490934335,2,2012
68.95590822854285,3,2012
68.83592818071418,4,2012
69.83216683564122,5,2012
111.85067006661198,6,2012
