error,month,year
45.62263116291765,10,2016
75.22462342526472,11,2016
40.85402553232976,12,2016
42.27658205856612,1,2017
47.01163649478632,2,2017
38.28470130589933,3,2017
27.083547290405363,4,2017
33.03445787397481,5,2017
82.15566118315017,6,2017
78.79027904932485,7,2017
130.03332044612176,8,2017
117.47611273460876,9,2017
