error,month,year
90.85994293509724,8,2011
140.7907556709592,9,2011
102.09472224480007,10,2011
55.08033039291079,11,2011
35.77127025242685,12,2011
14.898020391378195,1,2012
58.686520136541866,2,2012
74.84859272490922,3,2012
74.59073350311414,4,2012
76.61948327452853,5,2012
117.97861421527901,6,2012
104.75391771911457,7,2012
