error,month,year
130.83113446603707,1,2016
174.7636358215736,2,2016
140.04619803115276,3,2016
135.817452291538,4,2016
149.68538116784543,5,2016
200.2137131311085,6,2016
204.15834081619,7,2016
249.50476609603828,8,2016
241.7558391511309,9,2016
185.96447649443687,10,2016
212.62349685967706,11,2016
170.90661472991002,12,2016
