error,month,year
36.03370977997095,12,2012
31.59685871748323,1,2013
47.26183768433111,2,2013
50.259201489614746,3,2013
39.156141150657966,4,2013
42.19982579714609,5,2013
90.60402731146752,6,2013
61.62795461243386,7,2013
114.77210756109177,8,2013
97.54462548930452,9,2013
62.30014529945753,10,2013
62.76484755915657,11,2013
