error,month,year
34.95145173108655,4,2013
36.89980270323127,5,2013
83.25331498628883,6,2013
55.342341585442675,7,2013
107.50182010764613,8,2013
89.3234737320067,9,2013
52.927210705843954,10,2013
53.294911770278794,11,2013
22.782655320655323,12,2013
14.729166749710943,1,2014
31.649505383838523,2,2014
42.24938021174698,3,2014
