error,month,year
130.1829982127152,11,2015
122.76645121230366,12,2015
123.12370697956837,1,2016
165.21407811861687,2,2016
139.34741014758734,3,2016
133.38943290205052,4,2016
146.4690852242677,5,2016
197.60104241859798,6,2016
202.02067143157527,7,2016
246.3864839891934,8,2016
237.92635028165387,9,2016
182.79661756087188,10,2016
