error,month,year
104.92544685424518,7,2007
94.7188574631922,8,2007
95.37589821376791,9,2007
92.39270112404684,10,2007
109.97606124433409,11,2007
129.79096600662663,12,2007
194.88838339010115,1,2008
185.2979970930859,2,2008
147.91016904694314,3,2008
130.96683122130122,4,2008
172.175682509334,5,2008
288.55039974416536,6,2008
