error,month,year
75.10708455528338,1,2008
45.06331260753119,2,2008
39.86915658435168,3,2008
34.13947596904471,4,2008
84.47230794278494,5,2008
209.86431205689084,6,2008
69.56909621703838,7,2008
95.57378714065969,8,2008
96.88693744162073,9,2008
139.83732579043283,10,2008
103.47873170858296,11,2008
98.4191306401663,12,2008
