error,month,year
142.10838244040247,9,2011
105.4285577750223,10,2011
61.563478523067495,11,2011
46.21993508212152,12,2011
29.448874197093645,1,2012
76.83074079166138,2,2012
89.69692780981487,3,2012
89.0925479098735,4,2012
90.38933610083235,5,2012
130.75137787425996,6,2012
117.08335948197563,7,2012
160.52513149766662,8,2012
