error,month,year
168.63793148718872,2,2016
127.07846736649584,3,2016
121.15851495351019,4,2016
133.20029749089414,5,2016
181.9214711451749,6,2016
186.00752161847626,7,2016
228.90658871322228,8,2016
221.09308209479255,9,2016
169.01969359413903,10,2016
194.7113171551728,11,2016
153.32663269611285,12,2016
149.25501541139081,1,2017
