error,month,year
129.50367830595155,8,2016
122.95650412247991,9,2016
76.06103646578241,10,2016
101.68930344390677,11,2016
63.451313829947175,12,2016
61.427378480595856,1,2017
63.304826430422104,2,2017
58.92046493888696,3,2017
49.704095214579255,4,2017
60.63098887616466,5,2017
114.61369099473836,6,2017
115.66324622185152,7,2017
