error,month,year
144.54159826320537,10,2008
126.05214116351128,11,2008
128.62794394048382,12,2008
122.42575827367979,1,2009
145.72727539943904,2,2009
190.97433543484402,3,2009
182.9231054839606,4,2009
166.78835427141797,5,2009
233.0070988158764,6,2009
207.0403623994876,7,2009
245.4399333097004,8,2009
281.0920619152375,9,2009
