error,month,year
0.6857750451059701,4,2015
2.547947688679013,5,2015
62.308977390402994,6,2015
15.677744062075947,7,2015
88.67464190853225,8,2015
73.98743882955901,9,2015
25.879191217767662,10,2015
34.374850947874194,11,2015
5.2981428576224685,12,2015
10.311762115290962,1,2016
17.267790636835166,2,2016
16.148087624051065,3,2016
