error,month,year
112.23842451427629,8,2015
110.62927020496458,9,2015
77.51476254909132,10,2015
99.87777146615616,11,2015
80.57294888277143,12,2015
68.2123696034854,1,2016
97.31691903999833,2,2016
75.8463524339096,3,2016
71.93159802797507,4,2016
87.70547166672804,5,2016
141.82519174440776,6,2016
148.13318221390472,7,2016
