error,month,year
18.60904925162928,3,2007
14.820368809287345,4,2007
16.892746612834788,5,2007
55.94859687266936,6,2007
96.52708309253416,7,2007
76.26859767260277,8,2007
67.19227903094702,9,2007
48.25195280231125,10,2007
42.89372773322635,11,2007
28.793734582669607,12,2007
30.6869010968485,1,2008
22.962585600393385,2,2008
