error,month,year
90.22016369496015,9,2012
62.92334162815408,10,2012
62.717129146039284,11,2012
25.14738595797529,12,2012
23.98574638839336,1,2013
40.552822100617206,2,2013
45.05456029052237,3,2013
35.8923554843028,4,2013
37.09456085547076,5,2013
83.86038996856064,6,2013
52.770980243623846,7,2013
105.70530511037364,8,2013
