error,month,year
178.22198252752847,8,2008
181.21533469653266,9,2008
217.6325112928777,10,2008
191.10669805745368,11,2008
187.819082901424,12,2008
174.20658632560668,1,2009
188.09131329709567,2,2009
250.6496626306082,3,2009
252.3482242193792,4,2009
249.54363176518694,5,2009
329.9712126321336,6,2009
316.49789090306126,7,2009
