error,month,year
27.54515615887718,1,2013
41.9543025614102,2,2013
47.64782600552265,3,2013
35.95512396063637,4,2013
37.90376473944475,5,2013
85.25378024645161,6,2013
56.67231077102066,7,2013
108.21630057731446,8,2013
91.45486749170091,9,2013
56.20557979257887,10,2013
56.033083349984466,11,2013
25.202848551755324,12,2013
