error,month,year
15.642973219355076,8,2009
16.894090858208052,9,2009
17.789248519729306,10,2009
49.604775645675495,11,2009
78.85168591820369,12,2009
114.34857271775259,1,2010
102.91739564008802,2,2010
58.21278146525722,3,2010
75.17943226687987,4,2010
108.51859039716663,5,2010
47.062721693104365,6,2010
113.35326763361414,7,2010
