error,month,year
123.25606889409107,12,2015
126.4922105030042,1,2016
171.2623097117306,2,2016
145.09732062819845,3,2016
141.04278213109163,4,2016
154.90202747609214,5,2016
205.85841499243423,6,2016
210.2488296697653,7,2016
253.59118929521645,8,2016
244.60218789854855,9,2016
191.3409977788369,10,2016
216.26988222538185,11,2016
