error,month,year
16.419546314193724,2,2015
15.788422963668832,3,2015
3.0890807606699653,4,2015
4.117341526690776,5,2015
55.09606310903508,6,2015
4.151712664457044,7,2015
80.47714184212053,8,2015
63.13650167661809,9,2015
13.117040235252965,10,2015
23.219412314257532,11,2015
4.605679365874484,12,2015
19.544264731265816,1,2016
