error,month,year
35.28473749226402,5,2013
81.01713520387503,6,2013
52.257177852953475,7,2013
104.95828394947188,8,2013
88.02505207167036,9,2013
52.37166783058135,10,2013
51.51844746423871,11,2013
20.073629162496943,12,2013
10.779081005579428,1,2014
26.019510274637085,2,2014
40.83567858290833,3,2014
22.69678927847801,4,2014
