error,month,year
13.530578745768047,2,2007
21.371928079064343,3,2007
20.92806831475945,4,2007
27.05009032149889,5,2007
70.2943939862346,6,2007
115.03163285384966,7,2007
97.50623879539629,8,2007
89.82256275845795,9,2007
71.09589554439273,10,2007
65.62665398813579,11,2007
51.93716842122372,12,2007
50.086280234148596,1,2008
