error,month,year
65.3044149958326,11,2016
31.812817999528125,12,2016
34.63009138734536,1,2017
40.45119017574622,2,2017
32.062368016609504,3,2017
22.34569443414677,4,2017
27.867320170541028,5,2017
75.02459279251593,6,2017
69.76634695567257,7,2017
117.62969620258059,8,2017
103.26572083121584,9,2017
39.18019797869074,10,2017
