error,month,year
26.24317830639832,4,2009
1.1405473917409203,5,2009
52.7394005407134,6,2009
0.045990423924619606,7,2009
5.947854500188793,8,2009
6.821474728434694,9,2009
28.918991122512487,10,2009
62.401456623467645,11,2009
93.6294463282768,12,2009
131.73384797165386,1,2010
124.67884627979404,2,2010
79.66743351717784,3,2010
