error,month,year
35.538683869951775,7,2013
87.45701174154634,8,2013
69.72286669248601,9,2013
33.46047436954889,10,2013
33.81547753557735,11,2013
2.556215653533989,12,2013
6.872231371989753,1,2014
8.37633647729098,2,2014
17.078108303945545,3,2014
3.5752551699854145,4,2014
4.278024563470808,5,2014
48.23108270809036,6,2014
