error,month,year
3.1803967505970867,4,2014
3.016046599298175,5,2014
52.710593549783475,6,2014
15.548180653728943,7,2014
78.2796814109777,8,2014
61.37449830277458,9,2014
21.01532798752968,10,2014
21.49041092023911,11,2014
9.68283814854022,12,2014
20.69285315802036,1,2015
0.01846824746134601,2,2015
9.062691640286165,3,2015
