error,month,year
107.44175331012444,9,2016
57.69920943054656,10,2016
88.89165829188099,11,2016
52.095415085006934,12,2016
51.50277263879546,1,2017
55.31618429971167,2,2017
47.80409657608202,3,2017
35.20238984698218,4,2017
42.67978391283499,5,2017
96.10199017009836,6,2017
94.13254914020864,7,2017
150.9659956293,8,2017
