error,month,year
53.82876008223448,6,2014
16.407219142422406,7,2014
76.7154098735076,8,2014
59.88995356340497,9,2014
20.1737751672402,10,2014
21.411527282047476,11,2014
9.612104441535582,12,2014
19.404524233985704,1,2015
0.2350002097836974,2,2015
6.514909690570486,3,2015
16.069256919416993,4,2015
19.27721466495482,5,2015
