error,month,year
44.460157074272296,6,2007
76.83999187391707,7,2007
55.99979839270088,8,2007
49.19232279456127,9,2007
36.400040379267075,10,2007
38.9958024530379,11,2007
36.093632130170064,12,2007
55.834777333504974,1,2008
47.2145923361604,2,2008
19.13602157636076,3,2008
15.580767041236301,4,2008
66.462142902972,5,2008
