error,month,year
80.9624234912547,6,2009
29.73567882672822,7,2009
37.52759838798583,8,2009
40.13236443261995,9,2009
5.031412327544193,10,2009
27.58428826274836,11,2009
56.34452032951135,12,2009
90.39801531353987,1,2010
77.69633335537941,2,2010
36.165498042282074,3,2010
44.949016979215116,4,2010
69.19639118722755,5,2010
