error,month,year
19.3059274247041,11,2010
0.248633867481054,12,2010
29.55056330518075,1,2011
6.683307555634958,2,2011
50.361249144116314,3,2011
47.06114019849772,4,2011
4.714787165603006,5,2011
50.564781991692925,6,2011
15.280628518526257,7,2011
56.57231746792121,8,2011
104.63050045513715,9,2011
64.67117338959311,10,2011
