error,month,year
16.912947268616016,3,2015
0.2862683340952721,4,2015
0.009377667313309246,5,2015
58.471644712455074,6,2015
9.84460388404828,7,2015
82.32586154484969,8,2015
66.78739046865255,9,2015
18.47219860402456,10,2015
27.918089187203694,11,2015
0.022466442503258573,12,2015
14.486677762342453,1,2016
14.391681437677086,2,2016
