error,month,year
119.79608432663031,3,2016
109.71628293533821,4,2016
118.14911642441507,5,2016
165.1262877335385,6,2016
165.27187448485046,7,2016
210.7965479844819,8,2016
202.2781990415952,9,2016
147.48991151902584,10,2016
177.86488710352143,11,2016
137.18244903028966,12,2016
134.26883814285557,1,2017
143.46107264170863,2,2017
