error,month,year
41.01465394617759,5,2010
108.67763008976476,6,2010
62.27501117700618,7,2010
81.14149233943272,8,2010
106.19410888282977,9,2010
85.46474107542484,10,2010
57.458578141596185,11,2010
39.445077473315344,12,2010
6.626557613432716,1,2011
40.144296068527275,2,2011
82.69888998844678,3,2011
77.40691466747883,4,2011
