error,month,year
114.90679111167893,9,2015
86.90519858411238,10,2015
115.86781240330969,11,2015
103.80951504964035,12,2015
97.32333107794413,1,2016
132.3782427127189,2,2016
105.84466544471913,3,2016
100.19851901517113,4,2016
114.15373131110596,5,2016
166.5917820689042,6,2016
171.70570076069396,7,2016
217.22994559806614,8,2016
