error,month,year
40.77671317871986,10,2009
13.669477334522927,11,2009
11.705920376049454,12,2009
43.804338559331185,1,2010
24.441248514343282,2,2010
17.23367915588788,3,2010
3.9558281279746117,4,2010
17.998784009791674,5,2010
52.95331406240882,6,2010
3.8075127366427592,7,2010
11.146206232268534,8,2010
28.867824458420657,9,2010
