error,month,year
79.10002438765818,8,2014
59.936920144251395,9,2014
17.162913064228125,10,2014
20.613951567910807,11,2014
10.246714022706882,12,2014
19.364862237187353,1,2015
2.1294192212274634,2,2015
5.6302493778089095,3,2015
17.36399107541414,4,2015
20.93671388396954,5,2015
36.99190336576058,6,2015
8.558257399761736,7,2015
