error,month,year
15.092138560899489,2,2014
21.958706383756873,3,2014
2.8978366688269617,4,2014
2.6961954174888803,5,2014
53.37011173778736,6,2014
14.323043312723208,7,2014
78.13434611794999,8,2014
60.10722946636898,9,2014
20.056022465815893,10,2014
22.409025424037317,11,2014
10.020893983498095,12,2014
20.68653880407318,1,2015
