error,month,year
27.833326910952536,1,2011
9.198985259242525,2,2011
52.926037477539644,3,2011
51.38628056242725,4,2011
5.257573192978568,5,2011
54.77195574270853,6,2011
19.317835790317357,7,2011
60.60494488710528,8,2011
107.97116538724572,9,2011
66.73526387179713,10,2011
18.06795222640557,11,2011
3.520533468394888,12,2011
