error,month,year
7.881982083689457,12,2013
1.114424980951945,1,2014
15.587506641248273,2,2014
21.608797050640245,3,2014
1.875559120090745,4,2014
0.06812262321287578,5,2014
52.88289520529246,6,2014
13.78817646099644,7,2014
77.75098309699612,8,2014
59.91920564868488,9,2014
17.620162183541446,10,2014
18.93736273309866,11,2014
