error,month,year
33.02318366529366,10,2013
32.60223011298923,11,2013
0.10817847214885036,12,2013
9.805927158642682,1,2014
5.944829988197827,2,2014
16.974134749510046,3,2014
4.956302672880998,4,2014
8.359213525845636,5,2014
43.827156139673065,6,2014
4.342620684055138,7,2014
67.75588958717924,8,2014
48.23246055170008,9,2014
