error,month,year
44.66844920621521,5,2008
161.7216733416577,6,2008
18.054315386506513,7,2008
42.67098740566095,8,2008
39.87641379483687,9,2008
76.32882360958833,10,2008
32.02052638409873,11,2008
28.7501203631458,12,2008
9.455605265839957,1,2009
33.019841197644645,2,2009
4.5216918389764365,3,2009
28.028143272290823,4,2009
