error,month,year
153.38850195962212,9,2008
192.82684483676988,10,2008
156.07676992106056,11,2008
154.1985583594594,12,2008
147.41938230993358,1,2009
162.5209930030181,2,2009
209.43898131580804,3,2009
207.4082191252685,4,2009
201.62803830869382,5,2009
279.1349589975468,6,2009
262.30438436232123,7,2009
309.4475806135224,8,2009
