error,month,year
59.85896002793444,3,2011
56.882265571388814,4,2011
15.986040255863069,5,2011
65.78290185702677,6,2011
30.912426362481323,7,2011
71.72888274430103,8,2011
119.3758812371382,9,2011
77.7264572093672,10,2011
27.305015135181737,11,2011
4.939193106634646,12,2011
17.563727767682273,1,2012
24.427910879255496,2,2012
