error,month,year
3.5186159514982553,1,2007
19.773954035317107,2,2007
38.79376610830396,3,2007
144.45970697985453,4,2007
60.02258222337303,5,2007
116.69532135072113,6,2007
68.5622248014656,7,2007
155.3046871126003,8,2007
50.91505159129467,9,2007
111.3320946109103,10,2007
27.02171870219509,11,2007
10.08000140561343,12,2007
