error,month,year
14.639011751130571,7,2009
18.89160249973253,8,2009
21.37224704729185,9,2009
12.445122223911625,10,2009
44.15351492102815,11,2009
73.26783444710277,12,2009
109.25038050688907,1,2010
98.59897114352005,2,2010
51.576620698727595,3,2010
67.80303223878971,4,2010
97.96827674843044,5,2010
39.92748561786494,6,2010
