error,month,year
46.25187914784825,3,2008
40.309477522442506,4,2008
88.24758053416862,5,2008
210.271866002839,6,2008
66.27476263857358,7,2008
92.75839660297649,8,2008
95.754879563343,9,2008
140.51064770686267,10,2008
105.95195427506823,11,2008
101.83573240624901,12,2008
80.23298294772263,1,2009
97.86352571913359,2,2009
