error,month,year
63.85036200276862,11,2011
48.9146075243758,12,2011
31.184635010428305,1,2012
79.72073361059206,2,2012
93.27320625501369,3,2012
92.05416885173813,4,2012
93.58052953265074,5,2012
134.92740090023236,6,2012
120.00879203578334,7,2012
163.70037163075315,8,2012
162.0903271668314,9,2012
134.24885970578057,10,2012
