error,month,year
22.581042765325193,2,2010
76.09547108867827,3,2010
63.537758510739685,4,2010
43.89414338527171,5,2010
111.75013127683123,6,2010
65.99960801041597,7,2010
87.63926828374704,8,2010
113.92187694560869,9,2010
93.18114858543171,10,2010
65.03327749358293,11,2010
46.11977540865222,12,2010
12.788633414857356,1,2011
