error,month,year
41.67745648996825,9,2007
49.240261730311936,10,2007
61.891639449322426,11,2007
66.6434886115661,12,2007
82.47164707836454,1,2008
14.570929522460554,2,2008
12.591290308069643,3,2008
7.938611047963982,4,2008
60.34279494501193,5,2008
186.29853117130193,6,2008
46.170419334318,7,2008
75.83167896207192,8,2008
