error,month,year
61.064380878341076,4,2010
39.96103605260862,5,2010
115.51795271936452,6,2010
66.48818828745017,7,2010
84.9794691227799,8,2010
109.29725725823687,9,2010
89.07798483453352,10,2010
62.786534601105565,11,2010
46.227775107779436,12,2010
14.41387531116596,1,2011
45.19338094823742,2,2011
90.9693235478105,3,2011
