error,month,year
40.00130241876537,2,2013
45.04881584008869,3,2013
33.429805598924716,4,2013
35.67291821948821,5,2013
82.34083773099309,6,2013
55.69859358295183,7,2013
106.23100453193639,8,2013
87.16063086549038,9,2013
52.154958733296795,10,2013
51.572695373342036,11,2013
20.726398009125603,12,2013
12.801204934193134,1,2014
