error,month,year
113.75241574293248,6,2012
99.50159364804081,7,2012
141.8655799124234,8,2012
139.8210174136487,9,2012
113.01748744512828,10,2012
111.39342452467014,11,2012
70.83416699426269,12,2012
65.32481452499528,1,2013
78.57749551754283,2,2013
112.41234217817212,3,2013
107.51413073805307,4,2013
113.3219459635511,5,2013
