error,month,year
97.67419680810787,11,2008
98.8335602183443,12,2008
95.08948718486737,1,2009
119.92560278801237,2,2009
167.80720535660896,3,2009
156.9451432313039,4,2009
136.35456291514538,5,2009
193.4203181081737,6,2009
160.05289686120318,7,2009
191.829868130297,8,2009
223.02382747968238,9,2009
217.37122180891689,10,2009
