error,month,year
19.929918059850024,11,2009
4.97489997478181,12,2009
35.860839455568644,1,2010
15.88535717745334,2,2010
25.302904972179434,3,2010
11.427156465871484,4,2010
10.57708724696369,5,2010
62.272419441567365,6,2010
7.645122688702173,7,2010
23.525896224942787,8,2010
41.79027345547068,9,2010
14.73173908473931,10,2010
