error,month,year
110.5783650122732,8,2012
109.98911023281313,9,2012
83.34190727685593,10,2012
85.02843899436039,11,2012
46.86064621250681,12,2012
43.77998399866652,1,2013
62.94630078079731,2,2013
70.09261850335125,3,2013
62.361593822535184,4,2013
67.49469949440896,5,2013
117.51662563544576,6,2013
89.95160525066473,7,2013
