error,month,year
18.67224734669827,2,2008
27.68409527619347,3,2008
25.711351228114157,4,2008
75.39034971663698,5,2008
197.39719387820182,6,2008
52.27759536981728,7,2008
75.36928257285588,8,2008
74.3302083062688,9,2008
119.75637911100809,10,2008
87.3400161418557,11,2008
85.23537176031607,12,2008
67.15373597521446,1,2009
