error,month,year
7.497914006812646,12,2014
14.927449795242124,1,2015
11.51970888896128,2,2015
11.744471614711616,3,2015
8.609106026203277,4,2015
12.246482460218498,5,2015
45.78927686560329,6,2015
2.1823621342675668,7,2015
71.9271318937445,8,2015
55.71563155475216,9,2015
8.579176576544457,10,2015
19.014464157928586,11,2015
