error,month,year
33.137837331691955,3,2009
9.213634940990074,4,2009
17.587534506143705,5,2009
31.042508419461424,6,2009
20.504466366384854,7,2009
14.608814399762116,8,2009
12.229145668495354,9,2009
48.74596444436165,10,2009
84.18973942112503,11,2009
119.44568682512195,12,2009
163.6276482426386,1,2010
164.31544270955297,2,2010
