error,month,year
65.12569356498494,10,2012
65.25630290299141,11,2012
27.06215340086809,12,2012
25.164946488127583,1,2013
42.4060280421227,2,2013
47.745932224151346,3,2013
38.41954851010174,4,2013
39.157416077145726,5,2013
87.17375601718244,6,2013
54.25501998483809,7,2013
110.55529295231571,8,2013
90.37213006888364,9,2013
