error,month,year
19.31564534861776,5,2011
70.046955214749,6,2011
37.132536523394094,7,2011
79.44732910785855,8,2011
127.7683923819918,9,2011
86.46802891481144,10,2011
36.549631993776934,11,2011
13.830910287592936,12,2011
9.544002323948988,1,2012
32.51217284305936,2,2012
55.04949183068621,3,2012
53.64104793338061,4,2012
