error,month,year
20.048424217941786,10,2014
21.95923684246296,11,2014
10.30675982503992,12,2014
20.064083022296828,1,2015
2.61908815680202,2,2015
9.365805801605152,3,2015
14.609943535379132,4,2015
19.865494778707443,5,2015
37.675207349822976,6,2015
8.348884481114396,7,2015
64.77313505982332,8,2015
51.549213779799615,9,2015
