error,month,year
76.9385533698251,6,2011
43.064512245334996,7,2011
86.40816116048236,8,2011
136.89604793694534,9,2011
98.25932169774583,10,2011
50.30157578259833,11,2011
28.51243639637454,12,2011
5.214397391371627,1,2012
44.7896543413753,2,2012
67.89438060249115,3,2012
67.8146860049977,4,2012
68.2167966122774,5,2012
