error,month,year
41.44218700799338,8,2007
43.91376714692045,9,2007
46.611433587900116,10,2007
51.53165995287199,11,2007
51.36743149775162,12,2007
71.66603385806907,1,2008
12.249829363054381,2,2008
3.468744416015582,3,2008
11.813777410328633,4,2008
39.76524366117255,5,2008
165.11866784003212,6,2008
27.04044234757225,7,2008
