error,month,year
90.419674539096,10,2015
124.30319724168413,11,2015
117.55993171169384,12,2015
118.95247052360074,1,2016
160.53502748826963,2,2016
131.84884570082505,3,2016
126.55766770338852,4,2016
139.40120470492212,5,2016
190.18437705355848,6,2016
194.37394054924442,7,2016
238.29933064956782,8,2016
229.86666326548297,9,2016
