error,month,year
1.9457148182881312,1,2010
20.179965135008345,2,2010
71.31272346665102,3,2010
59.3180009017188,4,2010
35.254616983149354,5,2010
110.09676019188451,6,2010
61.189070034724026,7,2010
79.57878845746248,8,2010
105.24491235568092,9,2010
85.23070928563834,10,2010
57.71122891066975,11,2010
38.68341883098039,12,2010
