error,month,year
45.16456388738604,12,2007
90.88478095211036,1,2008
44.33660753819956,2,2008
40.29362926723255,3,2008
36.088455954772975,4,2008
87.60417980378395,5,2008
213.04797040251157,6,2008
71.45172930335161,7,2008
97.93141265694031,8,2008
99.41594098243021,9,2008
142.6204589159654,10,2008
106.50091381358271,11,2008
