error,month,year
68.60118114755983,6,2015
27.143228302174286,7,2015
104.10559903090305,8,2015
93.19643463209309,9,2015
49.8774302169826,10,2015
61.423305106001145,11,2015
31.567125128404196,12,2015
13.942778411163411,1,2016
38.35492303065871,2,2016
34.44140043195133,3,2016
33.07878691731133,4,2016
50.76726171062467,5,2016
