error,month,year
47.02900492010523,3,2013
36.0896219256376,4,2013
38.716163525083815,5,2013
85.44556622436545,6,2013
58.25183917395806,7,2013
109.28649839955857,8,2013
90.23406310095444,9,2013
54.92827240205111,10,2013
54.85524397641634,11,2013
24.90471140226468,12,2013
17.945028850326732,1,2014
36.071724003878174,2,2014
