error,month,year
120.49485201398865,6,2016
124.52942073287471,7,2016
171.77533334919406,8,2016
164.63676521227762,9,2016
109.5689165726564,10,2016
137.92783005549126,11,2016
94.37220541755178,12,2016
89.09665247004202,1,2017
92.208587991388,2,2017
110.13444798886377,3,2017
102.15912892243759,4,2017
116.81622418389068,5,2017
