error,month,year
4.606610635359941,1,2009
13.27002531326503,2,2009
83.4764994848383,3,2009
67.19960579919167,4,2009
39.01347780243546,5,2009
79.76689617473772,6,2009
30.794973846275038,7,2009
44.52890477932728,8,2009
55.507770433528826,9,2009
29.227718627201174,10,2009
4.515548163878019,11,2009
20.055236467504347,12,2009
