error,month,year
68.3357721607938,9,2013
32.703813926434414,10,2013
31.767439502014287,11,2013
0.6379575233416048,12,2013
8.506701481156199,1,2014
7.27148881876866,2,2014
15.292979047621046,3,2014
5.608110090701962,4,2014
7.299241573739419,5,2014
45.421447657512395,6,2014
4.67300818301365,7,2014
67.14424737628482,8,2014
