error,month,year
94.13282895178055,3,2012
91.49249362508706,4,2012
91.1454115288159,5,2012
130.00379863872638,6,2012
114.06502217580528,7,2012
157.59404975824586,8,2012
155.23248433348837,9,2012
127.06884591382622,10,2012
125.76330435828821,11,2012
85.0922820830961,12,2012
80.66651706167373,1,2013
96.84438200883505,2,2013
