error,month,year
0.10809607038090617,4,2007
4.154318350462482,5,2007
27.14368287591232,6,2007
59.340064850472146,7,2007
32.08780937416049,8,2007
17.557127853939615,9,2007
5.523033951401984,10,2007
11.860048748980033,11,2007
25.260383000745467,12,2007
23.90468897816483,1,2008
13.506584543904932,2,2008
32.081080785425414,3,2008
