error,month,year
16.291534829399772,12,2009
17.260936475462866,1,2010
2.216976342839473,2,2010
52.403845790741386,3,2010
43.57986288109678,4,2010
18.033221612054195,5,2010
86.12582444864417,6,2010
36.615858585230576,7,2010
57.48432248702913,8,2010
82.31879959178356,9,2010
57.572539091107004,10,2010
25.87836878749482,11,2010
