error,month,year
47.97346462021676,12,2011
34.00383489256782,1,2012
84.27306315078123,2,2012
101.72048804451887,3,2012
102.04326645439508,4,2012
103.79035382473002,5,2012
145.56339910822953,6,2012
130.19859266343187,7,2012
173.36003759246015,8,2012
171.01292434243078,9,2012
142.15700115064467,10,2012
139.62703264336668,11,2012
